{
  "format_version": "1.10.0",
  "minecraft:block": {
    "description": {
      "identifier": "raigen:cinder_block_polished",
      "is_experimental": false,
      "register_to_creative_menu": true
    },
    "components": {
      "minecraft:loot": {
        "table": "loot_tables/recycle_craft/blocks/cinder_block_polished.json"
      },
      "minecraft:destroy_time": {
        "value": 7.5
      },
      "minecraft:explosion_resistance": {
        "value": 30.0
      },
       "minecraft:map_color": {
        "color": "#6e5341"
      }
    }
  }
}