{
	"format_version": "1.12.0",
	"minecraft:geometry": [
		{
			"description": {
				"identifier": "geometry.b12",
				"texture_width": 32,
				"texture_height": 32,
				"visible_bounds_width": 5,
				"visible_bounds_height": 4,
				"visible_bounds_offset": [0, 1, 0]
			},
			"bones": [
				{
					"name": "bone",
					"pivot": [-5, 17, -2]
				},
				{
					"name": "bone2",
					"parent": "bone",
					"pivot": [-5, 17, -2],
					"rotation": [-65, 0, 0],
					"cubes": [
						{
							"origin": [5, 9.75, -3.75],
							"size": [0.25, 0.5, 14],
							"pivot": [5.75, 9.25, 8],
							"rotation": [-25, 0, 0],
							"uv": {
								"north": {"uv": [22, 11], "uv_size": [1, 1]},
								"east": {"uv": [4, 8], "uv_size": [14, 1]},
								"south": {"uv": [22, 18], "uv_size": [1, 1]},
								"west": {"uv": [4, 9], "uv_size": [14, 1]},
								"up": {"uv": [4, 10], "uv_size": [1, 14]},
								"down": {"uv": [5, 24], "uv_size": [1, -14]}
							}
						},
						{
							"origin": [5, 10, 9.5],
							"size": [0.25, 0.25, 4.75],
							"pivot": [5.75, 9.5, 8],
							"rotation": [-30, 0, 0],
							"uv": {
								"north": {"uv": [22, 21], "uv_size": [1, 1]},
								"east": {"uv": [19, 19], "uv_size": [5, 1]},
								"south": {"uv": [20, 23], "uv_size": [1, 1]},
								"west": {"uv": [19, 0], "uv_size": [5, 1]},
								"up": {"uv": [19, 1], "uv_size": [1, 5]},
								"down": {"uv": [6, 25], "uv_size": [1, -5]}
							}
						},
						{
							"origin": [5, 9.25, -3.75],
							"size": [0.25, 0.25, 11.25],
							"pivot": [5.75, 9.25, 8],
							"rotation": [-25, 0, 0],
							"uv": {
								"north": {"uv": [23, 23], "uv_size": [1, 1]},
								"east": {"uv": [10, 10], "uv_size": [11, 1]},
								"south": {"uv": [23, 1], "uv_size": [1, 1]},
								"west": {"uv": [10, 11], "uv_size": [11, 1]},
								"up": {"uv": [10, 12], "uv_size": [1, 11]},
								"down": {"uv": [11, 23], "uv_size": [1, -11]}
							}
						},
						{
							"origin": [4.75, 14.25, -10.5],
							"size": [0.75, 1.25, 8.5],
							"pivot": [5.5, 14.5, -3],
							"rotation": [-27.5, 0, 0],
							"uv": {
								"north": {"uv": [23, 2], "uv_size": [1, 1]},
								"east": {"uv": [14, 14], "uv_size": [9, 1]},
								"south": {"uv": [23, 4], "uv_size": [1, 1]},
								"west": {"uv": [14, 15], "uv_size": [9, 1]},
								"up": {"uv": [14, 16], "uv_size": [1, 9]},
								"down": {"uv": [15, 25], "uv_size": [1, -9]}
							}
						},
						{
							"origin": [4.75, 14.25, -13.5],
							"size": [0.75, 0.5, 3],
							"pivot": [5.5, 14.5, -3],
							"rotation": [-27.5, 0, 0],
							"uv": {
								"north": {"uv": [23, 5], "uv_size": [1, 1]},
								"east": {"uv": [19, 18], "uv_size": [3, 1]},
								"south": {"uv": [23, 6], "uv_size": [1, 1]},
								"west": {"uv": [17, 20], "uv_size": [3, 1]},
								"up": {"uv": [20, 20], "uv_size": [1, 3]},
								"down": {"uv": [20, 4], "uv_size": [1, -3]}
							}
						},
						{
							"origin": [4, 13.7, -2.75],
							"size": [2.25, 2.5, 0.25],
							"pivot": [5.5, 14.5, -3],
							"rotation": [-27.5, 0, 0],
							"uv": {
								"north": {"uv": [6, 17], "uv_size": [2, 3]},
								"east": {"uv": [20, 4], "uv_size": [1, 3]},
								"south": {"uv": [8, 17], "uv_size": [2, 3]},
								"west": {"uv": [17, 21], "uv_size": [1, 3]},
								"up": {"uv": [20, 7], "uv_size": [2, 1]},
								"down": {"uv": [21, 5], "uv_size": [2, -1]}
							}
						}
					]
				},
				{
					"name": "bone3",
					"parent": "bone",
					"pivot": [-3, -9.75, -9.5],
					"rotation": [0, 0, -90],
					"cubes": [
						{
							"origin": [6.5, -10.75, -8.75],
							"size": [1, 2, 2.5],
							"pivot": [7.5, -9.75, -9.5],
							"rotation": [45, 0, 0],
							"uv": {
								"north": {"uv": [21, 5], "uv_size": [1, 2]},
								"east": {"uv": [16, 18], "uv_size": [3, 2]},
								"south": {"uv": [21, 8], "uv_size": [1, 2]},
								"west": {"uv": [18, 8], "uv_size": [3, 2]},
								"up": {"uv": [18, 21], "uv_size": [1, 3]},
								"down": {"uv": [19, 24], "uv_size": [1, -3]}
							}
						},
						{
							"origin": [6.75, -10.75, -6.75],
							"size": [0.5, 1.75, 0.75],
							"pivot": [7.5, -9.75, -9.5],
							"rotation": [45, 0, 0],
							"uv": {
								"north": {"uv": [21, 10], "uv_size": [1, 2]},
								"east": {"uv": [22, 22], "uv_size": [1, 2]},
								"south": {"uv": [22, 1], "uv_size": [1, 2]},
								"west": {"uv": [22, 5], "uv_size": [1, 2]},
								"up": {"uv": [23, 7], "uv_size": [1, 1]},
								"down": {"uv": [23, 9], "uv_size": [1, -1]}
							}
						},
						{
							"origin": [6.5, -10.25, -8.25],
							"size": [1, 2.5, 18.5],
							"pivot": [7.5, -9.5, -7.25],
							"rotation": [-22.5, 0, 0],
							"uv": {
								"north": {"uv": [21, 21], "uv_size": [1, 3]},
								"east": {"uv": [0, 0], "uv_size": [19, 3]},
								"south": {"uv": [21, 1], "uv_size": [1, 3]},
								"west": {"uv": [0, 3], "uv_size": [19, 3]},
								"up": {"uv": [0, 6], "uv_size": [1, 19]},
								"down": {"uv": [1, 25], "uv_size": [1, -19]}
							}
						},
						{
							"origin": [6.25, -10, 2.5],
							"size": [1.5, 0.5, 6.5],
							"pivot": [7.5, -9.5, -7.25],
							"rotation": [-22.5, 0, 0],
							"uv": {
								"north": {"uv": [21, 20], "uv_size": [2, 1]},
								"east": {"uv": [16, 16], "uv_size": [7, 1]},
								"south": {"uv": [22, 3], "uv_size": [2, 1]},
								"west": {"uv": [16, 17], "uv_size": [7, 1]},
								"up": {"uv": [6, 10], "uv_size": [2, 7]},
								"down": {"uv": [8, 17], "uv_size": [2, -7]}
							}
						},
						{
							"origin": [6.75, -10.5, -6.25],
							"size": [0.5, 0.25, 11.25],
							"pivot": [7.5, -9.5, -7.25],
							"rotation": [-22.5, 0, 0],
							"uv": {
								"north": {"uv": [23, 9], "uv_size": [1, 1]},
								"east": {"uv": [12, 12], "uv_size": [11, 1]},
								"south": {"uv": [23, 10], "uv_size": [1, 1]},
								"west": {"uv": [12, 13], "uv_size": [11, 1]},
								"up": {"uv": [12, 14], "uv_size": [1, 11]},
								"down": {"uv": [13, 25], "uv_size": [1, -11]}
							}
						},
						{
							"origin": [6.75, -10, 9.5],
							"size": [0.5, 2, 1],
							"pivot": [7.5, -9.5, -7.25],
							"rotation": [-22.5, 0, 0],
							"uv": {
								"north": {"uv": [22, 7], "uv_size": [1, 2]},
								"east": {"uv": [22, 9], "uv_size": [1, 2]},
								"south": {"uv": [10, 23], "uv_size": [1, 2]},
								"west": {"uv": [11, 23], "uv_size": [1, 2]},
								"up": {"uv": [23, 11], "uv_size": [1, 1]},
								"down": {"uv": [23, 13], "uv_size": [1, -1]}
							}
						},
						{
							"origin": [6.75, -7.75, -6.75],
							"size": [0.5, 0.25, 17.5],
							"pivot": [7.5, -7, -7.25],
							"rotation": [-22.5, 0, 0],
							"uv": {
								"north": {"uv": [23, 13], "uv_size": [1, 1]},
								"east": {"uv": [2, 6], "uv_size": [18, 1]},
								"south": {"uv": [23, 14], "uv_size": [1, 1]},
								"west": {"uv": [2, 7], "uv_size": [18, 1]},
								"up": {"uv": [2, 8], "uv_size": [1, 18]},
								"down": {"uv": [3, 26], "uv_size": [1, -18]}
							}
						},
						{
							"origin": [7.5, -13.75, -10.25],
							"size": [0.25, 4.25, 0.25],
							"pivot": [8, -10.5, -10.5],
							"rotation": [-85, -140, -127.5],
							"uv": {
								"north": {"uv": [7, 20], "uv_size": [1, 4]},
								"east": {"uv": [8, 20], "uv_size": [1, 4]},
								"south": {"uv": [9, 20], "uv_size": [1, 4]},
								"west": {"uv": [16, 20], "uv_size": [1, 4]},
								"up": {"uv": [23, 15], "uv_size": [1, 1]},
								"down": {"uv": [23, 17], "uv_size": [1, -1]}
							}
						}
					]
				}
			]
		}
	]
}
