{
	"format_version": "1.12.0",
	"minecraft:geometry": [
		{
			"description": {
				"identifier": "geometry.b14",
				"texture_width": 128,
				"texture_height": 128,
				"visible_bounds_width": 5,
				"visible_bounds_height": 4,
				"visible_bounds_offset": [0, 1, 0]
			},
			"bones": [
				{
					"name": "bone",
					"pivot": [0, 0, 0]
				},
				{
					"name": "Bayttouken",
					"parent": "bone",
					"pivot": [-9, 3, -2],
					"rotation": [-90, 45, 0],
					"cubes": [
						{"origin": [-4.5, -4, 0], "size": [1, 30, 1], "uv": [0, 0]},
						{"origin": [-4.5, 25.84202, 0.96031], "size": [1, 1, 0.1], "pivot": [-4, 25.84202, 0.06031], "rotation": [-20, 0, 0], "uv": [12, 79]},
						{"origin": [-6.5, 25.84202, 1.83969], "size": [1, 1, 0.1], "pivot": [-5, 25.84202, 0.93969], "rotation": [-20, 180, 0], "uv": [8, 79]},
						{"origin": [-5.93969, 25.84202, 1.4], "size": [1, 1, 0.1], "pivot": [-4.93969, 25.84202, 0], "rotation": [-20, 90, 0], "uv": [4, 79]},
						{"origin": [-5.06031, 25.84202, 1.4], "size": [1, 1, 0.1], "pivot": [-4.06031, 25.84202, 1], "rotation": [-20, -90, 0], "uv": [0, 79]}
					]
				},
				{
					"name": "bone2",
					"parent": "bone",
					"pivot": [-8, 17, -2],
					"cubes": [
						{"origin": [2.5, -4.5, -1.75], "size": [1, 30, 1], "inflate": -0.05, "uv": [0, 41]}
					]
				}
			]
		}
	]
}