{
	"format_version": "1.12.0",
	"minecraft:geometry": [
		{
			"description": {
				"identifier": "geometry.b15",
				"texture_width": 64,
				"texture_height": 64,
				"visible_bounds_width": 5,
				"visible_bounds_height": 3,
				"visible_bounds_offset": [0, 0.5, 0]
			},
			"bones": [
				{
					"name": "bone2",
					"pivot": [15, -6, 0],
					"rotation": [0, 0, -90],
					"cubes": [
						{
							"origin": [20.5, 16, -5.5],
							"size": [1, 2.5, 2.5],
							"pivot": [21.5, 16, -6.75],
							"rotation": [-52.5, 0, 0],
							"uv": {
								"north": {"uv": [24, 20], "uv_size": [1, 3]},
								"east": {"uv": [22, 0], "uv_size": [3, 3]},
								"south": {"uv": [25, 0], "uv_size": [1, 3]},
								"west": {"uv": [22, 3], "uv_size": [3, 3]},
								"up": {"uv": [25, 3], "uv_size": [1, 3]},
								"down": {"uv": [25, 13], "uv_size": [1, -3]}
							}
						},
						{
							"origin": [20.25, 17, -5],
							"size": [1.5, 1, 0.75],
							"pivot": [21.5, 16, -6.75],
							"rotation": [-52.5, 0, 0],
							"uv": {
								"north": {"uv": [18, 10], "uv_size": [2, 1]},
								"east": {"uv": [22, 21], "uv_size": [1, 1]},
								"south": {"uv": [18, 11], "uv_size": [2, 1]},
								"west": {"uv": [23, 6], "uv_size": [1, 1]},
								"up": {"uv": [20, 10], "uv_size": [2, 1]},
								"down": {"uv": [20, 12], "uv_size": [2, -1]}
							}
						},
						{
							"origin": [20.5, 9.25, -5],
							"size": [1, 5.5, 4.75],
							"pivot": [21.5, 12.5, 0],
							"rotation": [-20, 0, 0],
							"uv": {
								"north": {"uv": [21, 23], "uv_size": [1, 6]},
								"east": {"uv": [0, 15], "uv_size": [5, 6]},
								"south": {"uv": [2, 24], "uv_size": [1, 6]},
								"west": {"uv": [5, 15], "uv_size": [5, 6]},
								"up": {"uv": [5, 24], "uv_size": [1, 5]},
								"down": {"uv": [6, 29], "uv_size": [1, -5]}
							}
						},
						{
							"origin": [20.5, 9.75, -5],
							"size": [1, 4.5, 11.75],
							"pivot": [21.5, 12.5, 0],
							"rotation": [-20, 0, 0],
							"uv": {
								"north": {"uv": [7, 24], "uv_size": [1, 5]},
								"east": {"uv": [0, 0], "uv_size": [12, 5]},
								"south": {"uv": [8, 24], "uv_size": [1, 5]},
								"west": {"uv": [0, 5], "uv_size": [12, 5]},
								"up": {"uv": [22, 22], "uv_size": [1, 12]},
								"down": {"uv": [16, 35], "uv_size": [1, -12]}
							}
						},
						{
							"origin": [20.75, 9.5, -5],
							"size": [0.5, 5, 11.75],
							"pivot": [21.5, 12.5, 0],
							"rotation": [-20, 0, 0],
							"uv": {
								"north": {"uv": [24, 15], "uv_size": [1, 5]},
								"east": {"uv": [0, 10], "uv_size": [12, 5]},
								"south": {"uv": [25, 25], "uv_size": [1, 5]},
								"west": {"uv": [12, 12], "uv_size": [12, 5]},
								"up": {"uv": [17, 23], "uv_size": [1, 12]},
								"down": {"uv": [18, 35], "uv_size": [1, -12]}
							}
						},
						{
							"origin": [20.5, 9.75, 2.25],
							"size": [1, 2.5, 5.75],
							"pivot": [21.5, 12.5, 7.25],
							"rotation": [15, 0, 0],
							"uv": {
								"north": {"uv": [25, 19], "uv_size": [1, 3]},
								"east": {"uv": [16, 17], "uv_size": [6, 3]},
								"south": {"uv": [25, 22], "uv_size": [1, 3]},
								"west": {"uv": [16, 20], "uv_size": [6, 3]},
								"up": {"uv": [3, 24], "uv_size": [1, 6]},
								"down": {"uv": [4, 30], "uv_size": [1, -6]}
							}
						},
						{
							"origin": [20.5, 5.75, 2.75],
							"size": [1, 3.25, 5],
							"pivot": [21.5, 7.75, 7.75],
							"rotation": [-47.5, 0, 0],
							"uv": {
								"north": {"uv": [23, 26], "uv_size": [1, 3]},
								"east": {"uv": [0, 21], "uv_size": [5, 3]},
								"south": {"uv": [24, 26], "uv_size": [1, 3]},
								"west": {"uv": [5, 21], "uv_size": [5, 3]},
								"up": {"uv": [9, 24], "uv_size": [1, 5]},
								"down": {"uv": [24, 15], "uv_size": [1, -5]}
							}
						},
						{
							"origin": [20.25, 10.25, -4.25],
							"size": [1.5, 3.5, 10],
							"pivot": [21.5, 12.5, 0],
							"rotation": [-20, 0, 0],
							"uv": {
								"north": {"uv": [22, 17], "uv_size": [2, 4]},
								"east": {"uv": [12, 0], "uv_size": [10, 4]},
								"south": {"uv": [19, 23], "uv_size": [2, 4]},
								"west": {"uv": [12, 4], "uv_size": [10, 4]},
								"up": {"uv": [12, 17], "uv_size": [2, 10]},
								"down": {"uv": [14, 27], "uv_size": [2, -10]}
							}
						},
						{
							"origin": [20.5, 14, -4],
							"size": [1, 3, 2],
							"pivot": [21.5, 16, -6.75],
							"rotation": [-52.5, 0, 0],
							"uv": {
								"north": {"uv": [25, 13], "uv_size": [1, 3]},
								"east": {"uv": [23, 23], "uv_size": [2, 3]},
								"south": {"uv": [25, 16], "uv_size": [1, 3]},
								"west": {"uv": [0, 24], "uv_size": [2, 3]},
								"up": {"uv": [16, 10], "uv_size": [1, 2]},
								"down": {"uv": [17, 12], "uv_size": [1, -2]}
							}
						}
					]
				},
				{
					"name": "bone",
					"pivot": [-8, 10, 1],
					"rotation": [-70, 0, 0],
					"cubes": [
						{
							"origin": [3, 6.5, -8.75],
							"size": [0.25, 0.75, 21.5],
							"pivot": [3.5, 7, 1],
							"rotation": [-20, 0, 0],
							"uv": {
								"north": {"uv": [22, 6], "uv_size": [1, 1]},
								"east": {"uv": [12, 8], "uv_size": [22, 1]},
								"south": {"uv": [22, 7], "uv_size": [1, 1]},
								"west": {"uv": [12, 9], "uv_size": [22, 1]},
								"up": {"uv": [10, 15], "uv_size": [1, 22]},
								"down": {"uv": [11, 37], "uv_size": [1, -22]}
							}
						},
						{
							"origin": [3, 6, -10.25],
							"size": [0.25, 1.25, 2],
							"pivot": [3.5, 7, 1],
							"rotation": [-20, 0, 0],
							"uv": {
								"north": {"uv": [22, 10], "uv_size": [1, 1]},
								"east": {"uv": [12, 10], "uv_size": [2, 1]},
								"south": {"uv": [22, 11], "uv_size": [1, 1]},
								"west": {"uv": [12, 11], "uv_size": [2, 1]},
								"up": {"uv": [14, 10], "uv_size": [1, 2]},
								"down": {"uv": [15, 12], "uv_size": [1, -2]}
							}
						}
					]
				}
			]
		}
	]
}