{
	"format_version": "1.12.0",
	"minecraft:geometry": [
		{
			"description": {
				"identifier": "geometry.b3",
				"texture_width": 32,
				"texture_height": 32,
				"visible_bounds_width": 5,
				"visible_bounds_height": 4,
				"visible_bounds_offset": [0, 1, 0]
			},
			"bones": [
				{
					"name": "bone",
					"pivot": [-5, 17, -2]
				},
				{
					"name": "Bayttouken",
					"parent": "bone",
					"pivot": [-8, -10, -12],
					"rotation": [0, 0, -90],
					"cubes": [
						{
							"origin": [1.75, -12, 3],
							"size": [0.5, 1, 9.75],
							"pivot": [2.5, -12, -12],
							"rotation": [-25, 0, 0],
							"uv": {
								"north": {"uv": [5, 19], "uv_size": [1, 1]},
								"east": {"uv": [10, 10], "uv_size": [10, 1]},
								"south": {"uv": [22, 22], "uv_size": [1, 1]},
								"west": {"uv": [10, 11], "uv_size": [10, 1]},
								"up": {"uv": [10, 12], "uv_size": [1, 10]},
								"down": {"uv": [11, 22], "uv_size": [1, -10]}
							}
						},
						{
							"origin": [1.5, -13.25, 0.75],
							"size": [1, 1.25, 8],
							"pivot": [2.5, -13, -12],
							"rotation": [-25, 0, 0],
							"uv": {
								"north": {"uv": [22, 13], "uv_size": [1, 1]},
								"east": {"uv": [15, 15], "uv_size": [8, 1]},
								"south": {"uv": [22, 18], "uv_size": [1, 1]},
								"west": {"uv": [15, 2], "uv_size": [8, 1]},
								"up": {"uv": [1, 15], "uv_size": [1, 8]},
								"down": {"uv": [15, 24], "uv_size": [1, -8]}
							}
						},
						{
							"origin": [1.5, -13.25, -10.75],
							"size": [1, 1, 11.5],
							"pivot": [2.5, -13.25, -12],
							"rotation": [-25, 0, 0],
							"uv": {
								"north": {"uv": [22, 10], "uv_size": [1, 1]},
								"east": {"uv": [6, 6], "uv_size": [12, 1]},
								"south": {"uv": [22, 12], "uv_size": [1, 1]},
								"west": {"uv": [6, 7], "uv_size": [12, 1]},
								"up": {"uv": [6, 8], "uv_size": [1, 12]},
								"down": {"uv": [7, 20], "uv_size": [1, -12]}
							}
						},
						{
							"origin": [1.5, -13.75, -7.25],
							"size": [1, 0.75, 12.5],
							"pivot": [2.5, -14, -12],
							"rotation": [-25, 0, 0],
							"uv": {
								"north": {"uv": [6, 23], "uv_size": [1, 1]},
								"east": {"uv": [0, 0], "uv_size": [13, 1]},
								"south": {"uv": [20, 23], "uv_size": [1, 1]},
								"west": {"uv": [0, 1], "uv_size": [13, 1]},
								"up": {"uv": [0, 2], "uv_size": [1, 13]},
								"down": {"uv": [1, 15], "uv_size": [1, -13]}
							}
						},
						{
							"origin": [1.75, -7, -9.25],
							"size": [0.5, 1, 9.75],
							"pivot": [2.5, -7, -24.25],
							"rotation": [-25, 0, 0],
							"uv": {
								"north": {"uv": [22, 8], "uv_size": [1, 1]},
								"east": {"uv": [12, 12], "uv_size": [10, 1]},
								"south": {"uv": [22, 9], "uv_size": [1, 1]},
								"west": {"uv": [12, 13], "uv_size": [10, 1]},
								"up": {"uv": [12, 14], "uv_size": [1, 10]},
								"down": {"uv": [13, 24], "uv_size": [1, -10]}
							}
						},
						{
							"origin": [1.75, -6, -9],
							"size": [0.5, 0.5, 7],
							"pivot": [2.5, -6, -24.25],
							"rotation": [-25, 0, 0],
							"uv": {
								"north": {"uv": [1, 23], "uv_size": [1, 1]},
								"east": {"uv": [17, 17], "uv_size": [7, 1]},
								"south": {"uv": [5, 23], "uv_size": [1, 1]},
								"west": {"uv": [17, 4], "uv_size": [7, 1]},
								"up": {"uv": [3, 17], "uv_size": [1, 7]},
								"down": {"uv": [17, 25], "uv_size": [1, -7]}
							}
						},
						{
							"origin": [1.75, -8, -9.5],
							"size": [0.5, 0.5, 7.5],
							"pivot": [2.5, -8, -24.25],
							"rotation": [-25, 0, 0],
							"uv": {
								"north": {"uv": [23, 1], "uv_size": [1, 1]},
								"east": {"uv": [15, 3], "uv_size": [8, 1]},
								"south": {"uv": [23, 2], "uv_size": [1, 1]},
								"west": {"uv": [15, 14], "uv_size": [8, 1]},
								"up": {"uv": [16, 16], "uv_size": [1, 8]},
								"down": {"uv": [2, 25], "uv_size": [1, -8]}
							}
						},
						{
							"origin": [1.75, -12, -1.5],
							"size": [0.5, 1, 4.25],
							"pivot": [2.5, -12, -22],
							"rotation": [-15, 0, 0],
							"uv": {
								"north": {"uv": [22, 6], "uv_size": [1, 1]},
								"east": {"uv": [18, 6], "uv_size": [4, 1]},
								"south": {"uv": [22, 7], "uv_size": [1, 1]},
								"west": {"uv": [18, 7], "uv_size": [4, 1]},
								"up": {"uv": [7, 20], "uv_size": [1, 4]},
								"down": {"uv": [20, 12], "uv_size": [1, -4]}
							}
						},
						{
							"origin": [1.6, -22, 6.6],
							"size": [1, 0.7, 3],
							"uv": {
								"north": {"uv": [21, 23], "uv_size": [1, 1]},
								"east": {"uv": [19, 18], "uv_size": [3, 1]},
								"south": {"uv": [22, 23], "uv_size": [1, 1]},
								"west": {"uv": [21, 21], "uv_size": [3, 1]},
								"up": {"uv": [21, 8], "uv_size": [1, 3]},
								"down": {"uv": [8, 25], "uv_size": [1, -3]}
							}
						},
						{
							"origin": [1.6, -21.3, 6.6],
							"size": [1, 0.4, 1.9],
							"uv": {
								"north": {"uv": [23, 23], "uv_size": [1, 1]},
								"east": {"uv": [21, 11], "uv_size": [2, 1]},
								"south": {"uv": [23, 0], "uv_size": [1, 1]},
								"west": {"uv": [21, 19], "uv_size": [2, 1]},
								"up": {"uv": [11, 22], "uv_size": [1, 2]},
								"down": {"uv": [19, 24], "uv_size": [1, -2]}
							}
						}
					]
				},
				{
					"name": "bone2",
					"parent": "bone",
					"pivot": [-5, 17, -2],
					"rotation": [-62.5, 0, 0],
					"cubes": [
						{
							"origin": [5, 9.75, -3.75],
							"size": [0.25, 0.5, 13.25],
							"pivot": [5.75, 9.25, 8],
							"rotation": [-25, 0, 0],
							"uv": {
								"north": {"uv": [23, 3], "uv_size": [1, 1]},
								"east": {"uv": [2, 2], "uv_size": [13, 1]},
								"south": {"uv": [23, 6], "uv_size": [1, 1]},
								"west": {"uv": [2, 3], "uv_size": [13, 1]},
								"up": {"uv": [2, 4], "uv_size": [1, 13]},
								"down": {"uv": [3, 17], "uv_size": [1, -13]}
							}
						},
						{
							"origin": [5, 9.25, -3.75],
							"size": [0.25, 0.25, 13.25],
							"pivot": [5.75, 9.25, 8],
							"rotation": [-25, 0, 0],
							"uv": {
								"north": {"uv": [23, 11], "uv_size": [1, 1]},
								"east": {"uv": [4, 4], "uv_size": [13, 1]},
								"south": {"uv": [23, 12], "uv_size": [1, 1]},
								"west": {"uv": [4, 5], "uv_size": [13, 1]},
								"up": {"uv": [4, 6], "uv_size": [1, 13]},
								"down": {"uv": [5, 19], "uv_size": [1, -13]}
							}
						},
						{
							"origin": [5, 9.25, 6],
							"size": [0.25, 0.45, 9.75],
							"pivot": [5.75, 9, 9.5],
							"rotation": [-22.5, 0, 0],
							"uv": {
								"north": {"uv": [23, 9], "uv_size": [1, 1]},
								"east": {"uv": [13, 0], "uv_size": [10, 1]},
								"south": {"uv": [23, 10], "uv_size": [1, 1]},
								"west": {"uv": [13, 1], "uv_size": [10, 1]},
								"up": {"uv": [14, 14], "uv_size": [1, 10]},
								"down": {"uv": [0, 25], "uv_size": [1, -10]}
							}
						},
						{
							"origin": [5, 8.5, 9.25],
							"size": [0.25, 0.35, 6.5],
							"pivot": [5.75, 8.5, 9.5],
							"rotation": [-15, 0, 0],
							"uv": {
								"north": {"uv": [23, 13], "uv_size": [1, 1]},
								"east": {"uv": [17, 5], "uv_size": [7, 1]},
								"south": {"uv": [23, 14], "uv_size": [1, 1]},
								"west": {"uv": [17, 16], "uv_size": [7, 1]},
								"up": {"uv": [18, 18], "uv_size": [1, 7]},
								"down": {"uv": [4, 26], "uv_size": [1, -7]}
							}
						},
						{
							"origin": [4.75, 14.25, -13.5],
							"size": [0.75, 1.25, 11.5],
							"pivot": [5.5, 14.5, -3],
							"rotation": [-27.5, 0, 0],
							"uv": {
								"north": {"uv": [23, 7], "uv_size": [1, 1]},
								"east": {"uv": [8, 8], "uv_size": [12, 1]},
								"south": {"uv": [23, 8], "uv_size": [1, 1]},
								"west": {"uv": [8, 9], "uv_size": [12, 1]},
								"up": {"uv": [8, 10], "uv_size": [1, 12]},
								"down": {"uv": [9, 22], "uv_size": [1, -12]}
							}
						},
						{
							"origin": [4, 13.5, -2.75],
							"size": [2.25, 2.75, 0.25],
							"pivot": [5.5, 14.5, -3],
							"rotation": [-27.5, 0, 0],
							"uv": {
								"north": {"uv": [19, 19], "uv_size": [2, 3]},
								"east": {"uv": [9, 22], "uv_size": [1, 3]},
								"south": {"uv": [5, 20], "uv_size": [2, 3]},
								"west": {"uv": [10, 22], "uv_size": [1, 3]},
								"up": {"uv": [21, 20], "uv_size": [2, 1]},
								"down": {"uv": [20, 23], "uv_size": [2, -1]}
							}
						}
					]
				}
			]
		}
	]
}