{
	"format_version": "1.12.0",
	"minecraft:geometry": [
		{
			"description": {
				"identifier": "geometry.b8",
				"texture_width": 64,
				"texture_height": 64,
				"visible_bounds_width": 5,
				"visible_bounds_height": 4,
				"visible_bounds_offset": [0, 1, 0]
			},
			"bones": [
				{
					"name": "bone",
					"pivot": [-5, 17, -2]
				},
				{
					"name": "Bayttouken",
					"parent": "bone",
					"pivot": [5, 11, -10],
					"rotation": [0, 0, 90],
					"cubes": [
						{
							"origin": [14.25, 8.25, 5],
							"size": [1.5, 1.75, 7],
							"pivot": [15.5, 9, -10],
							"rotation": [-25, 0, 0],
							"uv": {
								"north": {"uv": [6, 4], "uv_size": [2, 2]},
								"east": {"uv": [15, 8], "uv_size": [7, 2]},
								"south": {"uv": [18, 16], "uv_size": [2, 2]},
								"west": {"uv": [17, 10], "uv_size": [7, 2]},
								"up": {"uv": [2, 17], "uv_size": [2, 7]},
								"down": {"uv": [4, 24], "uv_size": [2, -7]}
							}
						},
						{
							"origin": [14, 7.25, 2.75],
							"size": [2, 2.25, 9],
							"pivot": [15.5, 8, -10],
							"rotation": [-25, 0, 0],
							"uv": {
								"north": {"uv": [30, 25], "uv_size": [2, 2]},
								"east": {"uv": [8, 11], "uv_size": [9, 2]},
								"south": {"uv": [9, 31], "uv_size": [2, 2]},
								"west": {"uv": [8, 13], "uv_size": [9, 2]},
								"up": {"uv": [8, 15], "uv_size": [2, 9]},
								"down": {"uv": [10, 24], "uv_size": [2, -9]}
							}
						},
						{
							"origin": [14.25, 7, 2.75],
							"size": [1.5, 2.5, 7],
							"pivot": [15.5, 8, -10],
							"rotation": [-25, 0, 0],
							"uv": {
								"north": {"uv": [9, 28], "uv_size": [2, 3]},
								"east": {"uv": [8, 8], "uv_size": [7, 3]},
								"south": {"uv": [16, 28], "uv_size": [2, 3]},
								"west": {"uv": [8, 4], "uv_size": [7, 3]},
								"up": {"uv": [18, 18], "uv_size": [2, 7]},
								"down": {"uv": [6, 26], "uv_size": [2, -7]}
							}
						},
						{
							"origin": [13.75, 7, 10.5],
							"size": [2.5, 2.25, 1.25],
							"pivot": [15.5, 8, -10],
							"rotation": [-25, 0, 0],
							"uv": {
								"north": {"uv": [26, 20], "uv_size": [3, 2]},
								"east": {"uv": [33, 22], "uv_size": [1, 2]},
								"south": {"uv": [27, 25], "uv_size": [3, 2]},
								"west": {"uv": [33, 27], "uv_size": [1, 2]},
								"up": {"uv": [8, 33], "uv_size": [3, 1]},
								"down": {"uv": [14, 34], "uv_size": [3, -1]}
							}
						},
						{
							"origin": [13.75, 7, 8.75],
							"size": [2.5, 1.75, 2.75],
							"pivot": [15.5, 8, -10],
							"rotation": [-25, 0, 0],
							"uv": {
								"north": {"uv": [28, 28], "uv_size": [3, 2]},
								"east": {"uv": [29, 13], "uv_size": [3, 2]},
								"south": {"uv": [29, 15], "uv_size": [3, 2]},
								"west": {"uv": [29, 20], "uv_size": [3, 2]},
								"up": {"uv": [23, 16], "uv_size": [3, 3]},
								"down": {"uv": [23, 22], "uv_size": [3, -3]}
							}
						},
						{
							"origin": [14, 7.25, -8.75],
							"size": [2, 2, 12.5],
							"pivot": [15.5, 7.75, -10],
							"rotation": [-25, 0, 0],
							"uv": {
								"north": {"uv": [16, 31], "uv_size": [2, 2]},
								"east": {"uv": [0, 0], "uv_size": [13, 2]},
								"south": {"uv": [31, 0], "uv_size": [2, 2]},
								"west": {"uv": [0, 2], "uv_size": [13, 2]},
								"up": {"uv": [0, 4], "uv_size": [2, 13]},
								"down": {"uv": [2, 17], "uv_size": [2, -13]}
							}
						},
						{
							"origin": [14.25, 7, -8.75],
							"size": [1.5, 1.25, 12.5],
							"pivot": [15.5, 7.75, -10],
							"rotation": [-25, 0, 0],
							"uv": {
								"north": {"uv": [33, 30], "uv_size": [2, 1]},
								"east": {"uv": [16, 15], "uv_size": [13, 1]},
								"south": {"uv": [33, 31], "uv_size": [2, 1]},
								"west": {"uv": [17, 12], "uv_size": [13, 1]},
								"up": {"uv": [4, 4], "uv_size": [2, 13]},
								"down": {"uv": [6, 19], "uv_size": [2, -13]}
							}
						},
						{
							"origin": [14, 14, -0.5],
							"size": [2, 1.5, 7.5],
							"pivot": [15.5, 14, -22.25],
							"rotation": [-25, 0, 0],
							"uv": {
								"north": {"uv": [31, 6], "uv_size": [2, 2]},
								"east": {"uv": [13, 0], "uv_size": [8, 2]},
								"south": {"uv": [31, 8], "uv_size": [2, 2]},
								"west": {"uv": [13, 2], "uv_size": [8, 2]},
								"up": {"uv": [12, 15], "uv_size": [2, 8]},
								"down": {"uv": [14, 23], "uv_size": [2, -8]}
							}
						},
						{
							"origin": [14.25, 14, -7],
							"size": [1.5, 2, 8],
							"pivot": [15.5, 15, -22.25],
							"rotation": [-25, 0, 0],
							"uv": {
								"north": {"uv": [31, 22], "uv_size": [2, 2]},
								"east": {"uv": [15, 4], "uv_size": [8, 2]},
								"south": {"uv": [31, 27], "uv_size": [2, 2]},
								"west": {"uv": [15, 6], "uv_size": [8, 2]},
								"up": {"uv": [16, 16], "uv_size": [2, 8]},
								"down": {"uv": [0, 25], "uv_size": [2, -8]}
							}
						},
						{
							"origin": [13.75, 6.75, -9.5],
							"size": [2.5, 3.5, 1.5],
							"pivot": [15.25, 7.25, -9.75],
							"rotation": [-30, 0, 0],
							"uv": {
								"north": {"uv": [20, 20], "uv_size": [3, 4]},
								"east": {"uv": [9, 24], "uv_size": [2, 4]},
								"south": {"uv": [20, 16], "uv_size": [3, 4]},
								"west": {"uv": [16, 24], "uv_size": [2, 4]},
								"up": {"uv": [24, 25], "uv_size": [3, 2]},
								"down": {"uv": [26, 18], "uv_size": [3, -2]}
							}
						}
					]
				},
				{
					"name": "bone2",
					"parent": "bone",
					"pivot": [-5, 16, -0.25],
					"rotation": [-62.5, 0, 0],
					"cubes": [
						{
							"origin": [5, 8.5, 2],
							"size": [0.25, 1, 9.25],
							"pivot": [5.75, 8.25, 9.75],
							"rotation": [-25, 0, 0],
							"uv": {
								"north": {"uv": [26, 34], "uv_size": [1, 1]},
								"east": {"uv": [21, 2], "uv_size": [9, 1]},
								"south": {"uv": [27, 34], "uv_size": [1, 1]},
								"west": {"uv": [21, 3], "uv_size": [9, 1]},
								"up": {"uv": [23, 23], "uv_size": [1, 9]},
								"down": {"uv": [2, 33], "uv_size": [1, -9]}
							}
						},
						{
							"origin": [5, 11.75, -2],
							"size": [0.25, 1, 7.75],
							"pivot": [5.75, 11.5, 3.25],
							"rotation": [-30, 0, 0],
							"uv": {
								"north": {"uv": [28, 34], "uv_size": [1, 1]},
								"east": {"uv": [23, 6], "uv_size": [8, 1]},
								"south": {"uv": [33, 34], "uv_size": [1, 1]},
								"west": {"uv": [23, 7], "uv_size": [8, 1]},
								"up": {"uv": [11, 24], "uv_size": [1, 8]},
								"down": {"uv": [20, 32], "uv_size": [1, -8]}
							}
						},
						{
							"origin": [5, 11.5, -2.75],
							"size": [0.25, 0.25, 7.5],
							"pivot": [5.75, 11.5, 3.25],
							"rotation": [-30, 0, 0],
							"uv": {
								"north": {"uv": [34, 34], "uv_size": [1, 1]},
								"east": {"uv": [23, 22], "uv_size": [8, 1]},
								"south": {"uv": [34, 6], "uv_size": [1, 1]},
								"west": {"uv": [24, 24], "uv_size": [8, 1]},
								"up": {"uv": [21, 24], "uv_size": [1, 8]},
								"down": {"uv": [22, 32], "uv_size": [1, -8]}
							}
						},
						{
							"origin": [5, 13.25, -1],
							"size": [0.25, 1, 1.25],
							"pivot": [5.75, 13.25, -0.25],
							"rotation": [-52.5, 0, 0],
							"uv": {
								"north": {"uv": [35, 10], "uv_size": [1, 1]},
								"east": {"uv": [35, 11], "uv_size": [1, 1]},
								"south": {"uv": [35, 12], "uv_size": [1, 1]},
								"west": {"uv": [35, 13], "uv_size": [1, 1]},
								"up": {"uv": [35, 14], "uv_size": [1, 1]},
								"down": {"uv": [35, 16], "uv_size": [1, -1]}
							}
						},
						{
							"origin": [5, 12.5, -1.5],
							"size": [0.25, 1, 3],
							"pivot": [5.75, 12.5, 1],
							"rotation": [-52.5, 0, 0],
							"uv": {
								"north": {"uv": [35, 16], "uv_size": [1, 1]},
								"east": {"uv": [17, 33], "uv_size": [3, 1]},
								"south": {"uv": [35, 17], "uv_size": [1, 1]},
								"west": {"uv": [23, 33], "uv_size": [3, 1]},
								"up": {"uv": [4, 33], "uv_size": [1, 3]},
								"down": {"uv": [5, 36], "uv_size": [1, -3]}
							}
						},
						{
							"origin": [5, 11.75, -0.5],
							"size": [0, 1, 3.25],
							"pivot": [5.75, 11.75, 2.25],
							"rotation": [-52.5, 0, 0],
							"uv": {
								"north": {"uv": [0, 0], "uv_size": [0, 1]},
								"east": {"uv": [26, 33], "uv_size": [3, 1]},
								"south": {"uv": [0, 0], "uv_size": [0, 1]},
								"west": {"uv": [33, 33], "uv_size": [3, 1]},
								"up": {"uv": [0, 0], "uv_size": [0, 3]},
								"down": {"uv": [0, 3], "uv_size": [0, -3]}
							}
						},
						{
							"origin": [5, 11, 0.5],
							"size": [0.25, 1, 3.5],
							"pivot": [5.75, 11, 3.5],
							"rotation": [-52.5, 0, 0],
							"uv": {
								"north": {"uv": [35, 18], "uv_size": [1, 1]},
								"east": {"uv": [29, 17], "uv_size": [4, 1]},
								"south": {"uv": [35, 19], "uv_size": [1, 1]},
								"west": {"uv": [30, 12], "uv_size": [4, 1]},
								"up": {"uv": [6, 32], "uv_size": [1, 4]},
								"down": {"uv": [7, 36], "uv_size": [1, -4]}
							}
						},
						{
							"origin": [5, 10.25, 1],
							"size": [0.25, 1, 4],
							"pivot": [5.75, 10.25, 4.5],
							"rotation": [-52.5, 0, 0],
							"uv": {
								"north": {"uv": [35, 20], "uv_size": [1, 1]},
								"east": {"uv": [31, 29], "uv_size": [4, 1]},
								"south": {"uv": [35, 21], "uv_size": [1, 1]},
								"west": {"uv": [18, 32], "uv_size": [4, 1]},
								"up": {"uv": [11, 32], "uv_size": [1, 4]},
								"down": {"uv": [22, 36], "uv_size": [1, -4]}
							}
						},
						{
							"origin": [5, 9.75, 2.25],
							"size": [0.25, 1, 3.75],
							"pivot": [5.75, 9.75, 5.5],
							"rotation": [-52.5, 0, 0],
							"uv": {
								"north": {"uv": [35, 22], "uv_size": [1, 1]},
								"east": {"uv": [23, 32], "uv_size": [4, 1]},
								"south": {"uv": [35, 23], "uv_size": [1, 1]},
								"west": {"uv": [27, 32], "uv_size": [4, 1]},
								"up": {"uv": [31, 32], "uv_size": [1, 4]},
								"down": {"uv": [32, 36], "uv_size": [1, -4]}
							}
						},
						{
							"origin": [5, 9.25, 3.75],
							"size": [0.25, 1, 3.5],
							"pivot": [5.75, 9.25, 6.75],
							"rotation": [-52.5, 0, 0],
							"uv": {
								"north": {"uv": [35, 24], "uv_size": [1, 1]},
								"east": {"uv": [32, 4], "uv_size": [4, 1]},
								"south": {"uv": [35, 25], "uv_size": [1, 1]},
								"west": {"uv": [32, 5], "uv_size": [4, 1]},
								"up": {"uv": [32, 13], "uv_size": [1, 4]},
								"down": {"uv": [32, 22], "uv_size": [1, -4]}
							}
						},
						{
							"origin": [5, 8.75, 5.5],
							"size": [0.25, 1, 3],
							"pivot": [5.75, 8.75, 8],
							"rotation": [-52.5, 0, 0],
							"uv": {
								"north": {"uv": [35, 26], "uv_size": [1, 1]},
								"east": {"uv": [33, 0], "uv_size": [3, 1]},
								"south": {"uv": [35, 27], "uv_size": [1, 1]},
								"west": {"uv": [33, 1], "uv_size": [3, 1]},
								"up": {"uv": [20, 33], "uv_size": [1, 3]},
								"down": {"uv": [21, 36], "uv_size": [1, -3]}
							}
						},
						{
							"origin": [5, 7, 8.25],
							"size": [0.25, 1.5, 3.25],
							"pivot": [5.75, 7, 11],
							"rotation": [-52.5, 0, 0],
							"uv": {
								"north": {"uv": [8, 34], "uv_size": [1, 2]},
								"east": {"uv": [24, 30], "uv_size": [3, 2]},
								"south": {"uv": [9, 34], "uv_size": [1, 2]},
								"west": {"uv": [27, 30], "uv_size": [3, 2]},
								"up": {"uv": [29, 33], "uv_size": [1, 3]},
								"down": {"uv": [30, 36], "uv_size": [1, -3]}
							}
						},
						{
							"origin": [5, 6, 13.25],
							"size": [0.25, 1.5, 1.75],
							"pivot": [5.75, 6, 14.75],
							"rotation": [-52.5, 0, 0],
							"uv": {
								"north": {"uv": [10, 34], "uv_size": [1, 2]},
								"east": {"uv": [32, 10], "uv_size": [2, 2]},
								"south": {"uv": [14, 34], "uv_size": [1, 2]},
								"west": {"uv": [32, 24], "uv_size": [2, 2]},
								"up": {"uv": [15, 34], "uv_size": [1, 2]},
								"down": {"uv": [16, 36], "uv_size": [1, -2]}
							}
						},
						{
							"origin": [5, 5.75, 15.25],
							"size": [0.25, 1, 1.5],
							"pivot": [5.75, 5.75, 16.5],
							"rotation": [-52.5, 0, 0],
							"uv": {
								"north": {"uv": [35, 30], "uv_size": [1, 1]},
								"east": {"uv": [33, 32], "uv_size": [2, 1]},
								"south": {"uv": [35, 31], "uv_size": [1, 1]},
								"west": {"uv": [23, 34], "uv_size": [2, 1]},
								"up": {"uv": [19, 34], "uv_size": [1, 2]},
								"down": {"uv": [25, 36], "uv_size": [1, -2]}
							}
						},
						{
							"origin": [5, 6.5, 10.25],
							"size": [0.25, 1.5, 2.75],
							"pivot": [5.75, 6.5, 12.75],
							"rotation": [-52.5, 0, 0],
							"uv": {
								"north": {"uv": [17, 34], "uv_size": [1, 2]},
								"east": {"uv": [30, 30], "uv_size": [3, 2]},
								"south": {"uv": [18, 34], "uv_size": [1, 2]},
								"west": {"uv": [30, 2], "uv_size": [3, 2]},
								"up": {"uv": [33, 16], "uv_size": [1, 3]},
								"down": {"uv": [33, 22], "uv_size": [1, -3]}
							}
						},
						{
							"origin": [5, 8, 6.75],
							"size": [0.25, 1.25, 3],
							"pivot": [5.75, 8, 9.25],
							"rotation": [-52.5, 0, 0],
							"uv": {
								"north": {"uv": [35, 28], "uv_size": [1, 1]},
								"east": {"uv": [33, 2], "uv_size": [3, 1]},
								"south": {"uv": [35, 29], "uv_size": [1, 1]},
								"west": {"uv": [33, 3], "uv_size": [3, 1]},
								"up": {"uv": [33, 6], "uv_size": [1, 3]},
								"down": {"uv": [33, 16], "uv_size": [1, -3]}
							}
						},
						{
							"origin": [5, 8.25, 3.75],
							"size": [0.25, 0.25, 7.5],
							"pivot": [5.75, 8.25, 9.75],
							"rotation": [-25, 0, 0],
							"uv": {
								"north": {"uv": [34, 7], "uv_size": [1, 1]},
								"east": {"uv": [24, 10], "uv_size": [8, 1]},
								"south": {"uv": [34, 8], "uv_size": [1, 1]},
								"west": {"uv": [24, 11], "uv_size": [8, 1]},
								"up": {"uv": [0, 25], "uv_size": [1, 8]},
								"down": {"uv": [1, 33], "uv_size": [1, -8]}
							}
						},
						{
							"origin": [5, 8.5, 7.75],
							"size": [0.25, 0.45, 10.25],
							"pivot": [5.75, 8, 11.25],
							"rotation": [-22.5, 0, 0],
							"uv": {
								"north": {"uv": [34, 10], "uv_size": [1, 1]},
								"east": {"uv": [21, 0], "uv_size": [10, 1]},
								"south": {"uv": [34, 11], "uv_size": [1, 1]},
								"west": {"uv": [21, 1], "uv_size": [10, 1]},
								"up": {"uv": [14, 23], "uv_size": [1, 10]},
								"down": {"uv": [15, 33], "uv_size": [1, -10]}
							}
						},
						{
							"origin": [5, 8.25, 7.75],
							"size": [0.25, 0.7, 8.75],
							"pivot": [5.75, 8, 11.25],
							"rotation": [-22.5, 0, 0],
							"uv": {
								"north": {"uv": [34, 12], "uv_size": [1, 1]},
								"east": {"uv": [22, 8], "uv_size": [9, 1]},
								"south": {"uv": [34, 13], "uv_size": [1, 1]},
								"west": {"uv": [22, 9], "uv_size": [9, 1]},
								"up": {"uv": [3, 24], "uv_size": [1, 9]},
								"down": {"uv": [4, 33], "uv_size": [1, -9]}
							}
						},
						{
							"origin": [5, 7.75, 7.75],
							"size": [0.25, 0.95, 5.5],
							"pivot": [5.75, 8, 11.25],
							"rotation": [-22.5, 0, 0],
							"uv": {
								"north": {"uv": [34, 14], "uv_size": [1, 1]},
								"east": {"uv": [26, 18], "uv_size": [6, 1]},
								"south": {"uv": [34, 15], "uv_size": [1, 1]},
								"west": {"uv": [26, 19], "uv_size": [6, 1]},
								"up": {"uv": [6, 26], "uv_size": [1, 6]},
								"down": {"uv": [7, 32], "uv_size": [1, -6]}
							}
						},
						{
							"origin": [5, 7.5, 11],
							"size": [0.25, 0.35, 7],
							"pivot": [5.75, 7.5, 11.25],
							"rotation": [-15, 0, 0],
							"uv": {
								"north": {"uv": [34, 16], "uv_size": [1, 1]},
								"east": {"uv": [8, 7], "uv_size": [7, 1]},
								"south": {"uv": [34, 17], "uv_size": [1, 1]},
								"west": {"uv": [24, 23], "uv_size": [7, 1]},
								"up": {"uv": [18, 25], "uv_size": [1, 7]},
								"down": {"uv": [19, 32], "uv_size": [1, -7]}
							}
						},
						{
							"origin": [5, 7.5, 15.25],
							"size": [0.25, 0.6, 0.75],
							"pivot": [5.75, 7.5, 11.25],
							"rotation": [-15, 0, 0],
							"uv": {
								"north": {"uv": [34, 18], "uv_size": [1, 1]},
								"east": {"uv": [34, 19], "uv_size": [1, 1]},
								"south": {"uv": [34, 20], "uv_size": [1, 1]},
								"west": {"uv": [34, 21], "uv_size": [1, 1]},
								"up": {"uv": [34, 22], "uv_size": [1, 1]},
								"down": {"uv": [34, 24], "uv_size": [1, -1]}
							}
						},
						{
							"origin": [5, 7.5, 12.75],
							"size": [0.25, 0.6, 2.75],
							"pivot": [5.75, 7.5, 11.25],
							"rotation": [-15, 0, 0],
							"uv": {
								"north": {"uv": [34, 24], "uv_size": [1, 1]},
								"east": {"uv": [28, 27], "uv_size": [3, 1]},
								"south": {"uv": [34, 25], "uv_size": [1, 1]},
								"west": {"uv": [32, 26], "uv_size": [3, 1]},
								"up": {"uv": [0, 33], "uv_size": [1, 3]},
								"down": {"uv": [1, 36], "uv_size": [1, -3]}
							}
						},
						{
							"origin": [4.75, 14.5, -12.75],
							"size": [0.75, 1.25, 11.5],
							"pivot": [5.5, 14.75, -2.25],
							"rotation": [-27.5, 0, 0],
							"uv": {
								"north": {"uv": [34, 27], "uv_size": [1, 1]},
								"east": {"uv": [17, 13], "uv_size": [12, 1]},
								"south": {"uv": [34, 28], "uv_size": [1, 1]},
								"west": {"uv": [17, 14], "uv_size": [12, 1]},
								"up": {"uv": [12, 23], "uv_size": [1, 12]},
								"down": {"uv": [13, 35], "uv_size": [1, -12]}
							}
						},
						{
							"origin": [4.5, 14.75, -2.5],
							"size": [1.25, 0.75, 0.75],
							"pivot": [5.5, 14.75, -2.25],
							"rotation": [-27.5, 0, 0],
							"uv": {
								"north": {"uv": [12, 35], "uv_size": [1, 1]},
								"east": {"uv": [13, 35], "uv_size": [1, 1]},
								"south": {"uv": [23, 35], "uv_size": [1, 1]},
								"west": {"uv": [24, 35], "uv_size": [1, 1]},
								"up": {"uv": [26, 35], "uv_size": [1, 1]},
								"down": {"uv": [27, 36], "uv_size": [1, -1]}
							}
						},
						{
							"origin": [4.5, 15, -11.75],
							"size": [1.25, 0.25, 9.25],
							"pivot": [5.5, 14.75, -2.25],
							"rotation": [-27.5, 0, 0],
							"uv": {
								"north": {"uv": [28, 35], "uv_size": [1, 1]},
								"east": {"uv": [23, 4], "uv_size": [9, 1]},
								"south": {"uv": [33, 35], "uv_size": [1, 1]},
								"west": {"uv": [23, 5], "uv_size": [9, 1]},
								"up": {"uv": [5, 24], "uv_size": [1, 9]},
								"down": {"uv": [8, 33], "uv_size": [1, -9]}
							}
						},
						{
							"origin": [4.5, 14.75, -12.5],
							"size": [1.25, 0.75, 0.75],
							"pivot": [5.5, 14.75, -2.25],
							"rotation": [-27.5, 0, 0],
							"uv": {
								"north": {"uv": [34, 35], "uv_size": [1, 1]},
								"east": {"uv": [35, 35], "uv_size": [1, 1]},
								"south": {"uv": [35, 6], "uv_size": [1, 1]},
								"west": {"uv": [35, 7], "uv_size": [1, 1]},
								"up": {"uv": [35, 8], "uv_size": [1, 1]},
								"down": {"uv": [35, 10], "uv_size": [1, -1]}
							}
						},
						{
							"origin": [4, 13.75, -1.25],
							"size": [2.25, 2.75, 0.25],
							"pivot": [5.5, 14.75, -2.25],
							"rotation": [-27.5, 0, 0],
							"uv": {
								"north": {"uv": [24, 27], "uv_size": [2, 3]},
								"east": {"uv": [2, 33], "uv_size": [1, 3]},
								"south": {"uv": [26, 27], "uv_size": [2, 3]},
								"west": {"uv": [3, 33], "uv_size": [1, 3]},
								"up": {"uv": [15, 10], "uv_size": [2, 1]},
								"down": {"uv": [33, 10], "uv_size": [2, -1]}
							}
						}
					]
				}
			]
		}
	]
}
