{
	"format_version": "1.12.0",
	"minecraft:geometry": [
		{
			"description": {
				"identifier": "geometry.b9",
				"texture_width": 32,
				"texture_height": 32,
				"visible_bounds_width": 5,
				"visible_bounds_height": 4,
				"visible_bounds_offset": [0, 1, 0]
			},
			"bones": [
				{
					"name": "bone",
					"pivot": [-5, 17, -2]
				},
				{
					"name": "Bayttouken",
					"parent": "bone",
					"pivot": [-11, -10, -9],
					"rotation": [-20, 0, -90],
					"cubes": [
						{
							"origin": [-1.25, -12.25, 6],
							"size": [0.5, 0.75, 8],
							"pivot": [-0.5, -12, -9],
							"rotation": [-25, 0, 0],
							"uv": {
								"north": {"uv": [23, 15], "uv_size": [1, 1]},
								"east": {"uv": [14, 14], "uv_size": [8, 1]},
								"south": {"uv": [16, 25], "uv_size": [1, 1]},
								"west": {"uv": [14, 0], "uv_size": [8, 1]},
								"up": {"uv": [14, 15], "uv_size": [1, 8]},
								"down": {"uv": [15, 23], "uv_size": [1, -8]}
							}
						},
						{
							"origin": [-1.5, -13, 13.5],
							"size": [1, 1.5, 0.5],
							"pivot": [-0.5, -12, -9],
							"rotation": [-25, 0, 0],
							"uv": {
								"north": {"uv": [24, 20], "uv_size": [1, 2]},
								"east": {"uv": [24, 22], "uv_size": [1, 2]},
								"south": {"uv": [6, 25], "uv_size": [1, 2]},
								"west": {"uv": [7, 25], "uv_size": [1, 2]},
								"up": {"uv": [26, 11], "uv_size": [1, 1]},
								"down": {"uv": [26, 13], "uv_size": [1, -1]}
							}
						},
						{
							"origin": [-1.5, -13.25, 3.75],
							"size": [1, 1.25, 9.5],
							"pivot": [-0.5, -13, -9],
							"rotation": [-25, 0, 0],
							"uv": {
								"north": {"uv": [17, 25], "uv_size": [1, 1]},
								"east": {"uv": [6, 6], "uv_size": [10, 1]},
								"south": {"uv": [22, 25], "uv_size": [1, 1]},
								"west": {"uv": [6, 7], "uv_size": [10, 1]},
								"up": {"uv": [6, 8], "uv_size": [1, 10]},
								"down": {"uv": [7, 18], "uv_size": [1, -10]}
							}
						},
						{
							"origin": [-1.5, -13.25, -7.75],
							"size": [1, 1, 11.5],
							"pivot": [-0.5, -13.25, -9],
							"rotation": [-25, 0, 0],
							"uv": {
								"north": {"uv": [23, 25], "uv_size": [1, 1]},
								"east": {"uv": [2, 2], "uv_size": [12, 1]},
								"south": {"uv": [25, 25], "uv_size": [1, 1]},
								"west": {"uv": [2, 3], "uv_size": [12, 1]},
								"up": {"uv": [2, 4], "uv_size": [1, 12]},
								"down": {"uv": [3, 16], "uv_size": [1, -12]}
							}
						},
						{
							"origin": [-1.25, -7, -6.25],
							"size": [0.5, 1, 14],
							"pivot": [-0.5, -7, -21.25],
							"rotation": [-25, 0, 0],
							"uv": {
								"north": {"uv": [25, 0], "uv_size": [1, 1]},
								"east": {"uv": [0, 0], "uv_size": [14, 1]},
								"south": {"uv": [25, 1], "uv_size": [1, 1]},
								"west": {"uv": [0, 1], "uv_size": [14, 1]},
								"up": {"uv": [0, 2], "uv_size": [1, 14]},
								"down": {"uv": [1, 16], "uv_size": [1, -14]}
							}
						},
						{
							"origin": [-1.25, -6, -6],
							"size": [0.5, 0.5, 7],
							"pivot": [-0.5, -6, -21.25],
							"rotation": [-25, 0, 0],
							"uv": {
								"north": {"uv": [25, 2], "uv_size": [1, 1]},
								"east": {"uv": [16, 15], "uv_size": [7, 1]},
								"south": {"uv": [25, 3], "uv_size": [1, 1]},
								"west": {"uv": [18, 18], "uv_size": [7, 1]},
								"up": {"uv": [6, 18], "uv_size": [1, 7]},
								"down": {"uv": [7, 25], "uv_size": [1, -7]}
							}
						},
						{
							"origin": [-1.75, -13.75, -8.5],
							"size": [1.5, 2.5, 0.5],
							"pivot": [-0.75, -13.75, -8.75],
							"rotation": [-30, 0, 0],
							"uv": {
								"north": {"uv": [8, 20], "uv_size": [2, 3]},
								"east": {"uv": [22, 0], "uv_size": [1, 3]},
								"south": {"uv": [20, 20], "uv_size": [2, 3]},
								"west": {"uv": [22, 19], "uv_size": [1, 3]},
								"up": {"uv": [19, 11], "uv_size": [2, 1]},
								"down": {"uv": [20, 20], "uv_size": [2, -1]}
							}
						},
						{
							"origin": [-0.75, -16.25, -7.25],
							"size": [0.25, 2.5, 0.25],
							"pivot": [-0.5, -14.75, -7.75],
							"rotation": [0, 0, 132.5],
							"uv": {
								"north": {"uv": [8, 23], "uv_size": [1, 3]},
								"east": {"uv": [9, 23], "uv_size": [1, 3]},
								"south": {"uv": [12, 23], "uv_size": [1, 3]},
								"west": {"uv": [13, 23], "uv_size": [1, 3]},
								"up": {"uv": [25, 4], "uv_size": [1, 1]},
								"down": {"uv": [25, 6], "uv_size": [1, -1]}
							}
						},
						{
							"origin": [-0.25, -16.25, -6.75],
							"size": [0.25, 2.5, 0.25],
							"pivot": [0, -14.75, -7.25],
							"rotation": [25, 0, -37.5],
							"uv": {
								"north": {"uv": [14, 23], "uv_size": [1, 3]},
								"east": {"uv": [15, 23], "uv_size": [1, 3]},
								"south": {"uv": [20, 23], "uv_size": [1, 3]},
								"west": {"uv": [21, 23], "uv_size": [1, 3]},
								"up": {"uv": [25, 6], "uv_size": [1, 1]},
								"down": {"uv": [25, 9], "uv_size": [1, -1]}
							}
						},
						{
							"origin": [0, -18, -7],
							"size": [0.25, 2.75, 0.25],
							"pivot": [0.25, -16.5, -7.5],
							"rotation": [15, 0, 5],
							"uv": {
								"north": {"uv": [23, 0], "uv_size": [1, 3]},
								"east": {"uv": [23, 11], "uv_size": [1, 3]},
								"south": {"uv": [23, 19], "uv_size": [1, 3]},
								"west": {"uv": [0, 24], "uv_size": [1, 3]},
								"up": {"uv": [25, 9], "uv_size": [1, 1]},
								"down": {"uv": [25, 11], "uv_size": [1, -1]}
							}
						},
						{
							"origin": [0.75, -19, -5.75],
							"size": [0.25, 3.25, 0.25],
							"pivot": [1, -16.75, -7],
							"rotation": [25, 0, -17.5],
							"uv": {
								"north": {"uv": [1, 24], "uv_size": [1, 3]},
								"east": {"uv": [2, 24], "uv_size": [1, 3]},
								"south": {"uv": [3, 24], "uv_size": [1, 3]},
								"west": {"uv": [24, 24], "uv_size": [1, 3]},
								"up": {"uv": [25, 11], "uv_size": [1, 1]},
								"down": {"uv": [25, 13], "uv_size": [1, -1]}
							}
						}
					]
				},
				{
					"name": "bone2",
					"parent": "bone",
					"pivot": [-5, 16, -0.25],
					"rotation": [-62.5, 0, 0],
					"cubes": [
						{
							"origin": [5, 8.5, 3.75],
							"size": [0.25, 0.75, 7.5],
							"pivot": [5.75, 8.25, 9.75],
							"rotation": [-25, 0, 0],
							"uv": {
								"north": {"uv": [25, 13], "uv_size": [1, 1]},
								"east": {"uv": [14, 1], "uv_size": [8, 1]},
								"south": {"uv": [25, 14], "uv_size": [1, 1]},
								"west": {"uv": [14, 2], "uv_size": [8, 1]},
								"up": {"uv": [0, 16], "uv_size": [1, 8]},
								"down": {"uv": [1, 24], "uv_size": [1, -8]}
							}
						},
						{
							"origin": [5, 11.75, -2.75],
							"size": [0.25, 0.75, 7.5],
							"pivot": [5.75, 11.5, 3.25],
							"rotation": [-30, 0, 0],
							"uv": {
								"north": {"uv": [25, 15], "uv_size": [1, 1]},
								"east": {"uv": [14, 3], "uv_size": [8, 1]},
								"south": {"uv": [25, 16], "uv_size": [1, 1]},
								"west": {"uv": [16, 16], "uv_size": [8, 1]},
								"up": {"uv": [2, 16], "uv_size": [1, 8]},
								"down": {"uv": [3, 24], "uv_size": [1, -8]}
							}
						},
						{
							"origin": [5, 11.5, -2.75],
							"size": [0.25, 0.25, 7.5],
							"pivot": [5.75, 11.5, 3.25],
							"rotation": [-30, 0, 0],
							"uv": {
								"north": {"uv": [25, 17], "uv_size": [1, 1]},
								"east": {"uv": [16, 4], "uv_size": [8, 1]},
								"south": {"uv": [25, 18], "uv_size": [1, 1]},
								"west": {"uv": [16, 5], "uv_size": [8, 1]},
								"up": {"uv": [16, 17], "uv_size": [1, 8]},
								"down": {"uv": [17, 25], "uv_size": [1, -8]}
							}
						},
						{
							"origin": [5, 8.25, 3.75],
							"size": [0.25, 0.25, 7.5],
							"pivot": [5.75, 8.25, 9.75],
							"rotation": [-25, 0, 0],
							"uv": {
								"north": {"uv": [25, 20], "uv_size": [1, 1]},
								"east": {"uv": [16, 6], "uv_size": [8, 1]},
								"south": {"uv": [25, 21], "uv_size": [1, 1]},
								"west": {"uv": [16, 7], "uv_size": [8, 1]},
								"up": {"uv": [4, 18], "uv_size": [1, 8]},
								"down": {"uv": [5, 26], "uv_size": [1, -8]}
							}
						},
						{
							"origin": [5, 8.5, 7.75],
							"size": [0.25, 0.2, 9.75],
							"pivot": [5.75, 8, 11.25],
							"rotation": [-22.5, 0, 0],
							"uv": {
								"north": {"uv": [25, 22], "uv_size": [1, 1]},
								"east": {"uv": [8, 8], "uv_size": [10, 1]},
								"south": {"uv": [25, 23], "uv_size": [1, 1]},
								"west": {"uv": [8, 9], "uv_size": [10, 1]},
								"up": {"uv": [8, 10], "uv_size": [1, 10]},
								"down": {"uv": [9, 20], "uv_size": [1, -10]}
							}
						},
						{
							"origin": [5, 8.25, 7.75],
							"size": [0.25, 0.45, 8.75],
							"pivot": [5.75, 8, 11.25],
							"rotation": [-22.5, 0, 0],
							"uv": {
								"north": {"uv": [25, 24], "uv_size": [1, 1]},
								"east": {"uv": [10, 10], "uv_size": [9, 1]},
								"south": {"uv": [4, 26], "uv_size": [1, 1]},
								"west": {"uv": [10, 11], "uv_size": [9, 1]},
								"up": {"uv": [10, 12], "uv_size": [1, 9]},
								"down": {"uv": [11, 21], "uv_size": [1, -9]}
							}
						},
						{
							"origin": [5, 7.75, 7.75],
							"size": [0.25, 0.95, 5.5],
							"pivot": [5.75, 8, 11.25],
							"rotation": [-22.5, 0, 0],
							"uv": {
								"north": {"uv": [5, 26], "uv_size": [1, 1]},
								"east": {"uv": [18, 17], "uv_size": [6, 1]},
								"south": {"uv": [8, 26], "uv_size": [1, 1]},
								"west": {"uv": [19, 10], "uv_size": [6, 1]},
								"up": {"uv": [10, 21], "uv_size": [1, 6]},
								"down": {"uv": [11, 27], "uv_size": [1, -6]}
							}
						},
						{
							"origin": [5, 7.5, 11],
							"size": [0.25, 0.35, 6.5],
							"pivot": [5.75, 7.5, 11.25],
							"rotation": [-15, 0, 0],
							"uv": {
								"north": {"uv": [9, 26], "uv_size": [1, 1]},
								"east": {"uv": [18, 8], "uv_size": [7, 1]},
								"south": {"uv": [12, 26], "uv_size": [1, 1]},
								"west": {"uv": [18, 9], "uv_size": [7, 1]},
								"up": {"uv": [18, 19], "uv_size": [1, 7]},
								"down": {"uv": [19, 26], "uv_size": [1, -7]}
							}
						},
						{
							"origin": [5, 7.5, 15.25],
							"size": [0.25, 0.6, 0.75],
							"pivot": [5.75, 7.5, 11.25],
							"rotation": [-15, 0, 0],
							"uv": {
								"north": {"uv": [13, 26], "uv_size": [1, 1]},
								"east": {"uv": [14, 26], "uv_size": [1, 1]},
								"south": {"uv": [15, 26], "uv_size": [1, 1]},
								"west": {"uv": [16, 26], "uv_size": [1, 1]},
								"up": {"uv": [17, 26], "uv_size": [1, 1]},
								"down": {"uv": [18, 27], "uv_size": [1, -1]}
							}
						},
						{
							"origin": [5, 7.5, 12.75],
							"size": [0.25, 0.6, 2.75],
							"pivot": [5.75, 7.5, 11.25],
							"rotation": [-15, 0, 0],
							"uv": {
								"north": {"uv": [19, 26], "uv_size": [1, 1]},
								"east": {"uv": [22, 3], "uv_size": [3, 1]},
								"south": {"uv": [20, 26], "uv_size": [1, 1]},
								"west": {"uv": [22, 14], "uv_size": [3, 1]},
								"up": {"uv": [24, 0], "uv_size": [1, 3]},
								"down": {"uv": [24, 7], "uv_size": [1, -3]}
							}
						},
						{
							"origin": [4.75, 14.5, -12.75],
							"size": [0.75, 1.25, 11.5],
							"pivot": [5.5, 14.75, -2.25],
							"rotation": [-27.5, 0, 0],
							"uv": {
								"north": {"uv": [21, 26], "uv_size": [1, 1]},
								"east": {"uv": [4, 4], "uv_size": [12, 1]},
								"south": {"uv": [22, 26], "uv_size": [1, 1]},
								"west": {"uv": [4, 5], "uv_size": [12, 1]},
								"up": {"uv": [4, 6], "uv_size": [1, 12]},
								"down": {"uv": [5, 18], "uv_size": [1, -12]}
							}
						},
						{
							"origin": [4.5, 14.75, -2.5],
							"size": [1.25, 0.75, 0.75],
							"pivot": [5.5, 14.75, -2.25],
							"rotation": [-27.5, 0, 0],
							"uv": {
								"north": {"uv": [23, 26], "uv_size": [1, 1]},
								"east": {"uv": [25, 26], "uv_size": [1, 1]},
								"south": {"uv": [26, 26], "uv_size": [1, 1]},
								"west": {"uv": [26, 0], "uv_size": [1, 1]},
								"up": {"uv": [26, 1], "uv_size": [1, 1]},
								"down": {"uv": [26, 3], "uv_size": [1, -1]}
							}
						},
						{
							"origin": [4.5, 15, -11.75],
							"size": [1.25, 0.25, 9.25],
							"pivot": [5.5, 14.75, -2.25],
							"rotation": [-27.5, 0, 0],
							"uv": {
								"north": {"uv": [26, 3], "uv_size": [1, 1]},
								"east": {"uv": [12, 12], "uv_size": [9, 1]},
								"south": {"uv": [26, 4], "uv_size": [1, 1]},
								"west": {"uv": [12, 13], "uv_size": [9, 1]},
								"up": {"uv": [12, 14], "uv_size": [1, 9]},
								"down": {"uv": [13, 23], "uv_size": [1, -9]}
							}
						},
						{
							"origin": [4.5, 14.75, -12.5],
							"size": [1.25, 0.75, 0.75],
							"pivot": [5.5, 14.75, -2.25],
							"rotation": [-27.5, 0, 0],
							"uv": {
								"north": {"uv": [26, 5], "uv_size": [1, 1]},
								"east": {"uv": [26, 6], "uv_size": [1, 1]},
								"south": {"uv": [26, 7], "uv_size": [1, 1]},
								"west": {"uv": [26, 8], "uv_size": [1, 1]},
								"up": {"uv": [26, 9], "uv_size": [1, 1]},
								"down": {"uv": [26, 11], "uv_size": [1, -1]}
							}
						},
						{
							"origin": [4, 13.75, -1.25],
							"size": [2.25, 2.75, 0.25],
							"pivot": [5.5, 14.75, -2.25],
							"rotation": [-27.5, 0, 0],
							"uv": {
								"north": {"uv": [21, 11], "uv_size": [2, 3]},
								"east": {"uv": [24, 11], "uv_size": [1, 3]},
								"south": {"uv": [22, 22], "uv_size": [2, 3]},
								"west": {"uv": [24, 15], "uv_size": [1, 3]},
								"up": {"uv": [24, 7], "uv_size": [2, 1]},
								"down": {"uv": [24, 20], "uv_size": [2, -1]}
							}
						}
					]
				}
			]
		}
	]
}
