{
	"format_version": "1.12.0",
	"minecraft:geometry": [
		{
			"description": {
				"identifier": "geometry.bera__",
				"texture_width": 64,
				"texture_height": 64,
				"visible_bounds_width": 5,
				"visible_bounds_height": 3,
				"visible_bounds_offset": [0, 0.5, 0]
			},
			"bones": [
				{
					"name": "bone",
					"pivot": [8, 8, -10],
					"rotation": [25, -90, 0]
				},
				{
					"name": "Bayttouken",
					"parent": "bone",
					"pivot": [8, 8, -10],
					"cubes": [
						{
							"origin": [17.75, 5.75, 8.5],
							"size": [0.5, 0.75, 4.5],
							"pivot": [18.5, 6, -10],
							"rotation": [-25, 0, 0],
							"uv": {
								"north": {"uv": [19, 11], "uv_size": [1, 1]},
								"east": {"uv": [12, 12], "uv_size": [8, 1]},
								"south": {"uv": [12, 13], "uv_size": [1, 1]},
								"west": {"uv": [23, 16], "uv_size": [2, 4]},
								"up": {"uv": [12, 14], "uv_size": [1, 8]},
								"down": {"uv": [13, 22], "uv_size": [1, -8]}
							}
						},
						{
							"origin": [17.5, 4.75, 2.75],
							"size": [1, 1.5, 8],
							"pivot": [18.5, 5, -10],
							"rotation": [-25, 0, 0],
							"uv": {
								"north": {"uv": [24, 23], "uv_size": [1, 1]},
								"east": {"uv": [0, 20], "uv_size": [8, 5]},
								"south": {"uv": [6, 25], "uv_size": [1, 1]},
								"west": {"uv": [0, 20], "uv_size": [8, 5]},
								"up": {"uv": [14, 28], "uv_size": [1, 1]},
								"down": {"uv": [12, 20], "uv_size": [1, -8]}
							}
						},
						{
							"origin": [17.5, 4.75, -2.5],
							"size": [1, 1.5, 5.25],
							"pivot": [18.5, 4.75, -10],
							"rotation": [-25, 0, 0],
							"uv": {
								"north": {"uv": [7, 25], "uv_size": [1, 1]},
								"east": {"uv": [14, 27], "uv_size": [4, 5]},
								"south": {"uv": [12, 25], "uv_size": [1, 1]},
								"west": {"uv": [13, 27], "uv_size": [5, 5]},
								"up": {"uv": [15, 28], "uv_size": [1, 1]},
								"down": {"uv": [0, 2], "uv_size": [2, -1]}
							}
						},
						{
							"origin": [17.5, 4.75, -8.75],
							"size": [1, 2, 6.25],
							"pivot": [18.5, 4.75, -10],
							"rotation": [-25, 0, 0],
							"uv": {
								"north": {"uv": [7, 25], "uv_size": [1, 1]},
								"east": {"uv": [0, 1], "uv_size": [16, 7]},
								"south": {"uv": [12, 25], "uv_size": [1, 1]},
								"west": {"uv": [2, 25], "uv_size": [16, 7]},
								"up": {"uv": [22, 15], "uv_size": [4, 11]},
								"down": {"uv": [22, 25], "uv_size": [4, -10]}
							}
						},
						{
							"origin": [17.75, 11, -7.25],
							"size": [0.5, 1, 14],
							"pivot": [18.5, 11, -22.25],
							"rotation": [-25, 0, 0],
							"uv": {
								"north": {"uv": [13, 25], "uv_size": [1, 1]},
								"east": {"uv": [0, 0], "uv_size": [14, 1]},
								"south": {"uv": [16, 25], "uv_size": [1, 1]},
								"west": {"uv": [0, 1], "uv_size": [14, 1]},
								"up": {"uv": [0, 2], "uv_size": [1, 14]},
								"down": {"uv": [1, 16], "uv_size": [1, -14]}
							}
						},
						{
							"origin": [17.75, 12, -0.75],
							"size": [0.5, 0.5, 10.75],
							"pivot": [18.5, 12, -22.25],
							"rotation": [-25, 0, 0],
							"uv": {
								"north": {"uv": [17, 25], "uv_size": [1, 1]},
								"east": {"uv": [13, 25], "uv_size": [5, 2]},
								"south": {"uv": [18, 25], "uv_size": [1, 1]},
								"west": {"uv": [14, 25], "uv_size": [4, 2]},
								"up": {"uv": [14, 26], "uv_size": [1, -1]},
								"down": {"uv": [7, 25], "uv_size": [1, -7]}
							}
						},
						{
							"origin": [17.6, -3.8, 8.6],
							"size": [0.75, 0.65, 2.4],
							"uv": {
								"north": {"uv": [19, 25], "uv_size": [1, 1]},
								"east": {"uv": [20, 19], "uv_size": [2, 1]},
								"south": {"uv": [22, 25], "uv_size": [1, 1]},
								"west": {"uv": [23, 15], "uv_size": [2, 1]},
								"up": {"uv": [24, 11], "uv_size": [1, 2]},
								"down": {"uv": [13, 15], "uv_size": [1, -2]}
							}
						},
						{
							"origin": [17.25, 4.25, -9.5],
							"size": [1.5, 2.5, 1],
							"pivot": [18.25, 4.25, -9.75],
							"rotation": [-30, 0, 0],
							"uv": {
								"north": {"uv": [29, 9], "uv_size": [3, 3]},
								"east": {"uv": [26, 12], "uv_size": [6, 10]},
								"south": {"uv": [32, 9], "uv_size": [0, 2]},
								"west": {"uv": [26, 22], "uv_size": [6, 10]},
								"up": {"uv": [18, 26], "uv_size": [8, 6]},
								"down": {"uv": [18, 32], "uv_size": [8, -6]}
							}
						}
					]
				},
				{
					"name": "bone2",
					"parent": "bone",
					"pivot": [8, 7, -8.25],
					"cubes": [
						{
							"origin": [18, -0.5, -4.25],
							"size": [0.25, 0.75, 7.5],
							"pivot": [18.75, -0.75, 1.75],
							"rotation": [-25, 0, 0],
							"uv": {
								"north": {"uv": [25, 7], "uv_size": [1, 1]},
								"east": {"uv": [24, 0], "uv_size": [8, 1]},
								"south": {"uv": [25, 8], "uv_size": [1, 1]},
								"west": {"uv": [24, 1], "uv_size": [8, 1]},
								"up": {"uv": [26, 2], "uv_size": [1, 8]},
								"down": {"uv": [1, 24], "uv_size": [1, -8]}
							}
						},
						{
							"origin": [18, 2.75, -10.75],
							"size": [0.25, 0.75, 7.5],
							"pivot": [18.75, 2.5, -4.75],
							"rotation": [-30, 0, 0],
							"uv": {
								"north": {"uv": [25, 9], "uv_size": [1, 1]},
								"east": {"uv": [24, 2], "uv_size": [8, 1]},
								"south": {"uv": [25, 10], "uv_size": [1, 1]},
								"west": {"uv": [24, 0], "uv_size": [8, 1]},
								"up": {"uv": [22, 4], "uv_size": [1, 8]},
								"down": {"uv": [3, 24], "uv_size": [1, -8]}
							}
						},
						{
							"origin": [18, 2.5, -10.75],
							"size": [0.25, 0.25, 7.5],
							"pivot": [18.75, 2.5, -4.75],
							"rotation": [-30, 0, 0],
							"uv": {
								"north": {"uv": [25, 11], "uv_size": [1, 1]},
								"east": {"uv": [0, 15], "uv_size": [8, 1]},
								"south": {"uv": [25, 12], "uv_size": [1, 1]},
								"west": {"uv": [0, 16], "uv_size": [8, 1]},
								"up": {"uv": [16, 17], "uv_size": [1, 8]},
								"down": {"uv": [0, 18], "uv_size": [1, -4]}
							}
						},
						{
							"origin": [18, -0.75, -4.25],
							"size": [0.25, 0.25, 7.5],
							"pivot": [18.75, -0.75, 1.75],
							"rotation": [-25, 0, 0],
							"uv": {
								"north": {"uv": [25, 14], "uv_size": [1, 1]},
								"east": {"uv": [0, 18], "uv_size": [8, 1]},
								"south": {"uv": [25, 15], "uv_size": [1, 1]},
								"west": {"uv": [0, 17], "uv_size": [8, 1]},
								"up": {"uv": [4, 18], "uv_size": [1, 8]},
								"down": {"uv": [0, 16], "uv_size": [3, -1]}
							}
						},
						{
							"origin": [18, -0.5, -0.25],
							"size": [0.25, 0.2, 9.75],
							"pivot": [18.75, -1, 3.25],
							"rotation": [-22.5, 0, 0],
							"uv": {
								"north": {"uv": [25, 16], "uv_size": [1, 1]},
								"east": {"uv": [22, 0], "uv_size": [10, 1]},
								"south": {"uv": [25, 17], "uv_size": [1, 1]},
								"west": {"uv": [22, 0], "uv_size": [10, 1]},
								"up": {"uv": [20, 0], "uv_size": [1, 10]},
								"down": {"uv": [7, 18], "uv_size": [1, -10]}
							}
						},
						{
							"origin": [18, -0.75, -0.25],
							"size": [0.25, 0.45, 8.75],
							"pivot": [18.75, -1, 3.25],
							"rotation": [-22.5, 0, 0],
							"uv": {
								"north": {"uv": [25, 18], "uv_size": [1, 1]},
								"east": {"uv": [23, 0], "uv_size": [9, 1]},
								"south": {"uv": [25, 21], "uv_size": [1, 1]},
								"west": {"uv": [23, 0], "uv_size": [9, 1]},
								"up": {"uv": [8, 10], "uv_size": [1, 9]},
								"down": {"uv": [9, 19], "uv_size": [1, -9]}
							}
						},
						{
							"origin": [18, -1.25, -0.25],
							"size": [0.25, 0.95, 5.5],
							"pivot": [18.75, -1, 3.25],
							"rotation": [-22.5, 0, 0],
							"uv": {
								"north": {"uv": [25, 22], "uv_size": [1, 1]},
								"east": {"uv": [12, 10], "uv_size": [4, 3]},
								"south": {"uv": [25, 23], "uv_size": [1, 1]},
								"west": {"uv": [19, 10], "uv_size": [6, 1]},
								"up": {"uv": [21, 5], "uv_size": [1, 6]},
								"down": {"uv": [3, 18], "uv_size": [2, -3]}
							}
						},
						{
							"origin": [18, -1.5, 3],
							"size": [0.25, 0.35, 6.5],
							"pivot": [18.75, -1.5, 3.25],
							"rotation": [-15, 0, 0],
							"uv": {
								"north": {"uv": [25, 24], "uv_size": [1, 1]},
								"east": {"uv": [0, 16], "uv_size": [7, 1]},
								"south": {"uv": [30, 0], "uv_size": [1, 1]},
								"west": {"uv": [0, 17], "uv_size": [7, 1]},
								"up": {"uv": [31, 1], "uv_size": [1, 7]},
								"down": {"uv": [3, 18], "uv_size": [1, -4]}
							}
						},
						{
							"origin": [18, -1.5, 7.25],
							"size": [0.25, 0.6, 0.75],
							"pivot": [18.75, -1.5, 3.25],
							"rotation": [-15, 0, 0],
							"uv": {
								"north": {"uv": [5, 26], "uv_size": [1, 1]},
								"east": {"uv": [0, 13], "uv_size": [4, 2]},
								"south": {"uv": [13, 21], "uv_size": [1, 1]},
								"west": {"uv": [0, 13], "uv_size": [1, 2]},
								"up": {"uv": [31, 0], "uv_size": [1, 1]},
								"down": {"uv": [3, 18], "uv_size": [1, -1]}
							}
						},
						{
							"origin": [18, -1.5, 4.75],
							"size": [0.25, 0.6, 2.75],
							"pivot": [18.75, -1.5, 3.25],
							"rotation": [-15, 0, 0],
							"uv": {
								"north": {"uv": [13, 26], "uv_size": [1, 1]},
								"east": {"uv": [0, 13], "uv_size": [3, 2]},
								"south": {"uv": [14, 26], "uv_size": [1, 1]},
								"west": {"uv": [12, 11], "uv_size": [3, 2]},
								"up": {"uv": [24, 24], "uv_size": [1, 3]},
								"down": {"uv": [0, 18], "uv_size": [1, -3]}
							}
						},
						{
							"origin": [17.75, 5.5, -20.75],
							"size": [0.75, 1.25, 11.5],
							"pivot": [18.5, 5.75, -10.25],
							"rotation": [-27.5, 0, 0],
							"uv": {
								"north": {"uv": [0, 31], "uv_size": [1, 1]},
								"east": {"uv": [0, 27], "uv_size": [3, 5]},
								"south": {"uv": [16, 26], "uv_size": [1, 1]},
								"west": {"uv": [0, 27], "uv_size": [3, 5]},
								"up": {"uv": [0, 27], "uv_size": [3, 5]},
								"down": {"uv": [0, 32], "uv_size": [3, -5]}
							}
						},
						{
							"origin": [17.5, 5.75, -10.5],
							"size": [1.25, 0.75, 0.75],
							"pivot": [18.5, 5.75, -10.25],
							"rotation": [-27.5, 0, 0],
							"uv": {
								"north": {"uv": [0, 31], "uv_size": [1, 1]},
								"east": {"uv": [0, 31], "uv_size": [1, 1]},
								"south": {"uv": [0, 31], "uv_size": [1, 1]},
								"west": {"uv": [0, 31], "uv_size": [1, 1]},
								"up": {"uv": [0, 31], "uv_size": [1, 1]},
								"down": {"uv": [0, 32], "uv_size": [1, -1]}
							}
						},
						{
							"origin": [17.5, 6, -19.75],
							"size": [1.25, 0.25, 9.25],
							"pivot": [18.5, 5.75, -10.25],
							"rotation": [-27.5, 0, 0],
							"uv": {
								"north": {"uv": [23, 26], "uv_size": [1, 1]},
								"east": {"uv": [0, 31], "uv_size": [2, 1]},
								"south": {"uv": [25, 26], "uv_size": [1, 1]},
								"west": {"uv": [0, 31], "uv_size": [0, 1]},
								"up": {"uv": [0, 30], "uv_size": [2, 2]},
								"down": {"uv": [0, 32], "uv_size": [1, -4]}
							}
						},
						{
							"origin": [17.5, 5.75, -20.5],
							"size": [1.25, 0.75, 0.75],
							"pivot": [18.5, 5.75, -10.25],
							"rotation": [-27.5, 0, 0],
							"uv": {
								"north": {"uv": [0, 31], "uv_size": [1, 1]},
								"east": {"uv": [0, 29], "uv_size": [1, 1]},
								"south": {"uv": [0, 31], "uv_size": [1, 1]},
								"west": {"uv": [0, 30], "uv_size": [1, 1]},
								"up": {"uv": [0, 31], "uv_size": [1, 1]},
								"down": {"uv": [0, 32], "uv_size": [1, -1]}
							}
						},
						{
							"origin": [17, 4.75, -9.25],
							"size": [2.25, 2.75, 0.25],
							"pivot": [18.5, 5.75, -10.25],
							"rotation": [-27.5, 0, 0],
							"uv": {
								"north": {"uv": [0, 29], "uv_size": [2, 3]},
								"east": {"uv": [0, 29], "uv_size": [1, 3]},
								"south": {"uv": [0, 29], "uv_size": [2, 3]},
								"west": {"uv": [0, 29], "uv_size": [1, 3]},
								"up": {"uv": [0, 31], "uv_size": [2, 1]},
								"down": {"uv": [0, 32], "uv_size": [2, -1]}
							}
						}
					]
				},
				{
					"name": "bone3",
					"pivot": [0, 0, 0],
					"cubes": [
						{
							"origin": [-6, 0, -3.5],
							"size": [2, 2, 7],
							"uv": {
								"north": {"uv": [0, 58], "uv_size": [64, 6]},
								"east": {"uv": [0, 58], "uv_size": [64, 6]},
								"south": {"uv": [0, 58], "uv_size": [64, 6]},
								"west": {"uv": [0, 58], "uv_size": [64, 6]},
								"up": {"uv": [64, 64], "uv_size": [-64, -6]},
								"down": {"uv": [64, 64], "uv_size": [-64, -6]}
							}
						},
						{
							"origin": [4, 0, -3.5],
							"size": [2, 2, 7],
							"uv": {
								"north": {"uv": [0, 58], "uv_size": [64, 6]},
								"east": {"uv": [0, 58], "uv_size": [64, 6]},
								"south": {"uv": [0, 58], "uv_size": [64, 6]},
								"west": {"uv": [0, 58], "uv_size": [64, 6]},
								"up": {"uv": [64, 64], "uv_size": [-64, -6]},
								"down": {"uv": [64, 64], "uv_size": [-64, -6]}
							}
						},
						{
							"origin": [-8, 0, -1.5],
							"size": [16, 2, 3],
							"uv": {
								"north": {"uv": [0, 58], "uv_size": [64, 6]},
								"east": {"uv": [0, 58], "uv_size": [64, 6]},
								"south": {"uv": [0, 58], "uv_size": [64, 6]},
								"west": {"uv": [0, 58], "uv_size": [64, 6]},
								"up": {"uv": [64, 64], "uv_size": [-64, -6]},
								"down": {"uv": [64, 64], "uv_size": [-64, -6]}
							}
						},
						{
							"origin": [-6, 2, -2],
							"size": [2, 1, 4],
							"uv": {
								"north": {"uv": [0, 58], "uv_size": [64, 6]},
								"east": {"uv": [0, 58], "uv_size": [64, 6]},
								"south": {"uv": [0, 58], "uv_size": [64, 6]},
								"west": {"uv": [0, 58], "uv_size": [64, 6]},
								"up": {"uv": [64, 64], "uv_size": [-64, -6]},
								"down": {"uv": [64, 64], "uv_size": [-64, -6]}
							}
						},
						{
							"origin": [4, 2, -2],
							"size": [2, 1, 4],
							"uv": {
								"north": {"uv": [0, 58], "uv_size": [64, 6]},
								"east": {"uv": [0, 58], "uv_size": [64, 6]},
								"south": {"uv": [0, 58], "uv_size": [64, 6]},
								"west": {"uv": [0, 58], "uv_size": [64, 6]},
								"up": {"uv": [64, 64], "uv_size": [-64, -6]},
								"down": {"uv": [64, 64], "uv_size": [-64, -6]}
							}
						},
						{
							"origin": [-6, 3, -1],
							"size": [2, 2, 2],
							"uv": {
								"north": {"uv": [0, 58], "uv_size": [64, 6]},
								"east": {"uv": [0, 58], "uv_size": [64, 6]},
								"south": {"uv": [0, 58], "uv_size": [64, 6]},
								"west": {"uv": [0, 58], "uv_size": [64, 6]},
								"up": {"uv": [64, 64], "uv_size": [-64, -6]},
								"down": {"uv": [64, 64], "uv_size": [-64, -6]}
							}
						},
						{
							"origin": [4, 3, -1],
							"size": [2, 2, 2],
							"uv": {
								"north": {"uv": [0, 58], "uv_size": [64, 6]},
								"east": {"uv": [0, 58], "uv_size": [64, 6]},
								"south": {"uv": [0, 58], "uv_size": [64, 6]},
								"west": {"uv": [0, 58], "uv_size": [64, 6]},
								"up": {"uv": [64, 64], "uv_size": [-64, -6]},
								"down": {"uv": [64, 64], "uv_size": [-64, -6]}
							}
						},
						{
							"origin": [-6, 4, 1],
							"size": [2, 1, 1],
							"pivot": [0, 0, 0],
							"rotation": [25, 0, 0],
							"uv": {
								"north": {"uv": [0, 58], "uv_size": [64, 6]},
								"east": {"uv": [0, 58], "uv_size": [64, 6]},
								"south": {"uv": [0, 58], "uv_size": [64, 6]},
								"west": {"uv": [0, 58], "uv_size": [64, 6]},
								"up": {"uv": [64, 64], "uv_size": [-64, -6]},
								"down": {"uv": [64, 64], "uv_size": [-64, -6]}
							}
						},
						{
							"origin": [-6, 4, -2],
							"size": [2, 1, 1],
							"pivot": [0, 0, 0],
							"rotation": [-25, 0, 0],
							"uv": {
								"north": {"uv": [0, 58], "uv_size": [64, 6]},
								"east": {"uv": [0, 58], "uv_size": [64, 6]},
								"south": {"uv": [0, 58], "uv_size": [64, 6]},
								"west": {"uv": [0, 58], "uv_size": [64, 6]},
								"up": {"uv": [64, 64], "uv_size": [-64, -6]},
								"down": {"uv": [64, 64], "uv_size": [-64, -6]}
							}
						},
						{
							"origin": [4, 4, 1],
							"size": [2, 1, 1],
							"pivot": [0, 0, 0],
							"rotation": [25, 0, 0],
							"uv": {
								"north": {"uv": [0, 58], "uv_size": [64, 6]},
								"east": {"uv": [0, 58], "uv_size": [64, 6]},
								"south": {"uv": [0, 58], "uv_size": [64, 6]},
								"west": {"uv": [0, 58], "uv_size": [64, 6]},
								"up": {"uv": [64, 64], "uv_size": [-64, -6]},
								"down": {"uv": [64, 64], "uv_size": [-64, -6]}
							}
						},
						{
							"origin": [4, 4, -2],
							"size": [2, 1, 1],
							"pivot": [0, 0, 0],
							"rotation": [-25, 0, 0],
							"uv": {
								"north": {"uv": [0, 58], "uv_size": [64, 6]},
								"east": {"uv": [0, 58], "uv_size": [64, 6]},
								"south": {"uv": [0, 58], "uv_size": [64, 6]},
								"west": {"uv": [0, 58], "uv_size": [64, 6]},
								"up": {"uv": [64, 64], "uv_size": [-64, -6]},
								"down": {"uv": [64, 64], "uv_size": [-64, -6]}
							}
						}
					]
				}
			]
		}
	]
}