{
	"format_version": "1.12.0",
	"minecraft:geometry": [
		{
			"description": {
				"identifier": "geometry.black_fox__",
				"texture_width": 32,
				"texture_height": 32,
				"visible_bounds_width": 5,
				"visible_bounds_height": 2,
				"visible_bounds_offset": [0, 0, 0]
			},
			"bones": [
				{
					"name": "bone",
					"pivot": [8, 8, -10],
					"rotation": [25, -90, 0]
				},
				{
					"name": "Bayttouken",
					"parent": "bone",
					"pivot": [8, 8, -10],
					"cubes": [
						{
							"origin": [17.75, 5.75, 5],
							"size": [0.5, 0.75, 8],
							"pivot": [18.5, 6, -10],
							"rotation": [-25, 0, 0],
							"uv": {
								"north": {"uv": [22, 14], "uv_size": [1, 1]},
								"east": {"uv": [12, 12], "uv_size": [8, 1]},
								"south": {"uv": [24, 17], "uv_size": [1, 1]},
								"west": {"uv": [12, 13], "uv_size": [8, 1]},
								"up": {"uv": [12, 14], "uv_size": [1, 8]},
								"down": {"uv": [13, 22], "uv_size": [1, -8]}
							}
						},
						{
							"origin": [17.5, 4.75, 2.75],
							"size": [1, 1.25, 8],
							"pivot": [18.5, 5, -10],
							"rotation": [-25, 0, 0],
							"uv": {
								"north": {"uv": [24, 19], "uv_size": [1, 1]},
								"east": {"uv": [14, 14], "uv_size": [8, 1]},
								"south": {"uv": [24, 20], "uv_size": [1, 1]},
								"west": {"uv": [14, 0], "uv_size": [8, 1]},
								"up": {"uv": [14, 15], "uv_size": [1, 8]},
								"down": {"uv": [15, 23], "uv_size": [1, -8]}
							}
						},
						{
							"origin": [17.5, 4.75, -8.75],
							"size": [1, 1, 11.5],
							"pivot": [18.5, 4.75, -10],
							"rotation": [-25, 0, 0],
							"uv": {
								"north": {"uv": [24, 21], "uv_size": [1, 1]},
								"east": {"uv": [2, 2], "uv_size": [12, 1]},
								"south": {"uv": [24, 23], "uv_size": [1, 1]},
								"west": {"uv": [2, 3], "uv_size": [12, 1]},
								"up": {"uv": [2, 4], "uv_size": [1, 12]},
								"down": {"uv": [3, 16], "uv_size": [1, -12]}
							}
						},
						{
							"origin": [17.75, 11, -7.25],
							"size": [0.5, 1, 14],
							"pivot": [18.5, 11, -22.25],
							"rotation": [-25, 0, 0],
							"uv": {
								"north": {"uv": [6, 25], "uv_size": [1, 1]},
								"east": {"uv": [0, 0], "uv_size": [14, 1]},
								"south": {"uv": [7, 25], "uv_size": [1, 1]},
								"west": {"uv": [0, 1], "uv_size": [14, 1]},
								"up": {"uv": [0, 2], "uv_size": [1, 14]},
								"down": {"uv": [1, 16], "uv_size": [1, -14]}
							}
						},
						{
							"origin": [17.75, 12, -7],
							"size": [0.5, 0.5, 7],
							"pivot": [18.5, 12, -22.25],
							"rotation": [-25, 0, 0],
							"uv": {
								"north": {"uv": [12, 25], "uv_size": [1, 1]},
								"east": {"uv": [16, 15], "uv_size": [7, 1]},
								"south": {"uv": [13, 25], "uv_size": [1, 1]},
								"west": {"uv": [17, 8], "uv_size": [7, 1]},
								"up": {"uv": [6, 18], "uv_size": [1, 7]},
								"down": {"uv": [7, 25], "uv_size": [1, -7]}
							}
						},
						{
							"origin": [17.6, -3.8, 8.6],
							"size": [0.75, 0.65, 2.4],
							"uv": {
								"north": {"uv": [16, 25], "uv_size": [1, 1]},
								"east": {"uv": [22, 3], "uv_size": [2, 1]},
								"south": {"uv": [17, 25], "uv_size": [1, 1]},
								"west": {"uv": [22, 20], "uv_size": [2, 1]},
								"up": {"uv": [19, 10], "uv_size": [1, 2]},
								"down": {"uv": [24, 14], "uv_size": [1, -2]}
							}
						},
						{
							"origin": [17.25, 4.25, -9.5],
							"size": [1.5, 2.5, 0.5],
							"pivot": [18.25, 4.25, -9.75],
							"rotation": [-30, 0, 0],
							"uv": {
								"north": {"uv": [20, 20], "uv_size": [2, 3]},
								"east": {"uv": [14, 23], "uv_size": [1, 3]},
								"south": {"uv": [20, 10], "uv_size": [2, 3]},
								"west": {"uv": [15, 23], "uv_size": [1, 3]},
								"up": {"uv": [22, 21], "uv_size": [2, 1]},
								"down": {"uv": [24, 15], "uv_size": [2, -1]}
							}
						},
						{
							"origin": [18.25, 1.75, -8.25],
							"size": [0.25, 2.5, 0.25],
							"pivot": [18.5, 3.25, -8.75],
							"rotation": [0, 0, 132.5],
							"uv": {
								"north": {"uv": [20, 23], "uv_size": [1, 3]},
								"east": {"uv": [21, 23], "uv_size": [1, 3]},
								"south": {"uv": [22, 23], "uv_size": [1, 3]},
								"west": {"uv": [23, 23], "uv_size": [1, 3]},
								"up": {"uv": [25, 24], "uv_size": [1, 1]},
								"down": {"uv": [4, 27], "uv_size": [1, -1]}
							}
						},
						{
							"origin": [18.75, 1.75, -7.75],
							"size": [0.25, 2.5, 0.25],
							"pivot": [19, 3.25, -8.25],
							"rotation": [25, 0, -37.5],
							"uv": {
								"north": {"uv": [1, 24], "uv_size": [1, 3]},
								"east": {"uv": [2, 24], "uv_size": [1, 3]},
								"south": {"uv": [3, 24], "uv_size": [1, 3]},
								"west": {"uv": [10, 24], "uv_size": [1, 3]},
								"up": {"uv": [7, 26], "uv_size": [1, 1]},
								"down": {"uv": [8, 27], "uv_size": [1, -1]}
							}
						},
						{
							"origin": [19, 0, -8],
							"size": [0.25, 2.75, 0.25],
							"pivot": [19.25, 1.5, -8.5],
							"rotation": [15, 0, 5],
							"uv": {
								"north": {"uv": [23, 0], "uv_size": [1, 3]},
								"east": {"uv": [23, 10], "uv_size": [1, 3]},
								"south": {"uv": [23, 13], "uv_size": [1, 3]},
								"west": {"uv": [0, 24], "uv_size": [1, 3]},
								"up": {"uv": [5, 26], "uv_size": [1, 1]},
								"down": {"uv": [6, 27], "uv_size": [1, -1]}
							}
						},
						{
							"origin": [19.75, -1, -6.75],
							"size": [0.25, 3.25, 0.25],
							"pivot": [20, 1.25, -8],
							"rotation": [25, 0, -17.5],
							"uv": {
								"north": {"uv": [11, 24], "uv_size": [1, 3]},
								"east": {"uv": [24, 24], "uv_size": [1, 3]},
								"south": {"uv": [24, 0], "uv_size": [1, 3]},
								"west": {"uv": [24, 3], "uv_size": [1, 3]},
								"up": {"uv": [9, 26], "uv_size": [1, 1]},
								"down": {"uv": [12, 27], "uv_size": [1, -1]}
							}
						}
					]
				},
				{
					"name": "bone2",
					"parent": "bone",
					"pivot": [8, 7, -8.25],
					"cubes": [
						{
							"origin": [18, -0.5, -4.25],
							"size": [0.25, 0.75, 7.5],
							"pivot": [18.75, -0.75, 1.75],
							"rotation": [-25, 0, 0],
							"uv": {
								"north": {"uv": [25, 25], "uv_size": [1, 1]},
								"east": {"uv": [14, 1], "uv_size": [8, 1]},
								"south": {"uv": [25, 0], "uv_size": [1, 1]},
								"west": {"uv": [14, 2], "uv_size": [8, 1]},
								"up": {"uv": [0, 16], "uv_size": [1, 8]},
								"down": {"uv": [1, 24], "uv_size": [1, -8]}
							}
						},
						{
							"origin": [18, 2.75, -10.75],
							"size": [0.25, 0.75, 7.5],
							"pivot": [18.75, 2.5, -4.75],
							"rotation": [-30, 0, 0],
							"uv": {
								"north": {"uv": [13, 26], "uv_size": [1, 1]},
								"east": {"uv": [16, 4], "uv_size": [8, 1]},
								"south": {"uv": [14, 26], "uv_size": [1, 1]},
								"west": {"uv": [16, 5], "uv_size": [8, 1]},
								"up": {"uv": [16, 17], "uv_size": [1, 8]},
								"down": {"uv": [17, 25], "uv_size": [1, -8]}
							}
						},
						{
							"origin": [18, 2.5, -10.75],
							"size": [0.25, 0.25, 7.5],
							"pivot": [18.75, 2.5, -4.75],
							"rotation": [-30, 0, 0],
							"uv": {
								"north": {"uv": [15, 26], "uv_size": [1, 1]},
								"east": {"uv": [16, 6], "uv_size": [8, 1]},
								"south": {"uv": [16, 26], "uv_size": [1, 1]},
								"west": {"uv": [16, 7], "uv_size": [8, 1]},
								"up": {"uv": [4, 18], "uv_size": [1, 8]},
								"down": {"uv": [5, 26], "uv_size": [1, -8]}
							}
						},
						{
							"origin": [18, -0.75, -4.25],
							"size": [0.25, 0.25, 7.5],
							"pivot": [18.75, -0.75, 1.75],
							"rotation": [-25, 0, 0],
							"uv": {
								"north": {"uv": [25, 1], "uv_size": [1, 1]},
								"east": {"uv": [14, 3], "uv_size": [8, 1]},
								"south": {"uv": [25, 2], "uv_size": [1, 1]},
								"west": {"uv": [16, 16], "uv_size": [8, 1]},
								"up": {"uv": [2, 16], "uv_size": [1, 8]},
								"down": {"uv": [3, 24], "uv_size": [1, -8]}
							}
						},
						{
							"origin": [18, -0.5, -0.25],
							"size": [0.25, 0.2, 9.75],
							"pivot": [18.75, -1, 3.25],
							"rotation": [-22.5, 0, 0],
							"uv": {
								"north": {"uv": [25, 3], "uv_size": [1, 1]},
								"east": {"uv": [6, 6], "uv_size": [10, 1]},
								"south": {"uv": [25, 4], "uv_size": [1, 1]},
								"west": {"uv": [6, 7], "uv_size": [10, 1]},
								"up": {"uv": [6, 8], "uv_size": [1, 10]},
								"down": {"uv": [7, 18], "uv_size": [1, -10]}
							}
						},
						{
							"origin": [18, -0.75, -0.25],
							"size": [0.25, 0.45, 8.75],
							"pivot": [18.75, -1, 3.25],
							"rotation": [-22.5, 0, 0],
							"uv": {
								"north": {"uv": [25, 5], "uv_size": [1, 1]},
								"east": {"uv": [8, 8], "uv_size": [9, 1]},
								"south": {"uv": [25, 6], "uv_size": [1, 1]},
								"west": {"uv": [8, 9], "uv_size": [9, 1]},
								"up": {"uv": [8, 10], "uv_size": [1, 9]},
								"down": {"uv": [9, 19], "uv_size": [1, -9]}
							}
						},
						{
							"origin": [18, -1.25, -0.25],
							"size": [0.25, 0.95, 5.5],
							"pivot": [18.75, -1, 3.25],
							"rotation": [-22.5, 0, 0],
							"uv": {
								"north": {"uv": [25, 7], "uv_size": [1, 1]},
								"east": {"uv": [18, 17], "uv_size": [6, 1]},
								"south": {"uv": [25, 8], "uv_size": [1, 1]},
								"west": {"uv": [18, 19], "uv_size": [6, 1]},
								"up": {"uv": [18, 20], "uv_size": [1, 6]},
								"down": {"uv": [19, 26], "uv_size": [1, -6]}
							}
						},
						{
							"origin": [18, -1.5, 3],
							"size": [0.25, 0.35, 6.5],
							"pivot": [18.75, -1.5, 3.25],
							"rotation": [-15, 0, 0],
							"uv": {
								"north": {"uv": [25, 9], "uv_size": [1, 1]},
								"east": {"uv": [17, 9], "uv_size": [7, 1]},
								"south": {"uv": [25, 10], "uv_size": [1, 1]},
								"west": {"uv": [18, 18], "uv_size": [7, 1]},
								"up": {"uv": [8, 19], "uv_size": [1, 7]},
								"down": {"uv": [9, 26], "uv_size": [1, -7]}
							}
						},
						{
							"origin": [18, -1.5, 7.25],
							"size": [0.25, 0.6, 0.75],
							"pivot": [18.75, -1.5, 3.25],
							"rotation": [-15, 0, 0],
							"uv": {
								"north": {"uv": [25, 11], "uv_size": [1, 1]},
								"east": {"uv": [25, 12], "uv_size": [1, 1]},
								"south": {"uv": [25, 13], "uv_size": [1, 1]},
								"west": {"uv": [25, 17], "uv_size": [1, 1]},
								"up": {"uv": [25, 18], "uv_size": [1, 1]},
								"down": {"uv": [25, 20], "uv_size": [1, -1]}
							}
						},
						{
							"origin": [18, -1.5, 4.75],
							"size": [0.25, 0.6, 2.75],
							"pivot": [18.75, -1.5, 3.25],
							"rotation": [-15, 0, 0],
							"uv": {
								"north": {"uv": [25, 20], "uv_size": [1, 1]},
								"east": {"uv": [20, 13], "uv_size": [3, 1]},
								"south": {"uv": [25, 21], "uv_size": [1, 1]},
								"west": {"uv": [22, 22], "uv_size": [3, 1]},
								"up": {"uv": [22, 0], "uv_size": [1, 3]},
								"down": {"uv": [22, 13], "uv_size": [1, -3]}
							}
						},
						{
							"origin": [17.75, 5.5, -20.75],
							"size": [0.75, 1.25, 11.5],
							"pivot": [18.5, 5.75, -10.25],
							"rotation": [-27.5, 0, 0],
							"uv": {
								"north": {"uv": [25, 22], "uv_size": [1, 1]},
								"east": {"uv": [4, 4], "uv_size": [12, 1]},
								"south": {"uv": [25, 23], "uv_size": [1, 1]},
								"west": {"uv": [4, 5], "uv_size": [12, 1]},
								"up": {"uv": [4, 6], "uv_size": [1, 12]},
								"down": {"uv": [5, 18], "uv_size": [1, -12]}
							}
						},
						{
							"origin": [17.5, 5.75, -10.5],
							"size": [1.25, 0.75, 0.75],
							"pivot": [18.5, 5.75, -10.25],
							"rotation": [-27.5, 0, 0],
							"uv": {
								"north": {"uv": [17, 26], "uv_size": [1, 1]},
								"east": {"uv": [18, 26], "uv_size": [1, 1]},
								"south": {"uv": [19, 26], "uv_size": [1, 1]},
								"west": {"uv": [20, 26], "uv_size": [1, 1]},
								"up": {"uv": [21, 26], "uv_size": [1, 1]},
								"down": {"uv": [22, 27], "uv_size": [1, -1]}
							}
						},
						{
							"origin": [17.5, 6, -19.75],
							"size": [1.25, 0.25, 9.25],
							"pivot": [18.5, 5.75, -10.25],
							"rotation": [-27.5, 0, 0],
							"uv": {
								"north": {"uv": [26, 3], "uv_size": [1, 1]},
								"east": {"uv": [10, 10], "uv_size": [9, 1]},
								"south": {"uv": [26, 4], "uv_size": [1, 1]},
								"west": {"uv": [10, 11], "uv_size": [9, 1]},
								"up": {"uv": [10, 12], "uv_size": [1, 9]},
								"down": {"uv": [11, 21], "uv_size": [1, -9]}
							}
						},
						{
							"origin": [17.5, 5.75, -20.5],
							"size": [1.25, 0.75, 0.75],
							"pivot": [18.5, 5.75, -10.25],
							"rotation": [-27.5, 0, 0],
							"uv": {
								"north": {"uv": [23, 26], "uv_size": [1, 1]},
								"east": {"uv": [25, 26], "uv_size": [1, 1]},
								"south": {"uv": [26, 26], "uv_size": [1, 1]},
								"west": {"uv": [26, 0], "uv_size": [1, 1]},
								"up": {"uv": [26, 1], "uv_size": [1, 1]},
								"down": {"uv": [26, 3], "uv_size": [1, -1]}
							}
						},
						{
							"origin": [17, 4.75, -9.25],
							"size": [2.25, 2.75, 0.25],
							"pivot": [18.5, 5.75, -10.25],
							"rotation": [-27.5, 0, 0],
							"uv": {
								"north": {"uv": [10, 21], "uv_size": [2, 3]},
								"east": {"uv": [24, 6], "uv_size": [1, 3]},
								"south": {"uv": [12, 22], "uv_size": [2, 3]},
								"west": {"uv": [24, 9], "uv_size": [1, 3]},
								"up": {"uv": [24, 15], "uv_size": [2, 1]},
								"down": {"uv": [24, 17], "uv_size": [2, -1]}
							}
						}
					]
				},
				{
					"name": "bone3",
					"pivot": [0, 0, 0],
					"cubes": [
						{
							"origin": [-6, 0, -3.5],
							"size": [2, 2, 7],
							"uv": {
								"north": {"uv": [0, 29], "uv_size": [32, 3]},
								"east": {"uv": [0, 29], "uv_size": [32, 3]},
								"south": {"uv": [0, 29], "uv_size": [32, 3]},
								"west": {"uv": [0, 29], "uv_size": [32, 3]},
								"up": {"uv": [32, 32], "uv_size": [-32, -3]},
								"down": {"uv": [32, 32], "uv_size": [-32, -3]}
							}
						},
						{
							"origin": [4, 0, -3.5],
							"size": [2, 2, 7],
							"uv": {
								"north": {"uv": [0, 29], "uv_size": [32, 3]},
								"east": {"uv": [0, 29], "uv_size": [32, 3]},
								"south": {"uv": [0, 29], "uv_size": [32, 3]},
								"west": {"uv": [0, 29], "uv_size": [32, 3]},
								"up": {"uv": [32, 32], "uv_size": [-32, -3]},
								"down": {"uv": [32, 32], "uv_size": [-32, -3]}
							}
						},
						{
							"origin": [-8, 0, -1.5],
							"size": [16, 2, 3],
							"uv": {
								"north": {"uv": [0, 29], "uv_size": [32, 3]},
								"east": {"uv": [0, 29], "uv_size": [32, 3]},
								"south": {"uv": [0, 29], "uv_size": [32, 3]},
								"west": {"uv": [0, 29], "uv_size": [32, 3]},
								"up": {"uv": [32, 32], "uv_size": [-32, -3]},
								"down": {"uv": [32, 32], "uv_size": [-32, -3]}
							}
						},
						{
							"origin": [-6, 2, -2],
							"size": [2, 1, 4],
							"uv": {
								"north": {"uv": [0, 29], "uv_size": [32, 3]},
								"east": {"uv": [0, 29], "uv_size": [32, 3]},
								"south": {"uv": [0, 29], "uv_size": [32, 3]},
								"west": {"uv": [0, 29], "uv_size": [32, 3]},
								"up": {"uv": [32, 32], "uv_size": [-32, -3]},
								"down": {"uv": [32, 32], "uv_size": [-32, -3]}
							}
						},
						{
							"origin": [4, 2, -2],
							"size": [2, 1, 4],
							"uv": {
								"north": {"uv": [0, 29], "uv_size": [32, 3]},
								"east": {"uv": [0, 29], "uv_size": [32, 3]},
								"south": {"uv": [0, 29], "uv_size": [32, 3]},
								"west": {"uv": [0, 29], "uv_size": [32, 3]},
								"up": {"uv": [32, 32], "uv_size": [-32, -3]},
								"down": {"uv": [32, 32], "uv_size": [-32, -3]}
							}
						},
						{
							"origin": [-6, 3, -1],
							"size": [2, 2, 2],
							"uv": {
								"north": {"uv": [0, 29], "uv_size": [32, 3]},
								"east": {"uv": [0, 29], "uv_size": [32, 3]},
								"south": {"uv": [0, 29], "uv_size": [32, 3]},
								"west": {"uv": [0, 29], "uv_size": [32, 3]},
								"up": {"uv": [32, 32], "uv_size": [-32, -3]},
								"down": {"uv": [32, 32], "uv_size": [-32, -3]}
							}
						},
						{
							"origin": [4, 3, -1],
							"size": [2, 2, 2],
							"uv": {
								"north": {"uv": [0, 29], "uv_size": [32, 3]},
								"east": {"uv": [0, 29], "uv_size": [32, 3]},
								"south": {"uv": [0, 29], "uv_size": [32, 3]},
								"west": {"uv": [0, 29], "uv_size": [32, 3]},
								"up": {"uv": [32, 32], "uv_size": [-32, -3]},
								"down": {"uv": [32, 32], "uv_size": [-32, -3]}
							}
						},
						{
							"origin": [-6, 4, 1],
							"size": [2, 1, 1],
							"pivot": [0, 0, 0],
							"rotation": [25, 0, 0],
							"uv": {
								"north": {"uv": [0, 29], "uv_size": [32, 3]},
								"east": {"uv": [0, 29], "uv_size": [32, 3]},
								"south": {"uv": [0, 29], "uv_size": [32, 3]},
								"west": {"uv": [0, 29], "uv_size": [32, 3]},
								"up": {"uv": [32, 32], "uv_size": [-32, -3]},
								"down": {"uv": [32, 32], "uv_size": [-32, -3]}
							}
						},
						{
							"origin": [-6, 4, -2],
							"size": [2, 1, 1],
							"pivot": [0, 0, 0],
							"rotation": [-25, 0, 0],
							"uv": {
								"north": {"uv": [0, 29], "uv_size": [32, 3]},
								"east": {"uv": [0, 29], "uv_size": [32, 3]},
								"south": {"uv": [0, 29], "uv_size": [32, 3]},
								"west": {"uv": [0, 29], "uv_size": [32, 3]},
								"up": {"uv": [32, 32], "uv_size": [-32, -3]},
								"down": {"uv": [32, 32], "uv_size": [-32, -3]}
							}
						},
						{
							"origin": [4, 4, 1],
							"size": [2, 1, 1],
							"pivot": [0, 0, 0],
							"rotation": [25, 0, 0],
							"uv": {
								"north": {"uv": [0, 29], "uv_size": [32, 3]},
								"east": {"uv": [0, 29], "uv_size": [32, 3]},
								"south": {"uv": [0, 29], "uv_size": [32, 3]},
								"west": {"uv": [0, 29], "uv_size": [32, 3]},
								"up": {"uv": [32, 32], "uv_size": [-32, -3]},
								"down": {"uv": [32, 32], "uv_size": [-32, -3]}
							}
						},
						{
							"origin": [4, 4, -2],
							"size": [2, 1, 1],
							"pivot": [0, 0, 0],
							"rotation": [-25, 0, 0],
							"uv": {
								"north": {"uv": [0, 29], "uv_size": [32, 3]},
								"east": {"uv": [0, 29], "uv_size": [32, 3]},
								"south": {"uv": [0, 29], "uv_size": [32, 3]},
								"west": {"uv": [0, 29], "uv_size": [32, 3]},
								"up": {"uv": [32, 32], "uv_size": [-32, -3]},
								"down": {"uv": [32, 32], "uv_size": [-32, -3]}
							}
						}
					]
				}
			]
		}
	]
}