{
	"format_version": "1.12.0",
	"minecraft:geometry": [
		{
			"description": {
				"identifier": "geometry.deku",
				"texture_width": 32,
				"texture_height": 32,
				"visible_bounds_width": 5,
				"visible_bounds_height": 3,
				"visible_bounds_offset": [0, 0.5, 0]
			},
			"bones": [
				{
					"name": "root",
					"pivot": [0, 0, 0]
				},
				{
					"name": "waist",
					"parent": "root",
					"pivot": [0, 0, 0]
				},
				{
					"name": "body",
					"parent": "waist",
					"pivot": [0, 24, 0],
					"mirror": true
				},
				{
					"name": "head",
					"parent": "body",
					"pivot": [0, 24, 0],
					"mirror": true
				},
				{
					"name": "rightArm",
					"parent": "body",
					"pivot": [-5, 21, 0],
					"mirror": true
				},
				{
					"name": "leftArm",
					"parent": "body",
					"pivot": [5, 22, 0],
					"mirror": true
				},
				{
					"name": "bone",
					"parent": "rightArm",
					"pivot": [-5, 17, -2]
				},
				{
					"name": "Bayttouken",
					"parent": "bone",
					"pivot": [-5, 17, -2],
					"cubes": [
						{
							"origin": [4.75, 14.75, 13],
							"size": [0.5, 0.75, 8],
							"pivot": [5.5, 15, -2],
							"rotation": [-25, 0, 0],
							"uv": {
								"north": {"uv": [20, 10], "uv_size": [1, 1]},
								"east": {"uv": [14, 14], "uv_size": [8, 1]},
								"south": {"uv": [20, 11], "uv_size": [1, 1]},
								"west": {"uv": [14, 0], "uv_size": [8, 1]},
								"up": {"uv": [14, 15], "uv_size": [1, 8]},
								"down": {"uv": [15, 23], "uv_size": [1, -8]}
							}
						},
						{
							"origin": [4.5, 13.75, 10.75],
							"size": [1, 1.25, 8],
							"pivot": [5.5, 14, -2],
							"rotation": [-25, 0, 0],
							"uv": {
								"north": {"uv": [20, 19], "uv_size": [1, 1]},
								"east": {"uv": [14, 1], "uv_size": [8, 1]},
								"south": {"uv": [6, 21], "uv_size": [1, 1]},
								"west": {"uv": [15, 2], "uv_size": [8, 1]},
								"up": {"uv": [0, 16], "uv_size": [1, 8]},
								"down": {"uv": [1, 24], "uv_size": [1, -8]}
							}
						},
						{
							"origin": [4.5, 13.75, -0.75],
							"size": [1, 1, 11.5],
							"pivot": [5.5, 13.75, -2],
							"rotation": [-25, 0, 0],
							"uv": {
								"north": {"uv": [7, 21], "uv_size": [1, 1]},
								"east": {"uv": [6, 6], "uv_size": [12, 1]},
								"south": {"uv": [21, 21], "uv_size": [1, 1]},
								"west": {"uv": [6, 7], "uv_size": [12, 1]},
								"up": {"uv": [6, 8], "uv_size": [1, 12]},
								"down": {"uv": [7, 20], "uv_size": [1, -12]}
							}
						},
						{
							"origin": [4.75, 20, 0.75],
							"size": [0.5, 1, 14],
							"pivot": [5.5, 20, -14.25],
							"rotation": [-25, 0, 0],
							"uv": {
								"north": {"uv": [21, 6], "uv_size": [1, 1]},
								"east": {"uv": [0, 0], "uv_size": [14, 1]},
								"south": {"uv": [21, 7], "uv_size": [1, 1]},
								"west": {"uv": [0, 1], "uv_size": [14, 1]},
								"up": {"uv": [0, 2], "uv_size": [1, 14]},
								"down": {"uv": [1, 16], "uv_size": [1, -14]}
							}
						},
						{
							"origin": [4.75, 21, 1],
							"size": [0.5, 0.5, 7],
							"pivot": [5.5, 21, -14.25],
							"rotation": [-25, 0, 0],
							"uv": {
								"north": {"uv": [21, 8], "uv_size": [1, 1]},
								"east": {"uv": [15, 3], "uv_size": [7, 1]},
								"south": {"uv": [21, 9], "uv_size": [1, 1]},
								"west": {"uv": [16, 16], "uv_size": [7, 1]},
								"up": {"uv": [2, 17], "uv_size": [1, 7]},
								"down": {"uv": [3, 24], "uv_size": [1, -7]}
							}
						},
						{
							"origin": [4.6, 5.2, 16.6],
							"size": [0.75, 0.65, 2.4],
							"uv": {
								"north": {"uv": [21, 10], "uv_size": [1, 1]},
								"east": {"uv": [19, 18], "uv_size": [2, 1]},
								"south": {"uv": [21, 11], "uv_size": [1, 1]},
								"west": {"uv": [6, 20], "uv_size": [2, 1]},
								"up": {"uv": [20, 20], "uv_size": [1, 2]},
								"down": {"uv": [20, 10], "uv_size": [1, -2]}
							}
						}
					]
				},
				{
					"name": "bone2",
					"parent": "bone",
					"pivot": [-5, 17, -2],
					"cubes": [
						{
							"origin": [5, 9.5, -3.75],
							"size": [0.25, 0.75, 13.25],
							"pivot": [5.75, 9.25, 8],
							"rotation": [-25, 0, 0],
							"uv": {
								"north": {"uv": [21, 12], "uv_size": [1, 1]},
								"east": {"uv": [2, 2], "uv_size": [13, 1]},
								"south": {"uv": [21, 13], "uv_size": [1, 1]},
								"west": {"uv": [2, 3], "uv_size": [13, 1]},
								"up": {"uv": [2, 4], "uv_size": [1, 13]},
								"down": {"uv": [3, 17], "uv_size": [1, -13]}
							}
						},
						{
							"origin": [5, 9.25, -3.75],
							"size": [0.25, 0.25, 13.25],
							"pivot": [5.75, 9.25, 8],
							"rotation": [-25, 0, 0],
							"uv": {
								"north": {"uv": [21, 18], "uv_size": [1, 1]},
								"east": {"uv": [4, 4], "uv_size": [13, 1]},
								"south": {"uv": [21, 19], "uv_size": [1, 1]},
								"west": {"uv": [4, 5], "uv_size": [13, 1]},
								"up": {"uv": [4, 6], "uv_size": [1, 13]},
								"down": {"uv": [5, 19], "uv_size": [1, -13]}
							}
						},
						{
							"origin": [5, 9.5, 6],
							"size": [0.25, 0.2, 9.75],
							"pivot": [5.75, 9, 9.5],
							"rotation": [-22.5, 0, 0],
							"uv": {
								"north": {"uv": [21, 20], "uv_size": [1, 1]},
								"east": {"uv": [10, 10], "uv_size": [10, 1]},
								"south": {"uv": [5, 22], "uv_size": [1, 1]},
								"west": {"uv": [10, 11], "uv_size": [10, 1]},
								"up": {"uv": [10, 12], "uv_size": [1, 10]},
								"down": {"uv": [11, 22], "uv_size": [1, -10]}
							}
						},
						{
							"origin": [5, 9.25, 6],
							"size": [0.25, 0.45, 8.75],
							"pivot": [5.75, 9, 9.5],
							"rotation": [-22.5, 0, 0],
							"uv": {
								"north": {"uv": [22, 7], "uv_size": [1, 1]},
								"east": {"uv": [12, 12], "uv_size": [9, 1]},
								"south": {"uv": [22, 8], "uv_size": [1, 1]},
								"west": {"uv": [12, 13], "uv_size": [9, 1]},
								"up": {"uv": [12, 14], "uv_size": [1, 9]},
								"down": {"uv": [13, 23], "uv_size": [1, -9]}
							}
						},
						{
							"origin": [5, 8.75, 6],
							"size": [0.25, 0.95, 5.5],
							"pivot": [5.75, 9, 9.5],
							"rotation": [-22.5, 0, 0],
							"uv": {
								"north": {"uv": [10, 22], "uv_size": [1, 1]},
								"east": {"uv": [17, 4], "uv_size": [6, 1]},
								"south": {"uv": [11, 22], "uv_size": [1, 1]},
								"west": {"uv": [17, 5], "uv_size": [6, 1]},
								"up": {"uv": [18, 18], "uv_size": [1, 6]},
								"down": {"uv": [4, 25], "uv_size": [1, -6]}
							}
						},
						{
							"origin": [5, 8.5, 9.25],
							"size": [0.25, 0.35, 6.5],
							"pivot": [5.75, 8.5, 9.5],
							"rotation": [-15, 0, 0],
							"uv": {
								"north": {"uv": [6, 22], "uv_size": [1, 1]},
								"east": {"uv": [16, 15], "uv_size": [7, 1]},
								"south": {"uv": [7, 22], "uv_size": [1, 1]},
								"west": {"uv": [16, 17], "uv_size": [7, 1]},
								"up": {"uv": [16, 18], "uv_size": [1, 7]},
								"down": {"uv": [17, 25], "uv_size": [1, -7]}
							}
						},
						{
							"origin": [5, 8.5, 13.5],
							"size": [0.25, 0.6, 0.75],
							"pivot": [5.75, 8.5, 9.5],
							"rotation": [-15, 0, 0],
							"uv": {
								"north": {"uv": [21, 22], "uv_size": [1, 1]},
								"east": {"uv": [22, 22], "uv_size": [1, 1]},
								"south": {"uv": [22, 0], "uv_size": [1, 1]},
								"west": {"uv": [22, 1], "uv_size": [1, 1]},
								"up": {"uv": [22, 3], "uv_size": [1, 1]},
								"down": {"uv": [22, 7], "uv_size": [1, -1]}
							}
						},
						{
							"origin": [5, 8.5, 11],
							"size": [0.25, 0.6, 2.75],
							"pivot": [5.75, 8.5, 9.5],
							"rotation": [-15, 0, 0],
							"uv": {
								"north": {"uv": [19, 22], "uv_size": [1, 1]},
								"east": {"uv": [18, 6], "uv_size": [3, 1]},
								"south": {"uv": [20, 22], "uv_size": [1, 1]},
								"west": {"uv": [18, 7], "uv_size": [3, 1]},
								"up": {"uv": [5, 19], "uv_size": [1, 3]},
								"down": {"uv": [19, 22], "uv_size": [1, -3]}
							}
						},
						{
							"origin": [4.75, 14.25, -13.5],
							"size": [0.75, 1.25, 11.5],
							"pivot": [5.5, 14.5, -3],
							"rotation": [-27.5, 0, 0],
							"uv": {
								"north": {"uv": [8, 22], "uv_size": [1, 1]},
								"east": {"uv": [8, 8], "uv_size": [12, 1]},
								"south": {"uv": [9, 22], "uv_size": [1, 1]},
								"west": {"uv": [8, 9], "uv_size": [12, 1]},
								"up": {"uv": [8, 10], "uv_size": [1, 12]},
								"down": {"uv": [9, 22], "uv_size": [1, -12]}
							}
						}
					]
				},
				{
					"name": "rightLeg",
					"parent": "waist",
					"pivot": [-1.9, 12, 0],
					"mirror": true
				},
				{
					"name": "leftLeg",
					"parent": "waist",
					"pivot": [1.9, 12, 0],
					"mirror": true
				}
			]
		}
	]
}
