{
	"format_version": "1.12.0",
	"minecraft:geometry": [
		{
			"description": {
				"identifier": "geometry.katana_crafting_table",
				"texture_width": 128,
				"texture_height": 128,
				"visible_bounds_width": 3,
				"visible_bounds_height": 2.5,
				"visible_bounds_offset": [0, 0.75, 0]
			},
			"bones": [
				{
					"name": "unknown_bone",
					"pivot": [0, 0, 0],
					"cubes": [
						{"origin": [0.25, 0, -8], "size": [2, 11.75, 16], "uv": [24, 65]},
						{"origin": [-7, 0, -8], "size": [14, 0.5, 16], "uv": [0, 72]},
						{"origin": [6.75, 0, -8], "size": [1.25, 11.75, 16], "uv": [7, 68]},
						{"origin": [-8, 4, -8], "size": [0.5, 7.75, 16], "uv": [17, 66]},
						{"origin": [-8, 0, -8], "size": [1.25, 4, 16], "uv": [14, 73]},
						{"origin": [-6.75, 0.25, -7.75], "size": [13.5, 3.25, 15.25], "uv": [0, 33]},
						{"origin": [1.75, 3.5, -5], "size": [5, 8.25, 13], "uv": [15, 75]},
						{"origin": [-7.5, 3.75, -7.5], "size": [7.75, 1.75, 0.75], "uv": [34, 76]},
						{"origin": [-7.75, 3.5, -8], "size": [8, 0.5, 16], "uv": [3, 72]},
						{"origin": [4.25, 9.5, -5.75], "size": [0.5, 0.5, 0.75], "uv": [0, 0]},
						{"origin": [-7.5, 4, 6.5], "size": [7.75, 3, 0.75], "uv": [31, 87]},
						{"origin": [-7.5, 11.25, -8], "size": [14.25, 0.5, 16], "uv": [0, 70]},
						{"origin": [-7.5, 10.25, 6.5], "size": [7.75, 1.5, 0.75], "uv": [26, 78]},
						{"origin": [-8, 11.75, -8], "size": [0.75, 1, 16], "uv": [11, 42]},
						{"origin": [-5.25, 11.75, -8], "size": [0.75, 1, 16], "uv": [3, 34]},
						{"origin": [-7.25, 11.75, -8], "size": [2.75, 1, 12], "uv": [1, 36]},
						{"origin": [-7.25, 11.75, 6], "size": [2.75, 1, 2], "uv": [79, 80]},
						{"origin": [-4.5, 11.75, -8], "size": [12.5, 1, 16], "uv": [67, 48]},
						{"origin": [-7.75, 12.75, 3.5], "size": [2.75, 0.25, 0.5], "uv": [90, 114]},
						{"origin": [-7.75, 12.75, 5.75], "size": [2.75, 0.25, 0.5], "uv": [68, 100]},
						{"origin": [-5.5, 12.75, 4], "size": [0.5, 0.25, 1.75], "uv": [104, 108]},
						{"origin": [-7.75, 12.75, 4], "size": [0.5, 0.25, 1.75], "uv": [90, 120]},
						{"origin": [-7, 12.75, -6.75], "size": [1.5, 1, 7.75], "uv": [78, 107]},
						{"origin": [-0.75, 7, 6.75], "size": [0.5, 3.25, 0.25], "uv": [86, 105]},
						{"origin": [-1.75, 7, 6.75], "size": [0.5, 3.25, 0.25], "uv": [81, 112]},
						{"origin": [-2.75, 7, 6.75], "size": [0.5, 3.25, 0.25], "uv": [86, 117]},
						{"origin": [-3.75, 7, 6.75], "size": [0.5, 3.25, 0.25], "uv": [84, 118]},
						{"origin": [-4.75, 7, 6.75], "size": [0.5, 3.25, 0.25], "uv": [70, 107]},
						{"origin": [-5.5, 7, 6.75], "size": [0.5, 3.25, 0.25], "uv": [66, 122]},
						{"origin": [-6.25, 7, 6.75], "size": [0.5, 3.25, 0.25], "uv": [79, 120]},
						{"origin": [-7.25, 7, 6.75], "size": [0.5, 3.25, 0.25], "uv": [54, 125]},
						{"origin": [-7.5, 4, -6.75], "size": [7.75, 1, 13.25], "uv": [0, 114]},
						{"origin": [-7.25, 11.75, 4], "size": [1.75, 1, 1.75], "uv": [31, 119]}
					]
				},
				{
					"name": "bone",
					"pivot": [0, 0, 0],
					"cubes": [
						{"origin": [4.25, 6.25, -6], "size": [0.5, 4, 0.5], "uv": [85, 85]},
						{"origin": [3.5, 5, -6.5], "size": [2, 1.5, 1.75], "uv": [64, 115]}
					]
				}
			]
		}
	]
}
