{
	"format_version": "1.12.0",
	"minecraft:geometry": [
		{
			"description": {
				"identifier": "geometry.katana_stand",
				"texture_width": 32,
				"texture_height": 32,
				"visible_bounds_width": 5,
				"visible_bounds_height": 3,
				"visible_bounds_offset": [0, 0.5, 0]
			},
			"bones": [
				{
					"name": "bone4",
					"pivot": [0, 0, 0],
					"cubes": [
						{
							"origin": [-6, 0, -3.5],
							"size": [2, 2, 7],
							"uv": {
								"north": {"uv": [0, 58], "uv_size": [64, 6]},
								"east": {"uv": [0, 58], "uv_size": [64, 6]},
								"south": {"uv": [0, 58], "uv_size": [64, 6]},
								"west": {"uv": [0, 58], "uv_size": [64, 6]},
								"up": {"uv": [64, 64], "uv_size": [-64, -6]},
								"down": {"uv": [64, 64], "uv_size": [-64, -6]}
							}
						},
						{
							"origin": [4, 0, -3.5],
							"size": [2, 2, 7],
							"uv": {
								"north": {"uv": [0, 58], "uv_size": [64, 6]},
								"east": {"uv": [0, 58], "uv_size": [64, 6]},
								"south": {"uv": [0, 58], "uv_size": [64, 6]},
								"west": {"uv": [0, 58], "uv_size": [64, 6]},
								"up": {"uv": [64, 64], "uv_size": [-64, -6]},
								"down": {"uv": [64, 64], "uv_size": [-64, -6]}
							}
						},
						{
							"origin": [-8, 0, -1.5],
							"size": [16, 2, 3],
							"uv": {
								"north": {"uv": [0, 58], "uv_size": [64, 6]},
								"east": {"uv": [0, 58], "uv_size": [64, 6]},
								"south": {"uv": [0, 58], "uv_size": [64, 6]},
								"west": {"uv": [0, 58], "uv_size": [64, 6]},
								"up": {"uv": [64, 64], "uv_size": [-64, -6]},
								"down": {"uv": [64, 64], "uv_size": [-64, -6]}
							}
						},
						{
							"origin": [-6, 2, -2],
							"size": [2, 1, 4],
							"uv": {
								"north": {"uv": [0, 58], "uv_size": [64, 6]},
								"east": {"uv": [0, 58], "uv_size": [64, 6]},
								"south": {"uv": [0, 58], "uv_size": [64, 6]},
								"west": {"uv": [0, 58], "uv_size": [64, 6]},
								"up": {"uv": [64, 64], "uv_size": [-64, -6]},
								"down": {"uv": [64, 64], "uv_size": [-64, -6]}
							}
						},
						{
							"origin": [4, 2, -2],
							"size": [2, 1, 4],
							"uv": {
								"north": {"uv": [0, 58], "uv_size": [64, 6]},
								"east": {"uv": [0, 58], "uv_size": [64, 6]},
								"south": {"uv": [0, 58], "uv_size": [64, 6]},
								"west": {"uv": [0, 58], "uv_size": [64, 6]},
								"up": {"uv": [64, 64], "uv_size": [-64, -6]},
								"down": {"uv": [64, 64], "uv_size": [-64, -6]}
							}
						},
						{
							"origin": [-6, 3, -1],
							"size": [2, 2, 2],
							"uv": {
								"north": {"uv": [0, 58], "uv_size": [64, 6]},
								"east": {"uv": [0, 58], "uv_size": [64, 6]},
								"south": {"uv": [0, 58], "uv_size": [64, 6]},
								"west": {"uv": [0, 58], "uv_size": [64, 6]},
								"up": {"uv": [64, 64], "uv_size": [-64, -6]},
								"down": {"uv": [64, 64], "uv_size": [-64, -6]}
							}
						},
						{
							"origin": [4, 3, -1],
							"size": [2, 2, 2],
							"uv": {
								"north": {"uv": [0, 58], "uv_size": [64, 6]},
								"east": {"uv": [0, 58], "uv_size": [64, 6]},
								"south": {"uv": [0, 58], "uv_size": [64, 6]},
								"west": {"uv": [0, 58], "uv_size": [64, 6]},
								"up": {"uv": [64, 64], "uv_size": [-64, -6]},
								"down": {"uv": [64, 64], "uv_size": [-64, -6]}
							}
						},
						{
							"origin": [-6, 4, 1],
							"size": [2, 1, 1],
							"pivot": [0, 0, 0],
							"rotation": [25, 0, 0],
							"uv": {
								"north": {"uv": [0, 58], "uv_size": [64, 6]},
								"east": {"uv": [0, 58], "uv_size": [64, 6]},
								"south": {"uv": [0, 58], "uv_size": [64, 6]},
								"west": {"uv": [0, 58], "uv_size": [64, 6]},
								"up": {"uv": [64, 64], "uv_size": [-64, -6]},
								"down": {"uv": [64, 64], "uv_size": [-64, -6]}
							}
						},
						{
							"origin": [-6, 4, -2],
							"size": [2, 1, 1],
							"pivot": [0, 0, 0],
							"rotation": [-25, 0, 0],
							"uv": {
								"north": {"uv": [0, 58], "uv_size": [64, 6]},
								"east": {"uv": [0, 58], "uv_size": [64, 6]},
								"south": {"uv": [0, 58], "uv_size": [64, 6]},
								"west": {"uv": [0, 58], "uv_size": [64, 6]},
								"up": {"uv": [64, 64], "uv_size": [-64, -6]},
								"down": {"uv": [64, 64], "uv_size": [-64, -6]}
							}
						},
						{
							"origin": [4, 4, 1],
							"size": [2, 1, 1],
							"pivot": [0, 0, 0],
							"rotation": [25, 0, 0],
							"uv": {
								"north": {"uv": [0, 58], "uv_size": [64, 6]},
								"east": {"uv": [0, 58], "uv_size": [64, 6]},
								"south": {"uv": [0, 58], "uv_size": [64, 6]},
								"west": {"uv": [0, 58], "uv_size": [64, 6]},
								"up": {"uv": [64, 64], "uv_size": [-64, -6]},
								"down": {"uv": [64, 64], "uv_size": [-64, -6]}
							}
						},
						{
							"origin": [4, 4, -2],
							"size": [2, 1, 1],
							"pivot": [0, 0, 0],
							"rotation": [-25, 0, 0],
							"uv": {
								"north": {"uv": [0, 58], "uv_size": [64, 6]},
								"east": {"uv": [0, 58], "uv_size": [64, 6]},
								"south": {"uv": [0, 58], "uv_size": [64, 6]},
								"west": {"uv": [0, 58], "uv_size": [64, 6]},
								"up": {"uv": [64, 64], "uv_size": [-64, -6]},
								"down": {"uv": [64, 64], "uv_size": [-64, -6]}
							}
						}
					]
				}
			]
		}
	]
}
