{
	"format_version": "1.12.0",
	"minecraft:geometry": [
		{
			"description": {
				"identifier": "geometry.keikoutou",
				"texture_width": 128,
				"texture_height": 128,
				"visible_bounds_width": 5,
				"visible_bounds_height": 4,
				"visible_bounds_offset": [0, 1, 0]
			},
			"bones": [
				{
					"name": "root",
					"pivot": [0, 0, 0]
				},
				{
					"name": "waist",
					"parent": "root",
					"pivot": [0, 0, 0]
				},
				{
					"name": "body",
					"parent": "waist",
					"pivot": [0, 24, 0],
					"mirror": true
				},
				{
					"name": "head",
					"parent": "body",
					"pivot": [0, 24, 0],
					"mirror": true
				},
				{
					"name": "rightArm",
					"parent": "body",
					"pivot": [-5, 21, 0],
					"mirror": true
				},
				{
					"name": "leftArm",
					"parent": "body",
					"pivot": [5, 22, 0],
					"mirror": true
				},
				{
					"name": "bone",
					"parent": "rightArm",
					"pivot": [-6, 13, -2]
				},
				{
					"name": "Bayttouken",
					"parent": "bone",
					"pivot": [0, 6, 13],
					"rotation": [65, 0, 0],
					"cubes": [
						{"origin": [4.5, -1, 15], "size": [1, 30, 1], "uv": [0, 0]},
						{"origin": [4.5, 28.84202, 15.96031], "size": [1, 1, 0.1], "pivot": [5, 28.84202, 15.06031], "rotation": [-20, 0, 0], "uv": [12, 79]},
						{"origin": [2.5, 28.84202, 16.83969], "size": [1, 1, 0.1], "pivot": [4, 28.84202, 15.93969], "rotation": [-20, 180, 0], "uv": [8, 79]},
						{"origin": [3.06031, 28.84202, 16.4], "size": [1, 1, 0.1], "pivot": [4.06031, 28.84202, 15], "rotation": [-20, 90, 0], "uv": [4, 79]},
						{"origin": [3.93969, 28.84202, 16.4], "size": [1, 1, 0.1], "pivot": [4.93969, 28.84202, 16], "rotation": [-20, -90, 0], "uv": [0, 79]}
					]
				},
				{
					"name": "bone2",
					"parent": "bone",
					"pivot": [-8, 13, 9],
					"cubes": [
						{"origin": [4.5, 6.5, 31.25], "size": [1, 30, 1], "inflate": -0.05, "pivot": [3, -3, 27], "rotation": [65, 0, 0], "uv": [0, 41]}
					]
				},
				{
					"name": "rightLeg",
					"parent": "waist",
					"pivot": [-1.9, 12, 0],
					"mirror": true
				},
				{
					"name": "leftLeg",
					"parent": "waist",
					"pivot": [1.9, 12, 0],
					"mirror": true
				}
			]
		}
	]
}
