{
	"format_version": "1.12.0",
	"minecraft:geometry": [
		{
			"description": {
				"identifier": "geometry.keikoutou__",
				"texture_width": 128,
				"texture_height": 128,
				"visible_bounds_width": 5,
				"visible_bounds_height": 4,
				"visible_bounds_offset": [0, 1, 0]
			},
			"bones": [
				{
					"name": "bone",
					"pivot": [-8, 3, 11],
					"rotation": [25, 90, 0]
				},
				{
					"name": "Bayttouken",
					"parent": "bone",
					"pivot": [-2, -4, 26],
					"rotation": [65, 0, 0],
					"cubes": [
						{
							"origin": [2.5, -11, 28],
							"size": [1, 30, 1],
							"uv": {
								"north": {"uv": [1, 1], "uv_size": [1, 30]},
								"east": {"uv": [0, 1], "uv_size": [1, 30]},
								"south": {"uv": [3, 1], "uv_size": [1, 30]},
								"west": {"uv": [2, 1], "uv_size": [1, 30]},
								"up": {"uv": [1, 0], "uv_size": [1, 1]},
								"down": {"uv": [2, 1], "uv_size": [1, -1]}
							}
						},
						{
							"origin": [2.5, 18.84202, 28.96031],
							"size": [1, 1, 0.1],
							"pivot": [3, 18.84202, 28.06031],
							"rotation": [-20, 0, 0],
							"uv": {
								"north": {"uv": [12, 79], "uv_size": [1, 1]},
								"east": {"uv": [12, 79], "uv_size": [0, 1]},
								"south": {"uv": [13, 79], "uv_size": [1, 1]},
								"west": {"uv": [13, 79], "uv_size": [0, 1]},
								"up": {"uv": [12, 79], "uv_size": [1, 0]},
								"down": {"uv": [13, 79], "uv_size": [1, 0]}
							}
						},
						{
							"origin": [0.5, 18.84202, 29.83969],
							"size": [1, 1, 0.1],
							"pivot": [2, 18.84202, 28.93969],
							"rotation": [-20, 180, 0],
							"uv": {
								"north": {"uv": [8, 79], "uv_size": [1, 1]},
								"east": {"uv": [8, 79], "uv_size": [0, 1]},
								"south": {"uv": [9, 79], "uv_size": [1, 1]},
								"west": {"uv": [9, 79], "uv_size": [0, 1]},
								"up": {"uv": [8, 79], "uv_size": [1, 0]},
								"down": {"uv": [9, 79], "uv_size": [1, 0]}
							}
						},
						{
							"origin": [1.06031, 18.84202, 29.4],
							"size": [1, 1, 0.1],
							"pivot": [2.06031, 18.84202, 28],
							"rotation": [-20, 90, 0],
							"uv": {
								"north": {"uv": [4, 79], "uv_size": [1, 1]},
								"east": {"uv": [4, 79], "uv_size": [0, 1]},
								"south": {"uv": [5, 79], "uv_size": [1, 1]},
								"west": {"uv": [5, 79], "uv_size": [0, 1]},
								"up": {"uv": [4, 79], "uv_size": [1, 0]},
								"down": {"uv": [5, 79], "uv_size": [1, 0]}
							}
						},
						{
							"origin": [1.93969, 18.84202, 29.4],
							"size": [1, 1, 0.1],
							"pivot": [2.93969, 18.84202, 29],
							"rotation": [-20, -90, 0],
							"uv": {
								"north": {"uv": [0, 79], "uv_size": [1, 1]},
								"east": {"uv": [0, 79], "uv_size": [0, 1]},
								"south": {"uv": [1, 79], "uv_size": [1, 1]},
								"west": {"uv": [1, 79], "uv_size": [0, 1]},
								"up": {"uv": [0, 79], "uv_size": [1, 0]},
								"down": {"uv": [1, 79], "uv_size": [1, 0]}
							}
						}
					]
				},
				{
					"name": "bone2",
					"parent": "bone",
					"pivot": [-10, 3, 22],
					"cubes": [
						{
							"origin": [2.5, -3.5, 44.25],
							"size": [1, 30, 1],
							"inflate": -0.05,
							"pivot": [1, -13, 40],
							"rotation": [65, 0, 0],
							"uv": {
								"north": {"uv": [1, 42], "uv_size": [1, 30]},
								"east": {"uv": [0, 42], "uv_size": [1, 30]},
								"south": {"uv": [3, 42], "uv_size": [1, 30]},
								"west": {"uv": [2, 42], "uv_size": [1, 30]},
								"up": {"uv": [1, 41], "uv_size": [1, 1]},
								"down": {"uv": [2, 42], "uv_size": [1, -1]}
							}
						}
					]
				},
				{
					"name": "bone4",
					"pivot": [0, 0, 0],
					"cubes": [
						{
							"origin": [-6, 0, -3.5],
							"size": [2, 2, 7],
							"uv": {
								"north": {"uv": [0, 120], "uv_size": [128, 9]},
								"east": {"uv": [0, 120], "uv_size": [128, 9]},
								"south": {"uv": [0, 120], "uv_size": [128, 9]},
								"west": {"uv": [0, 120], "uv_size": [128, 9]},
								"up": {"uv": [128, 128], "uv_size": [-128, -9]},
								"down": {"uv": [128, 128], "uv_size": [-128, -9]}
							}
						},
						{
							"origin": [4, 0, -3.5],
							"size": [2, 2, 7],
							"uv": {
								"north": {"uv": [0, 120], "uv_size": [128, 9]},
								"east": {"uv": [0, 120], "uv_size": [128, 9]},
								"south": {"uv": [0, 120], "uv_size": [128, 9]},
								"west": {"uv": [0, 120], "uv_size": [128, 9]},
								"up": {"uv": [128, 128], "uv_size": [-128, -9]},
								"down": {"uv": [128, 128], "uv_size": [-128, -9]}
							}
						},
						{
							"origin": [-8, 0, -1.5],
							"size": [16, 2, 3],
							"uv": {
								"north": {"uv": [0, 120], "uv_size": [128, 9]},
								"east": {"uv": [0, 120], "uv_size": [128, 9]},
								"south": {"uv": [0, 120], "uv_size": [128, 9]},
								"west": {"uv": [0, 120], "uv_size": [128, 9]},
								"up": {"uv": [128, 128], "uv_size": [-128, -9]},
								"down": {"uv": [128, 128], "uv_size": [-128, -9]}
							}
						},
						{
							"origin": [-6, 2, -2],
							"size": [2, 1, 4],
							"uv": {
								"north": {"uv": [0, 120], "uv_size": [128, 9]},
								"east": {"uv": [0, 120], "uv_size": [128, 9]},
								"south": {"uv": [0, 120], "uv_size": [128, 9]},
								"west": {"uv": [0, 120], "uv_size": [128, 9]},
								"up": {"uv": [128, 128], "uv_size": [-128, -9]},
								"down": {"uv": [128, 128], "uv_size": [-128, -9]}
							}
						},
						{
							"origin": [4, 2, -2],
							"size": [2, 1, 4],
							"uv": {
								"north": {"uv": [0, 120], "uv_size": [128, 9]},
								"east": {"uv": [0, 120], "uv_size": [128, 9]},
								"south": {"uv": [0, 120], "uv_size": [128, 9]},
								"west": {"uv": [0, 120], "uv_size": [128, 9]},
								"up": {"uv": [128, 128], "uv_size": [-128, -9]},
								"down": {"uv": [128, 128], "uv_size": [-128, -9]}
							}
						},
						{
							"origin": [-6, 3, -1],
							"size": [2, 2, 2],
							"uv": {
								"north": {"uv": [0, 120], "uv_size": [128, 9]},
								"east": {"uv": [0, 120], "uv_size": [128, 9]},
								"south": {"uv": [0, 120], "uv_size": [128, 9]},
								"west": {"uv": [0, 120], "uv_size": [128, 9]},
								"up": {"uv": [128, 128], "uv_size": [-128, -9]},
								"down": {"uv": [128, 128], "uv_size": [-128, -9]}
							}
						},
						{
							"origin": [4, 3, -1],
							"size": [2, 2, 2],
							"uv": {
								"north": {"uv": [0, 120], "uv_size": [128, 9]},
								"east": {"uv": [0, 120], "uv_size": [128, 9]},
								"south": {"uv": [0, 120], "uv_size": [128, 9]},
								"west": {"uv": [0, 120], "uv_size": [128, 9]},
								"up": {"uv": [128, 128], "uv_size": [-128, -9]},
								"down": {"uv": [128, 128], "uv_size": [-128, -9]}
							}
						},
						{
							"origin": [-6, 4, 1],
							"size": [2, 1, 1],
							"pivot": [0, 0, 0],
							"rotation": [25, 0, 0],
							"uv": {
								"north": {"uv": [0, 120], "uv_size": [128, 9]},
								"east": {"uv": [0, 120], "uv_size": [128, 9]},
								"south": {"uv": [0, 120], "uv_size": [128, 9]},
								"west": {"uv": [0, 120], "uv_size": [128, 9]},
								"up": {"uv": [128, 128], "uv_size": [-128, -9]},
								"down": {"uv": [128, 128], "uv_size": [-128, -9]}
							}
						},
						{
							"origin": [-6, 4, -2],
							"size": [2, 1, 1],
							"pivot": [0, 0, 0],
							"rotation": [-25, 0, 0],
							"uv": {
								"north": {"uv": [0, 120], "uv_size": [128, 9]},
								"east": {"uv": [0, 120], "uv_size": [128, 9]},
								"south": {"uv": [0, 120], "uv_size": [128, 9]},
								"west": {"uv": [0, 120], "uv_size": [128, 9]},
								"up": {"uv": [128, 128], "uv_size": [-128, -9]},
								"down": {"uv": [128, 128], "uv_size": [-128, -9]}
							}
						},
						{
							"origin": [4, 4, 1],
							"size": [2, 1, 1],
							"pivot": [0, 0, 0],
							"rotation": [25, 0, 0],
							"uv": {
								"north": {"uv": [0, 120], "uv_size": [128, 9]},
								"east": {"uv": [0, 120], "uv_size": [128, 9]},
								"south": {"uv": [0, 120], "uv_size": [128, 9]},
								"west": {"uv": [0, 120], "uv_size": [128, 9]},
								"up": {"uv": [128, 128], "uv_size": [-128, -9]},
								"down": {"uv": [128, 128], "uv_size": [-128, -9]}
							}
						},
						{
							"origin": [4, 4, -2],
							"size": [2, 1, 1],
							"pivot": [0, 0, 0],
							"rotation": [-25, 0, 0],
							"uv": {
								"north": {"uv": [0, 120], "uv_size": [128, 9]},
								"east": {"uv": [0, 120], "uv_size": [128, 9]},
								"south": {"uv": [0, 120], "uv_size": [128, 9]},
								"west": {"uv": [0, 120], "uv_size": [128, 9]},
								"up": {"uv": [128, 128], "uv_size": [-128, -9]},
								"down": {"uv": [128, 128], "uv_size": [-128, -9]}
							}
						}
					]
				}
			]
		}
	]
}