{
	"format_version": "1.12.0",
	"minecraft:geometry": [
		{
			"description": {
				"identifier": "geometry.sabi",
				"texture_width": 16,
				"texture_height": 16,
				"visible_bounds_width": 5,
				"visible_bounds_height": 3,
				"visible_bounds_offset": [0, 0.5, 0]
			},
			"bones": [
				{
					"name": "root",
					"pivot": [0, 0, 0]
				},
				{
					"name": "waist",
					"parent": "root",
					"pivot": [0, 0, 0]
				},
				{
					"name": "body",
					"parent": "waist",
					"pivot": [0, 24, 0],
					"mirror": true
				},
				{
					"name": "head",
					"parent": "body",
					"pivot": [0, 24, 0],
					"mirror": true
				},
				{
					"name": "rightArm",
					"parent": "body",
					"pivot": [-5, 21, 0],
					"mirror": true
				},
				{
					"name": "leftArm",
					"parent": "body",
					"pivot": [5, 22, 0],
					"mirror": true
				},
				{
					"name": "bone",
					"parent": "rightArm",
					"pivot": [-5, 17, -2]
				},
				{
					"name": "bone2",
					"parent": "bone",
					"pivot": [-5, 17, -2],
					"cubes": [
						{
							"origin": [5, 9.75, -3.75],
							"size": [0.25, 0.5, 14],
							"pivot": [5.75, 9.25, 8],
							"rotation": [-25, 0, 0],
							"uv": {
								"north": {"uv": [9, 12], "uv_size": [1, 1]},
								"east": {"uv": [0, 0], "uv_size": [14, 1]},
								"south": {"uv": [12, 6], "uv_size": [1, 1]},
								"west": {"uv": [0, 1], "uv_size": [14, 1]},
								"up": {"uv": [0, 2], "uv_size": [1, 14]},
								"down": {"uv": [1, 16], "uv_size": [1, -14]}
							}
						},
						{
							"origin": [5, 10, 9.5],
							"size": [0.25, 0.25, 4.75],
							"pivot": [5.75, 9.5, 8],
							"rotation": [-30, 0, 0],
							"uv": {
								"north": {"uv": [7, 13], "uv_size": [1, 1]},
								"east": {"uv": [6, 6], "uv_size": [5, 1]},
								"south": {"uv": [9, 13], "uv_size": [1, 1]},
								"west": {"uv": [6, 7], "uv_size": [5, 1]},
								"up": {"uv": [6, 8], "uv_size": [1, 5]},
								"down": {"uv": [7, 13], "uv_size": [1, -5]}
							}
						},
						{
							"origin": [5, 9.25, -3.75],
							"size": [0.25, 0.25, 11.25],
							"pivot": [5.75, 9.25, 8],
							"rotation": [-25, 0, 0],
							"uv": {
								"north": {"uv": [12, 7], "uv_size": [1, 1]},
								"east": {"uv": [2, 2], "uv_size": [11, 1]},
								"south": {"uv": [12, 9], "uv_size": [1, 1]},
								"west": {"uv": [2, 3], "uv_size": [11, 1]},
								"up": {"uv": [2, 4], "uv_size": [1, 11]},
								"down": {"uv": [3, 15], "uv_size": [1, -11]}
							}
						},
						{
							"origin": [4.75, 14.25, -10.5],
							"size": [0.75, 1.25, 8.5],
							"pivot": [5.5, 14.5, -3],
							"rotation": [-27.5, 0, 0],
							"uv": {
								"north": {"uv": [12, 11], "uv_size": [1, 1]},
								"east": {"uv": [4, 4], "uv_size": [9, 1]},
								"south": {"uv": [6, 13], "uv_size": [1, 1]},
								"west": {"uv": [4, 5], "uv_size": [9, 1]},
								"up": {"uv": [4, 6], "uv_size": [1, 9]},
								"down": {"uv": [5, 15], "uv_size": [1, -9]}
							}
						},
						{
							"origin": [4.75, 14.25, -13.5],
							"size": [0.75, 0.5, 3],
							"pivot": [5.5, 14.5, -3],
							"rotation": [-27.5, 0, 0],
							"uv": {
								"north": {"uv": [12, 13], "uv_size": [1, 1]},
								"east": {"uv": [10, 10], "uv_size": [3, 1]},
								"south": {"uv": [13, 13], "uv_size": [1, 1]},
								"west": {"uv": [10, 8], "uv_size": [3, 1]},
								"up": {"uv": [10, 11], "uv_size": [1, 3]},
								"down": {"uv": [11, 14], "uv_size": [1, -3]}
							}
						},
						{
							"origin": [4, 13.7, -2.75],
							"size": [2.25, 2.5, 0.25],
							"pivot": [5.5, 14.5, -3],
							"rotation": [-27.5, 0, 0],
							"uv": {
								"north": {"uv": [8, 8], "uv_size": [2, 2]},
								"east": {"uv": [11, 6], "uv_size": [1, 2]},
								"south": {"uv": [8, 10], "uv_size": [2, 2]},
								"west": {"uv": [8, 12], "uv_size": [1, 2]},
								"up": {"uv": [10, 9], "uv_size": [2, 1]},
								"down": {"uv": [12, 13], "uv_size": [2, -1]}
							}
						}
					]
				},
				{
					"name": "bone3",
					"parent": "bone",
					"pivot": [-5, 12.25, -2.5],
					"cubes": [
						{
							"origin": [4.5, 11.25, -1.75],
							"size": [1, 2, 2.5],
							"pivot": [5.5, 12.25, -2.5],
							"rotation": [45, 0, 0],
							"uv": {
								"north": {"uv": [0, 0], "uv_size": [1, 2]},
								"east": {"uv": [0, 0], "uv_size": [2.5, 2]},
								"south": {"uv": [0, 0], "uv_size": [1, 2]},
								"west": {"uv": [0, 0], "uv_size": [2.5, 2]},
								"up": {"uv": [1, 2.5], "uv_size": [-1, -2.5]},
								"down": {"uv": [1, 2.5], "uv_size": [-1, -2.5]}
							}
						},
						{
							"origin": [4.75, 11.25, 0.25],
							"size": [0.5, 1.75, 0.75],
							"pivot": [5.5, 12.25, -2.5],
							"rotation": [45, 0, 0],
							"uv": {
								"north": {"uv": [0, 0], "uv_size": [0.5, 1.75]},
								"east": {"uv": [0, 0], "uv_size": [0.75, 1.75]},
								"south": {"uv": [0, 0], "uv_size": [0.5, 1.75]},
								"west": {"uv": [0, 0], "uv_size": [0.75, 1.75]},
								"up": {"uv": [0.5, 0.75], "uv_size": [-0.5, -0.75]},
								"down": {"uv": [0.5, 0.75], "uv_size": [-0.5, -0.75]}
							}
						},
						{
							"origin": [4.5, 11.75, -1.25],
							"size": [1, 2.5, 18.5],
							"pivot": [5.5, 12.5, -0.25],
							"rotation": [-22.5, 0, 0],
							"uv": {
								"north": {"uv": [0, 0], "uv_size": [1, 2.5]},
								"east": {"uv": [0, 0], "uv_size": [18.5, 2.5]},
								"south": {"uv": [0, 0], "uv_size": [1, 2.5]},
								"west": {"uv": [0, 0], "uv_size": [18.5, 2.5]},
								"up": {"uv": [1, 18.5], "uv_size": [-1, -18.5]},
								"down": {"uv": [1, 18.5], "uv_size": [-1, -18.5]}
							}
						},
						{
							"origin": [4.25, 12, 9.5],
							"size": [1.5, 0.5, 6.5],
							"pivot": [5.5, 12.5, -0.25],
							"rotation": [-22.5, 0, 0],
							"uv": {
								"north": {"uv": [0, 0], "uv_size": [1.5, 0.5]},
								"east": {"uv": [0, 0], "uv_size": [6.5, 0.5]},
								"south": {"uv": [0, 0], "uv_size": [1.5, 0.5]},
								"west": {"uv": [0, 0], "uv_size": [6.5, 0.5]},
								"up": {"uv": [1.5, 6.5], "uv_size": [-1.5, -6.5]},
								"down": {"uv": [1.5, 6.5], "uv_size": [-1.5, -6.5]}
							}
						},
						{
							"origin": [4.75, 11.5, 0.75],
							"size": [0.5, 0.25, 11.25],
							"pivot": [5.5, 12.5, -0.25],
							"rotation": [-22.5, 0, 0],
							"uv": {
								"north": {"uv": [0, 0], "uv_size": [0.5, 0.25]},
								"east": {"uv": [0, 0], "uv_size": [11.25, 0.25]},
								"south": {"uv": [0, 0], "uv_size": [0.5, 0.25]},
								"west": {"uv": [0, 0], "uv_size": [11.25, 0.25]},
								"up": {"uv": [0.5, 11.25], "uv_size": [-0.5, -11.25]},
								"down": {"uv": [0.5, 11.25], "uv_size": [-0.5, -11.25]}
							}
						},
						{
							"origin": [4.75, 12, 16.5],
							"size": [0.5, 2, 1],
							"pivot": [5.5, 12.5, -0.25],
							"rotation": [-22.5, 0, 0],
							"uv": {
								"north": {"uv": [0, 0], "uv_size": [0.5, 2]},
								"east": {"uv": [0, 0], "uv_size": [1, 2]},
								"south": {"uv": [0, 0], "uv_size": [0.5, 2]},
								"west": {"uv": [0, 0], "uv_size": [1, 2]},
								"up": {"uv": [0.5, 1], "uv_size": [-0.5, -1]},
								"down": {"uv": [0.5, 1], "uv_size": [-0.5, -1]}
							}
						},
						{
							"origin": [4.75, 14.25, 0.25],
							"size": [0.5, 0.25, 17.5],
							"pivot": [5.5, 15, -0.25],
							"rotation": [-22.5, 0, 0],
							"uv": {
								"north": {"uv": [0, 0], "uv_size": [0.5, 0.25]},
								"east": {"uv": [0, 0], "uv_size": [17.5, 0.25]},
								"south": {"uv": [0, 0], "uv_size": [0.5, 0.25]},
								"west": {"uv": [0, 0], "uv_size": [17.5, 0.25]},
								"up": {"uv": [0.5, 17.5], "uv_size": [-0.5, -17.5]},
								"down": {"uv": [0.5, 17.5], "uv_size": [-0.5, -17.5]}
							}
						},
						{
							"origin": [5.5, 8.25, -3.25],
							"size": [0.25, 4.25, 0.25],
							"pivot": [6, 11.5, -3.5],
							"rotation": [-85, -140, -127.5],
							"uv": {
								"north": {"uv": [0, 0], "uv_size": [0.25, 4.25]},
								"east": {"uv": [0, 0], "uv_size": [0.25, 4.25]},
								"south": {"uv": [0, 0], "uv_size": [0.25, 4.25]},
								"west": {"uv": [0, 0], "uv_size": [0.25, 4.25]},
								"up": {"uv": [0.25, 0.25], "uv_size": [-0.25, -0.25]},
								"down": {"uv": [0.25, 0.25], "uv_size": [-0.25, -0.25]}
							}
						}
					]
				},
				{
					"name": "rightLeg",
					"parent": "waist",
					"pivot": [-1.9, 12, 0],
					"mirror": true
				},
				{
					"name": "leftLeg",
					"parent": "waist",
					"pivot": [1.9, 12, 0],
					"mirror": true
				}
			]
		}
	]
}
