{
	"format_version": "1.12.0",
	"minecraft:geometry": [
		{
			"description": {
				"identifier": "geometry.terrablade",
				"texture_width": 32,
				"texture_height": 32,
				"visible_bounds_width": 5,
				"visible_bounds_height": 3,
				"visible_bounds_offset": [0, 0.5, 0]
			},
			"bones": [
				{
					"name": "root",
					"pivot": [0, 0, 0]
				},
				{
					"name": "waist",
					"parent": "root",
					"pivot": [0, 0, 0]
				},
				{
					"name": "body",
					"parent": "waist",
					"pivot": [0, 24, 0],
					"mirror": true
				},
				{
					"name": "head",
					"parent": "body",
					"pivot": [0, 24, 0],
					"mirror": true
				},
				{
					"name": "rightArm",
					"parent": "body",
					"pivot": [-5, 21, 0],
					"mirror": true
				},
				{
					"name": "leftArm",
					"parent": "body",
					"pivot": [5, 22, 0],
					"mirror": true
				},
				{
					"name": "bone",
					"parent": "rightArm",
					"pivot": [-5, 17, -2]
				},
				{
					"name": "bone3",
					"parent": "bone",
					"pivot": [-5, 17, -2],
					"cubes": [
						{
							"origin": [5, 14.5, 1.25],
							"size": [0.25, 0.25, 2.75],
							"pivot": [5.75, 14.25, 1.25],
							"rotation": [-22.5, 0, 0],
							"uv": {
								"north": {"uv": [12, 20], "uv_size": [1, 1]},
								"east": {"uv": [13, 11], "uv_size": [3, 1]},
								"south": {"uv": [13, 20], "uv_size": [1, 1]},
								"west": {"uv": [7, 14], "uv_size": [3, 1]},
								"up": {"uv": [13, 14], "uv_size": [1, 3]},
								"down": {"uv": [14, 17], "uv_size": [1, -3]}
							}
						},
						{
							"origin": [5, 13.50523, 3.75104],
							"size": [0.25, 0.25, 2.5],
							"uv": {
								"north": {"uv": [14, 20], "uv_size": [1, 1]},
								"east": {"uv": [14, 8], "uv_size": [3, 1]},
								"south": {"uv": [15, 20], "uv_size": [1, 1]},
								"west": {"uv": [14, 9], "uv_size": [3, 1]},
								"up": {"uv": [7, 15], "uv_size": [1, 3]},
								"down": {"uv": [8, 18], "uv_size": [1, -3]}
							}
						}
					]
				},
				{
					"name": "bone2",
					"parent": "bone",
					"pivot": [-5, 16, -0.25],
					"cubes": [
						{
							"origin": [4.75, 14.5, -12.75],
							"size": [0.75, 1.25, 11.5],
							"pivot": [5.5, 14.75, -2.25],
							"rotation": [-27.5, 0, 0],
							"uv": {
								"north": {"uv": [16, 13], "uv_size": [1, 1]},
								"east": {"uv": [0, 0], "uv_size": [12, 1]},
								"south": {"uv": [3, 18], "uv_size": [1, 1]},
								"west": {"uv": [0, 1], "uv_size": [12, 1]},
								"up": {"uv": [0, 2], "uv_size": [1, 12]},
								"down": {"uv": [1, 14], "uv_size": [1, -12]}
							}
						},
						{
							"origin": [5, 12.82287, 4.24398],
							"size": [0.25, 0.75, 5.75],
							"pivot": [5.5, 13.07287, -2.75602],
							"rotation": [-17.5, 0, 0],
							"uv": {
								"north": {"uv": [18, 10], "uv_size": [1, 1]},
								"east": {"uv": [6, 4], "uv_size": [6, 1]},
								"south": {"uv": [18, 11], "uv_size": [1, 1]},
								"west": {"uv": [6, 5], "uv_size": [6, 1]},
								"up": {"uv": [4, 7], "uv_size": [1, 6]},
								"down": {"uv": [5, 13], "uv_size": [1, -6]}
							}
						},
						{
							"origin": [5, 13.82287, 5.99398],
							"size": [0.25, 0.5, 4.25],
							"pivot": [5.5, 13.82287, -2.75602],
							"rotation": [-17.5, 0, 0],
							"uv": {
								"north": {"uv": [19, 17], "uv_size": [1, 1]},
								"east": {"uv": [8, 7], "uv_size": [4, 1]},
								"south": {"uv": [19, 18], "uv_size": [1, 1]},
								"west": {"uv": [8, 9], "uv_size": [4, 1]},
								"up": {"uv": [8, 10], "uv_size": [1, 4]},
								"down": {"uv": [9, 14], "uv_size": [1, -4]}
							}
						},
						{
							"origin": [5, 7.39474, 11.83452],
							"size": [0.25, 0.5, 3],
							"pivot": [5.5, 7.64474, 1.83452],
							"rotation": [7.5, 0, 0],
							"uv": {
								"north": {"uv": [18, 14], "uv_size": [1, 1]},
								"east": {"uv": [12, 1], "uv_size": [3, 1]},
								"south": {"uv": [18, 15], "uv_size": [1, 1]},
								"west": {"uv": [12, 4], "uv_size": [3, 1]},
								"up": {"uv": [3, 13], "uv_size": [1, 3]},
								"down": {"uv": [4, 16], "uv_size": [1, -3]}
							}
						},
						{
							"origin": [5, 10.33158, 9.42117],
							"size": [0.25, 1.5, 0.75],
							"pivot": [5.5, 10.58158, -0.57883],
							"rotation": [-7.5, 0, 0],
							"uv": {
								"north": {"uv": [11, 15], "uv_size": [1, 2]},
								"east": {"uv": [15, 15], "uv_size": [1, 2]},
								"south": {"uv": [15, 0], "uv_size": [1, 2]},
								"west": {"uv": [15, 4], "uv_size": [1, 2]},
								"up": {"uv": [0, 19], "uv_size": [1, 1]},
								"down": {"uv": [1, 20], "uv_size": [1, -1]}
							}
						},
						{
							"origin": [5, 10.33158, 9.92117],
							"size": [0.25, 0.5, 2.25],
							"pivot": [5.5, 10.58158, -0.57883],
							"rotation": [-7.5, 0, 0],
							"uv": {
								"north": {"uv": [0, 20], "uv_size": [1, 1]},
								"east": {"uv": [16, 16], "uv_size": [2, 1]},
								"south": {"uv": [1, 20], "uv_size": [1, 1]},
								"west": {"uv": [16, 0], "uv_size": [2, 1]},
								"up": {"uv": [12, 16], "uv_size": [1, 2]},
								"down": {"uv": [16, 3], "uv_size": [1, -2]}
							}
						},
						{
							"origin": [5, 11.08158, 9.92117],
							"size": [0.25, 0.75, 2.25],
							"pivot": [5.5, 11.33158, -0.57883],
							"rotation": [-7.5, 0, 0],
							"uv": {
								"north": {"uv": [2, 20], "uv_size": [1, 1]},
								"east": {"uv": [16, 3], "uv_size": [2, 1]},
								"south": {"uv": [3, 20], "uv_size": [1, 1]},
								"west": {"uv": [16, 4], "uv_size": [2, 1]},
								"up": {"uv": [16, 5], "uv_size": [1, 2]},
								"down": {"uv": [16, 12], "uv_size": [1, -2]}
							}
						},
						{
							"origin": [5, 10.75312, 11.93242],
							"size": [0.25, 0.75, 2.75],
							"pivot": [5.5, 10.50312, 1.93242],
							"rotation": [-7.5, 0, 0],
							"uv": {
								"north": {"uv": [18, 16], "uv_size": [1, 1]},
								"east": {"uv": [12, 5], "uv_size": [3, 1]},
								"south": {"uv": [18, 17], "uv_size": [1, 1]},
								"west": {"uv": [12, 7], "uv_size": [3, 1]},
								"up": {"uv": [5, 13], "uv_size": [1, 3]},
								"down": {"uv": [12, 16], "uv_size": [1, -3]}
							}
						},
						{
							"origin": [5, 14.5, -1.25],
							"size": [0.25, 1.25, 3],
							"pivot": [5.5, 14.75, -2.25],
							"rotation": [-27.5, 0, 0],
							"uv": {
								"north": {"uv": [18, 12], "uv_size": [1, 1]},
								"east": {"uv": [12, 12], "uv_size": [3, 1]},
								"south": {"uv": [18, 13], "uv_size": [1, 1]},
								"west": {"uv": [12, 0], "uv_size": [3, 1]},
								"up": {"uv": [12, 9], "uv_size": [1, 3]},
								"down": {"uv": [2, 16], "uv_size": [1, -3]}
							}
						},
						{
							"origin": [5, 13.38098, 1.17644],
							"size": [0.25, 0.5, 1.5],
							"pivot": [5.5, 12.88098, 0.67644],
							"rotation": [-5, 0, 0],
							"uv": {
								"north": {"uv": [5, 19], "uv_size": [1, 1]},
								"east": {"uv": [15, 7], "uv_size": [2, 1]},
								"south": {"uv": [6, 19], "uv_size": [1, 1]},
								"west": {"uv": [15, 12], "uv_size": [2, 1]},
								"up": {"uv": [2, 16], "uv_size": [1, 2]},
								"down": {"uv": [3, 18], "uv_size": [1, -2]}
							}
						},
						{
							"origin": [5, 13.24288, 0.72819],
							"size": [0.25, 0.5, 1.25],
							"pivot": [5.5, 12.74288, 0.47819],
							"rotation": [-50, 0, 0],
							"uv": {
								"north": {"uv": [7, 19], "uv_size": [1, 1]},
								"east": {"uv": [8, 19], "uv_size": [1, 1]},
								"south": {"uv": [9, 19], "uv_size": [1, 1]},
								"west": {"uv": [10, 19], "uv_size": [1, 1]},
								"up": {"uv": [11, 19], "uv_size": [1, 1]},
								"down": {"uv": [12, 20], "uv_size": [1, -1]}
							}
						},
						{
							"origin": [5, 12.74288, -0.27181],
							"size": [0.25, 0.5, 3.25],
							"pivot": [5.5, 12.74288, 0.47819],
							"rotation": [-50, 0, 0],
							"uv": {
								"north": {"uv": [19, 13], "uv_size": [1, 1]},
								"east": {"uv": [13, 3], "uv_size": [3, 1]},
								"south": {"uv": [19, 14], "uv_size": [1, 1]},
								"west": {"uv": [13, 6], "uv_size": [3, 1]},
								"up": {"uv": [1, 14], "uv_size": [1, 3]},
								"down": {"uv": [6, 17], "uv_size": [1, -3]}
							}
						},
						{
							"origin": [5, 10.79681, 2.06915],
							"size": [0.25, 0.5, 4.5],
							"pivot": [5.5, 10.29681, 2.06915],
							"rotation": [-5, 0, 0],
							"uv": {
								"north": {"uv": [19, 15], "uv_size": [1, 1]},
								"east": {"uv": [8, 8], "uv_size": [5, 1]},
								"south": {"uv": [19, 16], "uv_size": [1, 1]},
								"west": {"uv": [8, 6], "uv_size": [5, 1]},
								"up": {"uv": [6, 9], "uv_size": [1, 5]},
								"down": {"uv": [7, 14], "uv_size": [1, -5]}
							}
						},
						{
							"origin": [5, 13.43129, 2.32249],
							"size": [0.25, 0.5, 1.25],
							"pivot": [5.5, 12.93129, 2.07249],
							"rotation": [-27.5, 0, 0],
							"uv": {
								"north": {"uv": [13, 19], "uv_size": [1, 1]},
								"east": {"uv": [14, 19], "uv_size": [1, 1]},
								"south": {"uv": [15, 19], "uv_size": [1, 1]},
								"west": {"uv": [16, 19], "uv_size": [1, 1]},
								"up": {"uv": [17, 19], "uv_size": [1, 1]},
								"down": {"uv": [18, 20], "uv_size": [1, -1]}
							}
						},
						{
							"origin": [5, 13.1744, 3.18801],
							"size": [0.25, 0.5, 1.25],
							"pivot": [5.5, 12.6744, 2.93801],
							"rotation": [-50, 0, 0],
							"uv": {
								"north": {"uv": [19, 7], "uv_size": [1, 1]},
								"east": {"uv": [19, 8], "uv_size": [1, 1]},
								"south": {"uv": [19, 9], "uv_size": [1, 1]},
								"west": {"uv": [19, 10], "uv_size": [1, 1]},
								"up": {"uv": [19, 11], "uv_size": [1, 1]},
								"down": {"uv": [19, 13], "uv_size": [1, -1]}
							}
						},
						{
							"origin": [5, 11.58714, 1.62277],
							"size": [0.25, 1, 1.25],
							"pivot": [5.5, 11.58714, 1.37277],
							"rotation": [-27.5, 0, 0],
							"uv": {
								"north": {"uv": [19, 19], "uv_size": [1, 1]},
								"east": {"uv": [19, 0], "uv_size": [1, 1]},
								"south": {"uv": [19, 1], "uv_size": [1, 1]},
								"west": {"uv": [19, 2], "uv_size": [1, 1]},
								"up": {"uv": [19, 3], "uv_size": [1, 1]},
								"down": {"uv": [19, 5], "uv_size": [1, -1]}
							}
						},
						{
							"origin": [5, 11.11171, 2.64153],
							"size": [0.25, 0.75, 1.5],
							"pivot": [5.5, 10.86171, 2.64153],
							"rotation": [-5, 0, 0],
							"uv": {
								"north": {"uv": [19, 5], "uv_size": [1, 1]},
								"east": {"uv": [15, 14], "uv_size": [2, 1]},
								"south": {"uv": [19, 6], "uv_size": [1, 1]},
								"west": {"uv": [4, 16], "uv_size": [2, 1]},
								"up": {"uv": [9, 16], "uv_size": [1, 2]},
								"down": {"uv": [10, 18], "uv_size": [1, -2]}
							}
						},
						{
							"origin": [5, 14.5, 4.75],
							"size": [0.25, 1.25, 2.5],
							"pivot": [5.5, 14.75, -2.25],
							"rotation": [-27.5, 0, 0],
							"uv": {
								"north": {"uv": [3, 19], "uv_size": [1, 1]},
								"east": {"uv": [13, 13], "uv_size": [3, 1]},
								"south": {"uv": [4, 19], "uv_size": [1, 1]},
								"west": {"uv": [13, 2], "uv_size": [3, 1]},
								"up": {"uv": [13, 8], "uv_size": [1, 3]},
								"down": {"uv": [0, 17], "uv_size": [1, -3]}
							}
						},
						{
							"origin": [4.5, 14.75, -2.5],
							"size": [1.25, 0.75, 0.75],
							"pivot": [5.5, 14.75, -2.25],
							"rotation": [-27.5, 0, 0],
							"uv": {
								"north": {"uv": [9, 18], "uv_size": [1, 1]},
								"east": {"uv": [10, 18], "uv_size": [1, 1]},
								"south": {"uv": [12, 18], "uv_size": [1, 1]},
								"west": {"uv": [18, 18], "uv_size": [1, 1]},
								"up": {"uv": [18, 0], "uv_size": [1, 1]},
								"down": {"uv": [18, 2], "uv_size": [1, -1]}
							}
						},
						{
							"origin": [4.5, 15, -11.75],
							"size": [1.25, 0.25, 9.25],
							"pivot": [5.5, 14.75, -2.25],
							"rotation": [-27.5, 0, 0],
							"uv": {
								"north": {"uv": [18, 2], "uv_size": [1, 1]},
								"east": {"uv": [2, 2], "uv_size": [9, 1]},
								"south": {"uv": [18, 3], "uv_size": [1, 1]},
								"west": {"uv": [2, 3], "uv_size": [9, 1]},
								"up": {"uv": [2, 4], "uv_size": [1, 9]},
								"down": {"uv": [3, 13], "uv_size": [1, -9]}
							}
						},
						{
							"origin": [4.5, 14.75, -12.5],
							"size": [1.25, 0.75, 0.75],
							"pivot": [5.5, 14.75, -2.25],
							"rotation": [-27.5, 0, 0],
							"uv": {
								"north": {"uv": [18, 4], "uv_size": [1, 1]},
								"east": {"uv": [18, 5], "uv_size": [1, 1]},
								"south": {"uv": [18, 6], "uv_size": [1, 1]},
								"west": {"uv": [18, 7], "uv_size": [1, 1]},
								"up": {"uv": [18, 8], "uv_size": [1, 1]},
								"down": {"uv": [18, 10], "uv_size": [1, -1]}
							}
						},
						{
							"origin": [4.25, 14.25, -13.75],
							"size": [1.75, 1.75, 1],
							"pivot": [5.5, 14.75, -2.25],
							"rotation": [-27.5, 0, 0],
							"uv": {
								"north": {"uv": [10, 10], "uv_size": [2, 2]},
								"east": {"uv": [17, 13], "uv_size": [1, 2]},
								"south": {"uv": [11, 2], "uv_size": [2, 2]},
								"west": {"uv": [2, 18], "uv_size": [1, 2]},
								"up": {"uv": [16, 15], "uv_size": [2, 1]},
								"down": {"uv": [7, 19], "uv_size": [2, -1]}
							}
						},
						{
							"origin": [4, 13.75, -1.25],
							"size": [2.25, 2.75, 0.25],
							"pivot": [5.5, 14.75, -2.25],
							"rotation": [-27.5, 0, 0],
							"uv": {
								"north": {"uv": [4, 4], "uv_size": [2, 3]},
								"east": {"uv": [10, 12], "uv_size": [1, 3]},
								"south": {"uv": [6, 6], "uv_size": [2, 3]},
								"west": {"uv": [11, 12], "uv_size": [1, 3]},
								"up": {"uv": [14, 10], "uv_size": [2, 1]},
								"down": {"uv": [9, 16], "uv_size": [2, -1]}
							}
						},
						{
							"origin": [3.34951, 12.07324, 1.06688],
							"size": [0.25, 1.75, 0.25],
							"pivot": [3.84951, 13.32324, 0.06688],
							"rotation": [-140, -22.5, 0],
							"uv": {
								"north": {"uv": [0, 17], "uv_size": [1, 2]},
								"east": {"uv": [1, 17], "uv_size": [1, 2]},
								"south": {"uv": [4, 17], "uv_size": [1, 2]},
								"west": {"uv": [5, 17], "uv_size": [1, 2]},
								"up": {"uv": [4, 20], "uv_size": [1, 1]},
								"down": {"uv": [5, 21], "uv_size": [1, -1]}
							}
						},
						{
							"origin": [6.59339, 12.07324, 0.77987],
							"size": [0.25, 1.75, 0.25],
							"pivot": [7.09339, 13.32324, -0.22013],
							"rotation": [-140, 22.5, 0],
							"uv": {
								"north": {"uv": [6, 17], "uv_size": [1, 2]},
								"east": {"uv": [11, 17], "uv_size": [1, 2]},
								"south": {"uv": [13, 17], "uv_size": [1, 2]},
								"west": {"uv": [14, 17], "uv_size": [1, 2]},
								"up": {"uv": [6, 20], "uv_size": [1, 1]},
								"down": {"uv": [7, 21], "uv_size": [1, -1]}
							}
						},
						{
							"origin": [3.54736, 15.38412, 1.85905],
							"size": [0.25, 2, 0.25],
							"pivot": [4.04736, 16.63412, 0.85905],
							"rotation": [-95, -22.5, 0],
							"uv": {
								"north": {"uv": [15, 17], "uv_size": [1, 2]},
								"east": {"uv": [16, 17], "uv_size": [1, 2]},
								"south": {"uv": [17, 17], "uv_size": [1, 2]},
								"west": {"uv": [17, 1], "uv_size": [1, 2]},
								"up": {"uv": [8, 20], "uv_size": [1, 1]},
								"down": {"uv": [9, 21], "uv_size": [1, -1]}
							}
						},
						{
							"origin": [6.39555, 15.38412, 1.57204],
							"size": [0.25, 2.25, 0.25],
							"pivot": [6.89555, 16.63412, 0.57204],
							"rotation": [-95, 22.5, 0],
							"uv": {
								"north": {"uv": [17, 5], "uv_size": [1, 2]},
								"east": {"uv": [17, 7], "uv_size": [1, 2]},
								"south": {"uv": [17, 9], "uv_size": [1, 2]},
								"west": {"uv": [17, 11], "uv_size": [1, 2]},
								"up": {"uv": [10, 20], "uv_size": [1, 1]},
								"down": {"uv": [11, 21], "uv_size": [1, -1]}
							}
						}
					]
				},
				{
					"name": "rightLeg",
					"parent": "waist",
					"pivot": [-1.9, 12, 0],
					"mirror": true
				},
				{
					"name": "leftLeg",
					"parent": "waist",
					"pivot": [1.9, 12, 0],
					"mirror": true
				}
			]
		}
	]
}
