{
	"format_version": "1.12.0",
	"minecraft:geometry": [
		{
			"description": {
				"identifier": "geometry.terrablade__",
				"texture_width": 32,
				"texture_height": 32,
				"visible_bounds_width": 5,
				"visible_bounds_height": 3,
				"visible_bounds_offset": [0, 0.5, 0]
			},
			"bones": [
				{
					"name": "bone",
					"pivot": [8, 8, -10],
					"rotation": [25, -90, 0]
				},
				{
					"name": "bone3",
					"parent": "bone",
					"pivot": [8, 8, -10],
					"cubes": [
						{
							"origin": [18, 5.5, -6.75],
							"size": [0.25, 0.25, 2.75],
							"pivot": [18.75, 5.25, -6.75],
							"rotation": [-22.5, 0, 0],
							"uv": {
								"north": {"uv": [12, 20], "uv_size": [1, 1]},
								"east": {"uv": [13, 11], "uv_size": [3, 1]},
								"south": {"uv": [13, 20], "uv_size": [1, 1]},
								"west": {"uv": [7, 14], "uv_size": [3, 1]},
								"up": {"uv": [13, 14], "uv_size": [1, 3]},
								"down": {"uv": [14, 17], "uv_size": [1, -3]}
							}
						},
						{
							"origin": [18, 4.50523, -4.24896],
							"size": [0.25, 0.25, 2.5],
							"uv": {
								"north": {"uv": [14, 20], "uv_size": [1, 1]},
								"east": {"uv": [14, 8], "uv_size": [3, 1]},
								"south": {"uv": [15, 20], "uv_size": [1, 1]},
								"west": {"uv": [14, 9], "uv_size": [3, 1]},
								"up": {"uv": [7, 15], "uv_size": [1, 3]},
								"down": {"uv": [8, 18], "uv_size": [1, -3]}
							}
						}
					]
				},
				{
					"name": "bone2",
					"parent": "bone",
					"pivot": [8, 7, -8.25],
					"cubes": [
						{
							"origin": [17.75, 5.5, -20.75],
							"size": [0.75, 1.25, 11.5],
							"pivot": [18.5, 5.75, -10.25],
							"rotation": [-27.5, 0, 0],
							"uv": {
								"north": {"uv": [16, 13], "uv_size": [1, 1]},
								"east": {"uv": [0, 0], "uv_size": [12, 1]},
								"south": {"uv": [3, 18], "uv_size": [1, 1]},
								"west": {"uv": [0, 1], "uv_size": [12, 1]},
								"up": {"uv": [0, 2], "uv_size": [1, 12]},
								"down": {"uv": [1, 14], "uv_size": [1, -12]}
							}
						},
						{
							"origin": [18, 3.82287, -3.75602],
							"size": [0.25, 0.75, 5.75],
							"pivot": [18.5, 4.07287, -10.75602],
							"rotation": [-17.5, 0, 0],
							"uv": {
								"north": {"uv": [18, 10], "uv_size": [1, 1]},
								"east": {"uv": [6, 4], "uv_size": [6, 1]},
								"south": {"uv": [18, 11], "uv_size": [1, 1]},
								"west": {"uv": [6, 5], "uv_size": [6, 1]},
								"up": {"uv": [4, 7], "uv_size": [1, 6]},
								"down": {"uv": [5, 13], "uv_size": [1, -6]}
							}
						},
						{
							"origin": [18, 4.82287, -2.00602],
							"size": [0.25, 0.5, 4.25],
							"pivot": [18.5, 4.82287, -10.75602],
							"rotation": [-17.5, 0, 0],
							"uv": {
								"north": {"uv": [19, 17], "uv_size": [1, 1]},
								"east": {"uv": [8, 7], "uv_size": [4, 1]},
								"south": {"uv": [19, 18], "uv_size": [1, 1]},
								"west": {"uv": [8, 9], "uv_size": [4, 1]},
								"up": {"uv": [8, 10], "uv_size": [1, 4]},
								"down": {"uv": [9, 14], "uv_size": [1, -4]}
							}
						},
						{
							"origin": [18, -1.60526, 3.83452],
							"size": [0.25, 0.5, 3],
							"pivot": [18.5, -1.35526, -6.16548],
							"rotation": [7.5, 0, 0],
							"uv": {
								"north": {"uv": [18, 14], "uv_size": [1, 1]},
								"east": {"uv": [12, 1], "uv_size": [3, 1]},
								"south": {"uv": [18, 15], "uv_size": [1, 1]},
								"west": {"uv": [12, 4], "uv_size": [3, 1]},
								"up": {"uv": [3, 13], "uv_size": [1, 3]},
								"down": {"uv": [4, 16], "uv_size": [1, -3]}
							}
						},
						{
							"origin": [18, 1.33158, 1.42117],
							"size": [0.25, 1.5, 0.75],
							"pivot": [18.5, 1.58158, -8.57883],
							"rotation": [-7.5, 0, 0],
							"uv": {
								"north": {"uv": [11, 15], "uv_size": [1, 2]},
								"east": {"uv": [15, 15], "uv_size": [1, 2]},
								"south": {"uv": [15, 0], "uv_size": [1, 2]},
								"west": {"uv": [15, 4], "uv_size": [1, 2]},
								"up": {"uv": [0, 19], "uv_size": [1, 1]},
								"down": {"uv": [1, 20], "uv_size": [1, -1]}
							}
						},
						{
							"origin": [18, 1.33158, 1.92117],
							"size": [0.25, 0.5, 2.25],
							"pivot": [18.5, 1.58158, -8.57883],
							"rotation": [-7.5, 0, 0],
							"uv": {
								"north": {"uv": [0, 20], "uv_size": [1, 1]},
								"east": {"uv": [16, 16], "uv_size": [2, 1]},
								"south": {"uv": [1, 20], "uv_size": [1, 1]},
								"west": {"uv": [16, 0], "uv_size": [2, 1]},
								"up": {"uv": [12, 16], "uv_size": [1, 2]},
								"down": {"uv": [16, 3], "uv_size": [1, -2]}
							}
						},
						{
							"origin": [18, 2.08158, 1.92117],
							"size": [0.25, 0.75, 2.25],
							"pivot": [18.5, 2.33158, -8.57883],
							"rotation": [-7.5, 0, 0],
							"uv": {
								"north": {"uv": [2, 20], "uv_size": [1, 1]},
								"east": {"uv": [16, 3], "uv_size": [2, 1]},
								"south": {"uv": [3, 20], "uv_size": [1, 1]},
								"west": {"uv": [16, 4], "uv_size": [2, 1]},
								"up": {"uv": [16, 5], "uv_size": [1, 2]},
								"down": {"uv": [16, 12], "uv_size": [1, -2]}
							}
						},
						{
							"origin": [18, 1.75312, 3.93242],
							"size": [0.25, 0.75, 2.75],
							"pivot": [18.5, 1.50312, -6.06758],
							"rotation": [-7.5, 0, 0],
							"uv": {
								"north": {"uv": [18, 16], "uv_size": [1, 1]},
								"east": {"uv": [12, 5], "uv_size": [3, 1]},
								"south": {"uv": [18, 17], "uv_size": [1, 1]},
								"west": {"uv": [12, 7], "uv_size": [3, 1]},
								"up": {"uv": [5, 13], "uv_size": [1, 3]},
								"down": {"uv": [12, 16], "uv_size": [1, -3]}
							}
						},
						{
							"origin": [18, 5.5, -9.25],
							"size": [0.25, 1.25, 3],
							"pivot": [18.5, 5.75, -10.25],
							"rotation": [-27.5, 0, 0],
							"uv": {
								"north": {"uv": [18, 12], "uv_size": [1, 1]},
								"east": {"uv": [12, 12], "uv_size": [3, 1]},
								"south": {"uv": [18, 13], "uv_size": [1, 1]},
								"west": {"uv": [12, 0], "uv_size": [3, 1]},
								"up": {"uv": [12, 9], "uv_size": [1, 3]},
								"down": {"uv": [2, 16], "uv_size": [1, -3]}
							}
						},
						{
							"origin": [18, 4.38098, -6.82356],
							"size": [0.25, 0.5, 1.5],
							"pivot": [18.5, 3.88098, -7.32356],
							"rotation": [-5, 0, 0],
							"uv": {
								"north": {"uv": [5, 19], "uv_size": [1, 1]},
								"east": {"uv": [15, 7], "uv_size": [2, 1]},
								"south": {"uv": [6, 19], "uv_size": [1, 1]},
								"west": {"uv": [15, 12], "uv_size": [2, 1]},
								"up": {"uv": [2, 16], "uv_size": [1, 2]},
								"down": {"uv": [3, 18], "uv_size": [1, -2]}
							}
						},
						{
							"origin": [18, 4.24288, -7.27181],
							"size": [0.25, 0.5, 1.25],
							"pivot": [18.5, 3.74288, -7.52181],
							"rotation": [-50, 0, 0],
							"uv": {
								"north": {"uv": [7, 19], "uv_size": [1, 1]},
								"east": {"uv": [8, 19], "uv_size": [1, 1]},
								"south": {"uv": [9, 19], "uv_size": [1, 1]},
								"west": {"uv": [10, 19], "uv_size": [1, 1]},
								"up": {"uv": [11, 19], "uv_size": [1, 1]},
								"down": {"uv": [12, 20], "uv_size": [1, -1]}
							}
						},
						{
							"origin": [18, 3.74288, -8.27181],
							"size": [0.25, 0.5, 3.25],
							"pivot": [18.5, 3.74288, -7.52181],
							"rotation": [-50, 0, 0],
							"uv": {
								"north": {"uv": [19, 13], "uv_size": [1, 1]},
								"east": {"uv": [13, 3], "uv_size": [3, 1]},
								"south": {"uv": [19, 14], "uv_size": [1, 1]},
								"west": {"uv": [13, 6], "uv_size": [3, 1]},
								"up": {"uv": [1, 14], "uv_size": [1, 3]},
								"down": {"uv": [6, 17], "uv_size": [1, -3]}
							}
						},
						{
							"origin": [18, 1.79681, -5.93085],
							"size": [0.25, 0.5, 4.5],
							"pivot": [18.5, 1.29681, -5.93085],
							"rotation": [-5, 0, 0],
							"uv": {
								"north": {"uv": [19, 15], "uv_size": [1, 1]},
								"east": {"uv": [8, 8], "uv_size": [5, 1]},
								"south": {"uv": [19, 16], "uv_size": [1, 1]},
								"west": {"uv": [8, 6], "uv_size": [5, 1]},
								"up": {"uv": [6, 9], "uv_size": [1, 5]},
								"down": {"uv": [7, 14], "uv_size": [1, -5]}
							}
						},
						{
							"origin": [18, 4.43129, -5.67751],
							"size": [0.25, 0.5, 1.25],
							"pivot": [18.5, 3.93129, -5.92751],
							"rotation": [-27.5, 0, 0],
							"uv": {
								"north": {"uv": [13, 19], "uv_size": [1, 1]},
								"east": {"uv": [14, 19], "uv_size": [1, 1]},
								"south": {"uv": [15, 19], "uv_size": [1, 1]},
								"west": {"uv": [16, 19], "uv_size": [1, 1]},
								"up": {"uv": [17, 19], "uv_size": [1, 1]},
								"down": {"uv": [18, 20], "uv_size": [1, -1]}
							}
						},
						{
							"origin": [18, 4.1744, -4.81199],
							"size": [0.25, 0.5, 1.25],
							"pivot": [18.5, 3.6744, -5.06199],
							"rotation": [-50, 0, 0],
							"uv": {
								"north": {"uv": [19, 7], "uv_size": [1, 1]},
								"east": {"uv": [19, 8], "uv_size": [1, 1]},
								"south": {"uv": [19, 9], "uv_size": [1, 1]},
								"west": {"uv": [19, 10], "uv_size": [1, 1]},
								"up": {"uv": [19, 11], "uv_size": [1, 1]},
								"down": {"uv": [19, 13], "uv_size": [1, -1]}
							}
						},
						{
							"origin": [18, 2.58714, -6.37723],
							"size": [0.25, 1, 1.25],
							"pivot": [18.5, 2.58714, -6.62723],
							"rotation": [-27.5, 0, 0],
							"uv": {
								"north": {"uv": [19, 19], "uv_size": [1, 1]},
								"east": {"uv": [19, 0], "uv_size": [1, 1]},
								"south": {"uv": [19, 1], "uv_size": [1, 1]},
								"west": {"uv": [19, 2], "uv_size": [1, 1]},
								"up": {"uv": [19, 3], "uv_size": [1, 1]},
								"down": {"uv": [19, 5], "uv_size": [1, -1]}
							}
						},
						{
							"origin": [18, 2.11171, -5.35847],
							"size": [0.25, 0.75, 1.5],
							"pivot": [18.5, 1.86171, -5.35847],
							"rotation": [-5, 0, 0],
							"uv": {
								"north": {"uv": [19, 5], "uv_size": [1, 1]},
								"east": {"uv": [15, 14], "uv_size": [2, 1]},
								"south": {"uv": [19, 6], "uv_size": [1, 1]},
								"west": {"uv": [4, 16], "uv_size": [2, 1]},
								"up": {"uv": [9, 16], "uv_size": [1, 2]},
								"down": {"uv": [10, 18], "uv_size": [1, -2]}
							}
						},
						{
							"origin": [18, 5.5, -3.25],
							"size": [0.25, 1.25, 2.5],
							"pivot": [18.5, 5.75, -10.25],
							"rotation": [-27.5, 0, 0],
							"uv": {
								"north": {"uv": [3, 19], "uv_size": [1, 1]},
								"east": {"uv": [13, 13], "uv_size": [3, 1]},
								"south": {"uv": [4, 19], "uv_size": [1, 1]},
								"west": {"uv": [13, 2], "uv_size": [3, 1]},
								"up": {"uv": [13, 8], "uv_size": [1, 3]},
								"down": {"uv": [0, 17], "uv_size": [1, -3]}
							}
						},
						{
							"origin": [17.5, 5.75, -10.5],
							"size": [1.25, 0.75, 0.75],
							"pivot": [18.5, 5.75, -10.25],
							"rotation": [-27.5, 0, 0],
							"uv": {
								"north": {"uv": [9, 18], "uv_size": [1, 1]},
								"east": {"uv": [10, 18], "uv_size": [1, 1]},
								"south": {"uv": [12, 18], "uv_size": [1, 1]},
								"west": {"uv": [18, 18], "uv_size": [1, 1]},
								"up": {"uv": [18, 0], "uv_size": [1, 1]},
								"down": {"uv": [18, 2], "uv_size": [1, -1]}
							}
						},
						{
							"origin": [17.5, 6, -19.75],
							"size": [1.25, 0.25, 9.25],
							"pivot": [18.5, 5.75, -10.25],
							"rotation": [-27.5, 0, 0],
							"uv": {
								"north": {"uv": [18, 2], "uv_size": [1, 1]},
								"east": {"uv": [2, 2], "uv_size": [9, 1]},
								"south": {"uv": [18, 3], "uv_size": [1, 1]},
								"west": {"uv": [2, 3], "uv_size": [9, 1]},
								"up": {"uv": [2, 4], "uv_size": [1, 9]},
								"down": {"uv": [3, 13], "uv_size": [1, -9]}
							}
						},
						{
							"origin": [17.5, 5.75, -20.5],
							"size": [1.25, 0.75, 0.75],
							"pivot": [18.5, 5.75, -10.25],
							"rotation": [-27.5, 0, 0],
							"uv": {
								"north": {"uv": [18, 4], "uv_size": [1, 1]},
								"east": {"uv": [18, 5], "uv_size": [1, 1]},
								"south": {"uv": [18, 6], "uv_size": [1, 1]},
								"west": {"uv": [18, 7], "uv_size": [1, 1]},
								"up": {"uv": [18, 8], "uv_size": [1, 1]},
								"down": {"uv": [18, 10], "uv_size": [1, -1]}
							}
						},
						{
							"origin": [17.25, 5.25, -21.75],
							"size": [1.75, 1.75, 1],
							"pivot": [18.5, 5.75, -10.25],
							"rotation": [-27.5, 0, 0],
							"uv": {
								"north": {"uv": [10, 10], "uv_size": [2, 2]},
								"east": {"uv": [17, 13], "uv_size": [1, 2]},
								"south": {"uv": [11, 2], "uv_size": [2, 2]},
								"west": {"uv": [2, 18], "uv_size": [1, 2]},
								"up": {"uv": [16, 15], "uv_size": [2, 1]},
								"down": {"uv": [7, 19], "uv_size": [2, -1]}
							}
						},
						{
							"origin": [17, 4.75, -9.25],
							"size": [2.25, 2.75, 0.25],
							"pivot": [18.5, 5.75, -10.25],
							"rotation": [-27.5, 0, 0],
							"uv": {
								"north": {"uv": [4, 4], "uv_size": [2, 3]},
								"east": {"uv": [10, 12], "uv_size": [1, 3]},
								"south": {"uv": [6, 6], "uv_size": [2, 3]},
								"west": {"uv": [11, 12], "uv_size": [1, 3]},
								"up": {"uv": [14, 10], "uv_size": [2, 1]},
								"down": {"uv": [9, 16], "uv_size": [2, -1]}
							}
						},
						{
							"origin": [16.34951, 3.07324, -6.93312],
							"size": [0.25, 1.75, 0.25],
							"pivot": [16.84951, 4.32324, -7.93312],
							"rotation": [-140, -22.5, 0],
							"uv": {
								"north": {"uv": [0, 17], "uv_size": [1, 2]},
								"east": {"uv": [1, 17], "uv_size": [1, 2]},
								"south": {"uv": [4, 17], "uv_size": [1, 2]},
								"west": {"uv": [5, 17], "uv_size": [1, 2]},
								"up": {"uv": [4, 20], "uv_size": [1, 1]},
								"down": {"uv": [5, 21], "uv_size": [1, -1]}
							}
						},
						{
							"origin": [19.59339, 3.07324, -7.22013],
							"size": [0.25, 1.75, 0.25],
							"pivot": [20.09339, 4.32324, -8.22013],
							"rotation": [-140, 22.5, 0],
							"uv": {
								"north": {"uv": [6, 17], "uv_size": [1, 2]},
								"east": {"uv": [11, 17], "uv_size": [1, 2]},
								"south": {"uv": [13, 17], "uv_size": [1, 2]},
								"west": {"uv": [14, 17], "uv_size": [1, 2]},
								"up": {"uv": [6, 20], "uv_size": [1, 1]},
								"down": {"uv": [7, 21], "uv_size": [1, -1]}
							}
						},
						{
							"origin": [16.54736, 6.38412, -6.14095],
							"size": [0.25, 2, 0.25],
							"pivot": [17.04736, 7.63412, -7.14095],
							"rotation": [-95, -22.5, 0],
							"uv": {
								"north": {"uv": [15, 17], "uv_size": [1, 2]},
								"east": {"uv": [16, 17], "uv_size": [1, 2]},
								"south": {"uv": [17, 17], "uv_size": [1, 2]},
								"west": {"uv": [17, 1], "uv_size": [1, 2]},
								"up": {"uv": [8, 20], "uv_size": [1, 1]},
								"down": {"uv": [9, 21], "uv_size": [1, -1]}
							}
						},
						{
							"origin": [19.39555, 6.38412, -6.42796],
							"size": [0.25, 2.25, 0.25],
							"pivot": [19.89555, 7.63412, -7.42796],
							"rotation": [-95, 22.5, 0],
							"uv": {
								"north": {"uv": [17, 5], "uv_size": [1, 2]},
								"east": {"uv": [17, 7], "uv_size": [1, 2]},
								"south": {"uv": [17, 9], "uv_size": [1, 2]},
								"west": {"uv": [17, 11], "uv_size": [1, 2]},
								"up": {"uv": [10, 20], "uv_size": [1, 1]},
								"down": {"uv": [11, 21], "uv_size": [1, -1]}
							}
						}
					]
				},
				{
					"name": "bone4",
					"pivot": [0, 0, 0],
					"cubes": [
						{
							"origin": [-6, 0, -3.5],
							"size": [2, 2, 7],
							"uv": {
								"north": {"uv": [0, 58], "uv_size": [64, 6]},
								"east": {"uv": [0, 58], "uv_size": [64, 6]},
								"south": {"uv": [0, 58], "uv_size": [64, 6]},
								"west": {"uv": [0, 58], "uv_size": [64, 6]},
								"up": {"uv": [64, 64], "uv_size": [-64, -6]},
								"down": {"uv": [64, 64], "uv_size": [-64, -6]}
							}
						},
						{
							"origin": [4, 0, -3.5],
							"size": [2, 2, 7],
							"uv": {
								"north": {"uv": [0, 58], "uv_size": [64, 6]},
								"east": {"uv": [0, 58], "uv_size": [64, 6]},
								"south": {"uv": [0, 58], "uv_size": [64, 6]},
								"west": {"uv": [0, 58], "uv_size": [64, 6]},
								"up": {"uv": [64, 64], "uv_size": [-64, -6]},
								"down": {"uv": [64, 64], "uv_size": [-64, -6]}
							}
						},
						{
							"origin": [-8, 0, -1.5],
							"size": [16, 2, 3],
							"uv": {
								"north": {"uv": [0, 58], "uv_size": [64, 6]},
								"east": {"uv": [0, 58], "uv_size": [64, 6]},
								"south": {"uv": [0, 58], "uv_size": [64, 6]},
								"west": {"uv": [0, 58], "uv_size": [64, 6]},
								"up": {"uv": [64, 64], "uv_size": [-64, -6]},
								"down": {"uv": [64, 64], "uv_size": [-64, -6]}
							}
						},
						{
							"origin": [-6, 2, -2],
							"size": [2, 1, 4],
							"uv": {
								"north": {"uv": [0, 58], "uv_size": [64, 6]},
								"east": {"uv": [0, 58], "uv_size": [64, 6]},
								"south": {"uv": [0, 58], "uv_size": [64, 6]},
								"west": {"uv": [0, 58], "uv_size": [64, 6]},
								"up": {"uv": [64, 64], "uv_size": [-64, -6]},
								"down": {"uv": [64, 64], "uv_size": [-64, -6]}
							}
						},
						{
							"origin": [4, 2, -2],
							"size": [2, 1, 4],
							"uv": {
								"north": {"uv": [0, 58], "uv_size": [64, 6]},
								"east": {"uv": [0, 58], "uv_size": [64, 6]},
								"south": {"uv": [0, 58], "uv_size": [64, 6]},
								"west": {"uv": [0, 58], "uv_size": [64, 6]},
								"up": {"uv": [64, 64], "uv_size": [-64, -6]},
								"down": {"uv": [64, 64], "uv_size": [-64, -6]}
							}
						},
						{
							"origin": [-6, 3, -1],
							"size": [2, 2, 2],
							"uv": {
								"north": {"uv": [0, 58], "uv_size": [64, 6]},
								"east": {"uv": [0, 58], "uv_size": [64, 6]},
								"south": {"uv": [0, 58], "uv_size": [64, 6]},
								"west": {"uv": [0, 58], "uv_size": [64, 6]},
								"up": {"uv": [64, 64], "uv_size": [-64, -6]},
								"down": {"uv": [64, 64], "uv_size": [-64, -6]}
							}
						},
						{
							"origin": [4, 3, -1],
							"size": [2, 2, 2],
							"uv": {
								"north": {"uv": [0, 58], "uv_size": [64, 6]},
								"east": {"uv": [0, 58], "uv_size": [64, 6]},
								"south": {"uv": [0, 58], "uv_size": [64, 6]},
								"west": {"uv": [0, 58], "uv_size": [64, 6]},
								"up": {"uv": [64, 64], "uv_size": [-64, -6]},
								"down": {"uv": [64, 64], "uv_size": [-64, -6]}
							}
						},
						{
							"origin": [-6, 4, 1],
							"size": [2, 1, 1],
							"pivot": [0, 0, 0],
							"rotation": [25, 0, 0],
							"uv": {
								"north": {"uv": [0, 58], "uv_size": [64, 6]},
								"east": {"uv": [0, 58], "uv_size": [64, 6]},
								"south": {"uv": [0, 58], "uv_size": [64, 6]},
								"west": {"uv": [0, 58], "uv_size": [64, 6]},
								"up": {"uv": [64, 64], "uv_size": [-64, -6]},
								"down": {"uv": [64, 64], "uv_size": [-64, -6]}
							}
						},
						{
							"origin": [-6, 4, -2],
							"size": [2, 1, 1],
							"pivot": [0, 0, 0],
							"rotation": [-25, 0, 0],
							"uv": {
								"north": {"uv": [0, 58], "uv_size": [64, 6]},
								"east": {"uv": [0, 58], "uv_size": [64, 6]},
								"south": {"uv": [0, 58], "uv_size": [64, 6]},
								"west": {"uv": [0, 58], "uv_size": [64, 6]},
								"up": {"uv": [64, 64], "uv_size": [-64, -6]},
								"down": {"uv": [64, 64], "uv_size": [-64, -6]}
							}
						},
						{
							"origin": [4, 4, 1],
							"size": [2, 1, 1],
							"pivot": [0, 0, 0],
							"rotation": [25, 0, 0],
							"uv": {
								"north": {"uv": [0, 58], "uv_size": [64, 6]},
								"east": {"uv": [0, 58], "uv_size": [64, 6]},
								"south": {"uv": [0, 58], "uv_size": [64, 6]},
								"west": {"uv": [0, 58], "uv_size": [64, 6]},
								"up": {"uv": [64, 64], "uv_size": [-64, -6]},
								"down": {"uv": [64, 64], "uv_size": [-64, -6]}
							}
						},
						{
							"origin": [4, 4, -2],
							"size": [2, 1, 1],
							"pivot": [0, 0, 0],
							"rotation": [-25, 0, 0],
							"uv": {
								"north": {"uv": [0, 58], "uv_size": [64, 6]},
								"east": {"uv": [0, 58], "uv_size": [64, 6]},
								"south": {"uv": [0, 58], "uv_size": [64, 6]},
								"west": {"uv": [0, 58], "uv_size": [64, 6]},
								"up": {"uv": [64, 64], "uv_size": [-64, -6]},
								"down": {"uv": [64, 64], "uv_size": [-64, -6]}
							}
						}
					]
				}
			]
		}
	]
}