{
  "resource_pack_name": "All In One Tool",
  "texture_name": "atlas.items",
  "texture_data": {
    "diamond_aiot": {
      "textures": "textures/items/diamond_aiot"
    },
  	"wooden_aiot": {
      "textures": "textures/items/wooden_aiot"
    },
	  "stone_aiot": {
      "textures": "textures/items/stone_aiot"
    },
	  "golden_aiot": {
      "textures": "textures/items/golden_aiot"
    },
	  "iron_aiot": {
      "textures": "textures/items/iron_aiot"
    },
	  "netherite_aiot": {
      "textures": "textures/items/netherite_aiot"
    }
  }
}