{
  "format_version": "1.12",
  "minecraft:recipe_shaped": {
    "description": {
    "identifier": "tunekeshi:b3k"
    },   
    "tags": [ "katana_crafting_table" ],
    "pattern": [
      "XAB",
      "CDE",
      "FGX"
    ],
    "key": {
      "A": {
        "item": "minecraft:blaze_powder"
      },
      "B": {
        "item": "tunekeshi:s3"         
      },
      "C": {
        "item": "minecraft:dye",
        "data": 4              
      },
      "D": {
        "item": "tunekeshi:b2"
      },
      "E": {
        "item": "minecraft:coal"         
      },
      "F": {
        "item": "minecraft:string"         
      },
      "G": {
        "item": "minecraft:gold_nugget"         
      }
    },
    "result": {
      "item": "tunekeshi:b3"
    }
  }
}
