{
  "format_version": "1.12",
  "minecraft:recipe_shaped": {
    "description": {
    "identifier": "tunekeshi:b4k"
    },   
    "tags": [ "katana_crafting_table" ],
    "pattern": [
      "ABC",
      "DEF",
      "GBH"
    ],
    "key": {
      "A": {
        "item": "minecraft:emerald"
      },
      "B": {
        "item": "tunekeshi:s3"         
      },
      "C": {
        "item": "minecraft:diamond"         
      },
      "D": {
        "item": "minecraft:redstone"
      },
      "E": {
        "item": "tunekeshi:b3"         
      },
      "F": {
        "item": "minecraft:dye",
        "data": 4              
      },
      "G": {
        "item": "minecraft:iron_ingot"         
      },
      "H": {
        "item": "minecraft:gold_ingot"         
      }
    },
    "result": {
      "item": "tunekeshi:b4"
    }
  }
}
