{
  "format_version": "1.12",
  "minecraft:recipe_shaped": {
    "description": {
    "identifier": "tunekeshi:b7k"
    },   
    "tags": [ "katana_crafting_table" ],
    "pattern": [
      "ABA",
      "ACA",
      "ADA"
    ],
    "key": {
      "A": {
        "item": "tunekeshi:s3"
      },
      "B": {
        "item": "tunekeshi:s1"         
      },
      "C": {
        "item": "tunekeshi:b4"         
      },
      "D": {
        "item": "minecraft:skull",
        "data": 1         
      }
    },
    "result": {
      "item": "tunekeshi:b7"
    }
  }
}
