{
  "format_version": "1.13.0",
  "minecraft:entity": {
    "description": {
      "identifier": "tunekeshi:3d_item",
      "is_spawnable": false,
      "is_summonable": false,
      "is_experimental": false
    },
    "component_groups": {
      "b1": {
        "minecraft:mark_variant": {
          "value": 0
        }
      },
      "b2": {
        "minecraft:mark_variant": {
          "value": 1
        }
      },
      "b3": {
        "minecraft:mark_variant": {
          "value": 2
        }
      },
      "b4": {
        "minecraft:mark_variant": {
          "value": 3
        }
      },
      "b5": {
        "minecraft:mark_variant": {
          "value": 4
        }
      },
      "b6": {
        "minecraft:mark_variant": {
          "value": 5
        }
      },
      "b7": {
        "minecraft:mark_variant": {
          "value": 6
        }
      },
      "b8": {
        "minecraft:mark_variant": {
          "value": 7
        }
      },
      "b9": {
        "minecraft:mark_variant": {
          "value": 8
        }
      },
      "b10": {
        "minecraft:mark_variant": {
          "value": 9
        }
      },
      "b11": {
        "minecraft:mark_variant": {
          "value": 10
        }
      },
      "b12": {
        "minecraft:mark_variant": {
          "value": 11
        }
      },
      "b13": {
        "minecraft:mark_variant": {
          "value": 12
        }
      },
      "b14": {
        "minecraft:mark_variant": {
          "value": 13
        }
      },
      "b15": {
        "minecraft:mark_variant": {
          "value": 14
        }
      },
      "b16": {
        "minecraft:mark_variant": {
          "value": 15
        }
      },
      "b17": {
        "minecraft:mark_variant": {
          "value": 16
        }
      }
    },
    "components": {
      "minecraft:type_family": {
        "family": [
          "3d_item"
        ]
      },
      "minecraft:collision_box": {
        "width": 0.0,
        "height": 0.0
      },
      "minecraft:damage_sensor": {
        "triggers": {
          "cause": "all",
          "deals_damage": false
        }
      },
      "minecraft:despawn": {
        "filters": {
          "test": "is_riding",
          "operator": "==",
          "value": false
        }
      }
    },
    "events": {
      "b1": {
        "add": {
          "component_groups": [
            "b1"
          ]
        }
      },
      "b2": {
        "add": {
          "component_groups": [
            "b2"
          ]
        }
      },
      "b3": {
        "add": {
          "component_groups": [
            "b3"
          ]
        }
      },
      "b4": {
        "add": {
          "component_groups": [
            "b4"
          ]
        }
      },
      "b5": {
        "add": {
          "component_groups": [
            "b5"
          ]
        }
      },
      "b6": {
        "add": {
          "component_groups": [
            "b6"
          ]
        }
      },
      "b7": {
        "add": {
          "component_groups": [
            "b7"
          ]
        }
      },
      "b8": {
        "add": {
          "component_groups": [
            "b8"
          ]
        }
      },
      "b9": {
        "add": {
          "component_groups": [
            "b9"
          ]
        }
      },
      "b10": {
        "add": {
          "component_groups": [
            "b10"
          ]
        }
      },
      "b11": {
        "add": {
          "component_groups": [
            "b11"
          ]
        }
      },
      "b12": {
        "add": {
          "component_groups": [
            "b12"
          ]
        }
      },
      "b13": {
        "add": {
          "component_groups": [
            "b13"
          ]
        }
      },
      "b14": {
        "add": {
          "component_groups": [
            "b14"
          ]
        }
      },
      "b15": {
        "add": {
          "component_groups": [
            "b15"
          ]
        }
      },
      "b16": {
        "add": {
          "component_groups": [
            "b16"
          ]
        }
      },
      "b17": {
        "add": {
          "component_groups": [
            "b17"
          ]
        }
      }
    }
  }
}
