{
  "format_version": "1.12.0",
 "minecraft:entity": {
  "description": {
    "identifier": "tunekeshi:battou_3",
    "runtime_identifier": "minecraft:snowball",
    "is_spawnable": false,
    "is_summonable": true,
    "is_experimental": false
  },

  "component_groups": {
    "minecraft:exploding": {
      "minecraft:explode": {
        "fuse_length": 0,
        "fuse_lit": true,
        "power": 1,
        "causes_fire": false,
     "breaks_blocks" : false,
        "destroy_affected_by_griefing": true
      }
    }
  },

  "components": {
    "minecraft:collision_box": {
      "width": 0.05,
      "height": 0.05
    },
    "minecraft:projectile": {
      "on_hit": {
        "definition_event": {
          "affect_projectile": true,
          "event_trigger": {
            "event": "minecraft:explode",
            "target": "self"
          }
        },
        "mob_effect": {
          "effect": "wither",
          "durationeasy": 0,
          "durationnormal": 200,
          "durationhard": 800,
          "amplifier": 1
        }
      },
    "power": 2.0,
    "gravity": 0.06,
    "inertia": 1,
    "liquid_inertia": 1,
    "uncertainty_base": 0,
    "uncertainty_multiplier": 0,
    "anchor": 1,
    "offset": [ 0, -0.1, 0 ],
    "reflect_on_hurt": true,
    "catch_fire": false
    },
	  "minecraft:physics": {
    },
    "minecraft:pushable": {
      "is_pushable": true,
      "is_pushable_by_piston": true
    }
  },
  "events": {
   "minecraft:explode": {
    "add": {
     "component_groups": [
      "minecraft:exploding"
     ]
    }
   }
  }
 }
}
