{
  "format_version": "1.8.0",
  "minecraft:entity": {
    "description": {
      "identifier": "tunekeshi:battou_1",
      "is_spawnable": false,
      "is_summonable": true,
      "is_experimental": false,
	  "scripts": { "animate": [ "data" ] },
	  "animations": { "data": "controller.animation.battou_1" }
    },
	
	"components": {
	  "minecraft:type_family": {
	    "family": [ "despawncito" ]
	  },
	  "minecraft:despawn": {
	    "filters": {
		  "all_of": [
		    { "test": "is_family", "subject": "self", "value": "despawncito" }
		  ]
		}
	  }
	}
  }
}
