{
  "format_version": "1.13.0",
  "minecraft:entity": {
    "description": {
      "identifier": "minecraft:item",
      "is_spawnable": false,
      "is_summonable": false,
      "is_experimental": false,
      "scripts": {
        "animate": [
          "3d_item"
        ]
      },
      "animations": {
        "3d_item": "controller.animation.3d_item"
      }
    },
    "component_groups": {
      "b1": {
        "minecraft:mark_variant": {
          "value": 0
        },
        "minecraft:addrider": {
          "entity_type": "tunekeshi:3d_item",
          "spawn_event": "b1"
        }
      },
      "b2": {
        "minecraft:mark_variant": {
          "value": 1
        },
        "minecraft:addrider": {
          "entity_type": "tunekeshi:3d_item",
          "spawn_event": "b2"
        }
      },
      "b3": {
        "minecraft:mark_variant": {
          "value": 2
        },
        "minecraft:addrider": {
          "entity_type": "tunekeshi:3d_item",
          "spawn_event": "b3"
        }
      },
      "b4": {
        "minecraft:mark_variant": {
          "value": 3
        },
        "minecraft:addrider": {
          "entity_type": "tunekeshi:3d_item",
          "spawn_event": "b4"
        }
      },
      "b5": {
        "minecraft:mark_variant": {
          "value": 4
        },
        "minecraft:addrider": {
          "entity_type": "tunekeshi:3d_item",
          "spawn_event": "b5"
        }
      },
      "b6": {
        "minecraft:mark_variant": {
          "value": 5
        },
        "minecraft:addrider": {
          "entity_type": "tunekeshi:3d_item",
          "spawn_event": "b6"
        }
      },
      "b7": {
        "minecraft:mark_variant": {
          "value": 6
        },
        "minecraft:addrider": {
          "entity_type": "tunekeshi:3d_item",
          "spawn_event": "b7"
        }
      },
      "b8": {
        "minecraft:mark_variant": {
          "value": 7
        },
        "minecraft:addrider": {
          "entity_type": "tunekeshi:3d_item",
          "spawn_event": "b8"
        }
      },
      "b9": {
        "minecraft:mark_variant": {
          "value": 8
        },
        "minecraft:addrider": {
          "entity_type": "tunekeshi:3d_item",
          "spawn_event": "b9"
        }
      },
      "b10": {
        "minecraft:mark_variant": {
          "value": 9
        },
        "minecraft:addrider": {
          "entity_type": "tunekeshi:3d_item",
          "spawn_event": "b10"
        }
      },
      "b11": {
        "minecraft:mark_variant": {
          "value": 10
        },
        "minecraft:addrider": {
          "entity_type": "tunekeshi:3d_item",
          "spawn_event": "b11"
        }
      },
      "b12": {
        "minecraft:mark_variant": {
          "value": 11
        },
        "minecraft:addrider": {
          "entity_type": "tunekeshi:3d_item",
          "spawn_event": "b12"
        }
      },
      "b13": {
        "minecraft:mark_variant": {
          "value": 12
        },
        "minecraft:addrider": {
          "entity_type": "tunekeshi:3d_item",
          "spawn_event": "b13"
        }
      },
      "b14": {
        "minecraft:mark_variant": {
          "value": 13
        },
        "minecraft:addrider": {
          "entity_type": "tunekeshi:3d_item",
          "spawn_event": "b14"
        }
      },
      "b15": {
        "minecraft:mark_variant": {
          "value": 14
        },
        "minecraft:addrider": {
          "entity_type": "tunekeshi:3d_item",
          "spawn_event": "b15"
        }
      },
      "b16": {
        "minecraft:mark_variant": {
          "value": 15
        },
        "minecraft:addrider": {
          "entity_type": "tunekeshi:3d_item",
          "spawn_event": "b16"
        }
      },
      "b17": {
        "minecraft:mark_variant": {
          "value": 16
        },
        "minecraft:addrider": {
          "entity_type": "tunekeshi:3d_item",
          "spawn_event": "b17"
        }
      }
    },
    "components": {
      "minecraft:mark_variant": {
        "value": 100
     },
      "minecraft:rideable": {
        "seat_count": 1,
        "family_types": [
          "3d_item"
        ],
        "seats": {
          "position": [
            0.0,
            0.0,
            0.0
          ]
        }
      },
      "minecraft:environment_sensor": {
        "triggers": [
          {
            "filters": {
              "all_of": [
                {
                  "test": "has_tag",
                  "operator": "equals",
                  "value": "b1"
                },
                {
                  "test": "is_mark_variant",
                  "operator": "!=",
                  "value": 0
                }
              ]
            },
            "event": "b1"
          },
          {
            "filters": {
              "all_of": [
                {
                  "test": "has_tag",
                  "operator": "equals",
                  "value": "b2"
                },
                {
                  "test": "is_mark_variant",
                  "operator": "!=",
                  "value": 1
                }
              ]
            },
            "event": "b2"
          },
          {
            "filters": {
              "all_of": [
                {
                  "test": "has_tag",
                  "operator": "equals",
                  "value": "b3"
                },
                {
                  "test": "is_mark_variant",
                  "operator": "!=",
                  "value": 2
                }
              ]
            },
            "event": "b3"
          },
          {
            "filters": {
              "all_of": [
                {
                  "test": "has_tag",
                  "operator": "equals",
                  "value": "b4"
                },
                {
                  "test": "is_mark_variant",
                  "operator": "!=",
                  "value": 3
                }
              ]
            },
            "event": "b4"
          },
          {
            "filters": {
              "all_of": [
                {
                  "test": "has_tag",
                  "operator": "equals",
                  "value": "b5"
                },
                {
                  "test": "is_mark_variant",
                  "operator": "!=",
                  "value": 4
                }
              ]
            },
            "event": "b5"
          },
          {
            "filters": {
              "all_of": [
                {
                  "test": "has_tag",
                  "operator": "equals",
                  "value": "b6"
                },
                {
                  "test": "is_mark_variant",
                  "operator": "!=",
                  "value": 5
                }
              ]
            },
            "event": "b6"
          },
          {
            "filters": {
              "all_of": [
                {
                  "test": "has_tag",
                  "operator": "equals",
                  "value": "b7"
                },
                {
                  "test": "is_mark_variant",
                  "operator": "!=",
                  "value": 6
                }
              ]
            },
            "event": "b7"
          },
          {
            "filters": {
              "all_of": [
                {
                  "test": "has_tag",
                  "operator": "equals",
                  "value": "b8"
                },
                {
                  "test": "is_mark_variant",
                  "operator": "!=",
                  "value": 7
                }
              ]
            },
            "event": "b8"
          },
          {
            "filters": {
              "all_of": [
                {
                  "test": "has_tag",
                  "operator": "equals",
                  "value": "b9"
                },
                {
                  "test": "is_mark_variant",
                  "operator": "!=",
                  "value": 8
                }
              ]
            },
            "event": "b9"
          },
          {
            "filters": {
              "all_of": [
                {
                  "test": "has_tag",
                  "operator": "equals",
                  "value": "b10"
                },
                {
                  "test": "is_mark_variant",
                  "operator": "!=",
                  "value": 9
                }
              ]
            },
            "event": "b10"
          },
          {
            "filters": {
              "all_of": [
                {
                  "test": "has_tag",
                  "operator": "equals",
                  "value": "b11"
                },
                {
                  "test": "is_mark_variant",
                  "operator": "!=",
                  "value": 10
                }
              ]
            },
            "event": "b11"
          },
          {
            "filters": {
              "all_of": [
                {
                  "test": "has_tag",
                  "operator": "equals",
                  "value": "b12"
                },
                {
                  "test": "is_mark_variant",
                  "operator": "!=",
                  "value": 11
                }
              ]
            },
            "event": "b12"
          },
          {
            "filters": {
              "all_of": [
                {
                  "test": "has_tag",
                  "operator": "equals",
                  "value": "b13"
                },
                {
                  "test": "is_mark_variant",
                  "operator": "!=",
                  "value": 12
                }
              ]
            },
            "event": "b13"
          },
          {
            "filters": {
              "all_of": [
                {
                  "test": "has_tag",
                  "operator": "equals",
                  "value": "b14"
                },
                {
                  "test": "is_mark_variant",
                  "operator": "!=",
                  "value": 13
                }
              ]
            },
            "event": "b14"
          },
          {
            "filters": {
              "all_of": [
                {
                  "test": "has_tag",
                  "operator": "equals",
                  "value": "b15"
                },
                {
                  "test": "is_mark_variant",
                  "operator": "!=",
                  "value": 14
                }
              ]
            },
            "event": "b15"
          },
          {
            "filters": {
              "all_of": [
                {
                  "test": "has_tag",
                  "operator": "equals",
                  "value": "b16"
                },
                {
                  "test": "is_mark_variant",
                  "operator": "!=",
                  "value": 15
                }
              ]
            },
            "event": "b16"
          },
          {
            "filters": {
              "all_of": [
                {
                  "test": "has_tag",
                  "operator": "equals",
                  "value": "b17"
                },
                {
                  "test": "is_mark_variant",
                  "operator": "!=",
                  "value": 16
                }
              ]
            },
            "event": "b17"
          }
        ]
      }
    },
    "events": {
      "b1": {
        "add": {
          "component_groups": [
            "b1"
          ]
        }
      },
      "b2": {
        "add": {
          "component_groups": [
            "b2"
          ]
        }
      },
      "b3": {
        "add": {
          "component_groups": [
            "b3"
          ]
        }
      },
      "b4": {
        "add": {
          "component_groups": [
            "b4"
          ]
        }
      },
      "b5": {
        "add": {
          "component_groups": [
            "b5"
          ]
        }
      },
      "b6": {
        "add": {
          "component_groups": [
            "b6"
          ]
        }
      },
      "b7": {
        "add": {
          "component_groups": [
            "b7"
          ]
        }
      },
      "b8": {
        "add": {
          "component_groups": [
            "b8"
          ]
        }
      },
      "b9": {
        "add": {
          "component_groups": [
            "b9"
          ]
        }
      },
      "b10": {
        "add": {
          "component_groups": [
            "b10"
          ]
        }
      },
      "b11": {
        "add": {
          "component_groups": [
            "b11"
          ]
        }
      },
      "b12": {
        "add": {
          "component_groups": [
            "b12"
          ]
        }
      },
      "b13": {
        "add": {
          "component_groups": [
            "b13"
          ]
        }
      },
      "b14": {
        "add": {
          "component_groups": [
            "b14"
          ]
        }
      },
      "b15": {
        "add": {
          "component_groups": [
            "b15"
          ]
        }
      },
      "b16": {
        "add": {
          "component_groups": [
            "b16"
          ]
        }
      },
      "b17": {
        "add": {
          "component_groups": [
            "b17"
          ]
        }
      }
    }
  }
}
