{
  "format_version": "1.13.0",
  "minecraft:entity": {
    "description": {
      "identifier": "tunekeshi:katana_stand",
      "is_spawnable": true,
      "is_summonable": true,
      "is_experimental": false
    },
    "component_groups": {
      "minecraft:despawn": {
        "minecraft:type_family": {
          "family": [
            "despawncito"
          ]
        }
      },
      "remove_timer_0": {
        "minecraft:scale": {
          "value": 0.9
        },
        "minecraft:timer": {
          "time": 0.03,
          "looping": false,
          "time_down_event": {
            "event": "remove_timer_1",
            "target": "self"
          }
        }
      },
      "remove_timer_1": {
        "minecraft:scale": {
          "value": 0.8
        },
        "minecraft:timer": {
          "time": 0.03,
          "looping": false,
          "time_down_event": {
            "event": "remove_timer_2",
            "target": "self"
          }
        }
      },
      "remove_timer_2": {
        "minecraft:scale": {
          "value": 0.7
        },
        "minecraft:timer": {
          "time": 0.03,
          "looping": false,
          "time_down_event": {
            "event": "remove_timer_3",
            "target": "self"
          }
        }
      },
      "remove_timer_3": {
        "minecraft:scale": {
          "value": 0.5
        },
        "minecraft:timer": {
          "time": 0.03,
          "looping": false,
          "time_down_event": {
            "event": "remove_timer_4",
            "target": "self"
          }
        }
      },
      "remove_timer_4": {
        "minecraft:scale": {
          "value": 0.3
        },
        "minecraft:timer": {
          "time": 0.03,
          "looping": false,
          "time_down_event": {
            "event": "remove",
            "target": "self"
          }
        }
      },
      "remove": {
        "minecraft:equipment": {
          "table": "loot_tables/b0.json"
        },
        "minecraft:transformation": {
          "into": "minecraft:areaeffectcloud",
          "drop_equipment": true,
          "delay": {
            "value": 0
          }
        }
      },
      "b0": {
        "minecraft:mark_variant": {
          "value": 0
        },
        "minecraft:interact": {
          "interactions": [
            {
              "on_interact": {
                "filters": {
                  "all_of": [
                    {
                      "test": "is_family",
                      "subject": "other",
                      "value": "player"
                    },
                    {
                      "test": "has_equipment",
                      "subject": "other",
                      "domain": "hand",
                      "value": "tunekeshi:b1"
                    }
                  ]
                },
                "event": "b1"
              },
              "interact_text": "action.interact.add",
              "use_item": true,
              "play_sounds": "block.itemframe.add_item"
            },
            {
              "on_interact": {
                "filters": {
                  "all_of": [
                    {
                      "test": "is_family",
                      "subject": "other",
                      "value": "player"
                    },
                    {
                      "test": "has_equipment",
                      "subject": "other",
                      "domain": "hand",
                      "value": "tunekeshi:b2"
                    }
                  ]
                },
                "event": "b2"
              },
              "interact_text": "action.interact.add",
              "use_item": true,
              "play_sounds": "block.itemframe.add_item"
            },
            {
              "on_interact": {
                "filters": {
                  "all_of": [
                    {
                      "test": "is_family",
                      "subject": "other",
                      "value": "player"
                    },
                    {
                      "test": "has_equipment",
                      "subject": "other",
                      "domain": "hand",
                      "value": "tunekeshi:b3"
                    }
                  ]
                },
                "event": "b3"
              },
              "interact_text": "action.interact.add",
              "use_item": true,
              "play_sounds": "block.itemframe.add_item"
            },
            {
              "on_interact": {
                "filters": {
                  "all_of": [
                    {
                      "test": "is_family",
                      "subject": "other",
                      "value": "player"
                    },
                    {
                      "test": "has_equipment",
                      "subject": "other",
                      "domain": "hand",
                      "value": "tunekeshi:b4"
                    }
                  ]
                },
                "event": "b4"
              },
              "interact_text": "action.interact.add",
              "use_item": true,
              "play_sounds": "block.itemframe.add_item"
            },
            {
              "on_interact": {
                "filters": {
                  "all_of": [
                    {
                      "test": "is_family",
                      "subject": "other",
                      "value": "player"
                    },
                    {
                      "test": "has_equipment",
                      "subject": "other",
                      "domain": "hand",
                      "value": "tunekeshi:b5"
                    }
                  ]
                },
                "event": "b5"
              },
              "interact_text": "action.interact.add",
              "use_item": true,
              "play_sounds": "block.itemframe.add_item"
            },
            {
              "on_interact": {
                "filters": {
                  "all_of": [
                    {
                      "test": "is_family",
                      "subject": "other",
                      "value": "player"
                    },
                    {
                      "test": "has_equipment",
                      "subject": "other",
                      "domain": "hand",
                      "value": "tunekeshi:b6"
                    }
                  ]
                },
                "event": "b6"
              },
              "interact_text": "action.interact.add",
              "use_item": true,
              "play_sounds": "block.itemframe.add_item"
            },
            {
              "on_interact": {
                "filters": {
                  "all_of": [
                    {
                      "test": "is_family",
                      "subject": "other",
                      "value": "player"
                    },
                    {
                      "test": "has_equipment",
                      "subject": "other",
                      "domain": "hand",
                      "value": "tunekeshi:b7"
                    }
                  ]
                },
                "event": "b7"
              },
              "interact_text": "action.interact.add",
              "use_item": true,
              "play_sounds": "block.itemframe.add_item"
            },
            {
              "on_interact": {
                "filters": {
                  "all_of": [
                    {
                      "test": "is_family",
                      "subject": "other",
                      "value": "player"
                    },
                    {
                      "test": "has_equipment",
                      "subject": "other",
                      "domain": "hand",
                      "value": "tunekeshi:b8"
                    }
                  ]
                },
                "event": "b8"
              },
              "interact_text": "action.interact.add",
              "use_item": true,
              "play_sounds": "block.itemframe.add_item"
            },
            {
              "on_interact": {
                "filters": {
                  "all_of": [
                    {
                      "test": "is_family",
                      "subject": "other",
                      "value": "player"
                    },
                    {
                      "test": "has_equipment",
                      "subject": "other",
                      "domain": "hand",
                      "value": "tunekeshi:b9"
                    }
                  ]
                },
                "event": "b9"
              },
              "interact_text": "action.interact.add",
              "use_item": true,
              "play_sounds": "block.itemframe.add_item"
            },
            {
              "on_interact": {
                "filters": {
                  "all_of": [
                    {
                      "test": "is_family",
                      "subject": "other",
                      "value": "player"
                    },
                    {
                      "test": "has_equipment",
                      "subject": "other",
                      "domain": "hand",
                      "value": "tunekeshi:b10"
                    }
                  ]
                },
                "event": "b10"
              },
              "interact_text": "action.interact.add",
              "use_item": true,
              "play_sounds": "block.itemframe.add_item"
            },
            {
              "on_interact": {
                "filters": {
                  "all_of": [
                    {
                      "test": "is_family",
                      "subject": "other",
                      "value": "player"
                    },
                    {
                      "test": "has_equipment",
                      "subject": "other",
                      "domain": "hand",
                      "value": "tunekeshi:b11"
                    }
                  ]
                },
                "event": "b11"
              },
              "interact_text": "action.interact.add",
              "use_item": true,
              "play_sounds": "block.itemframe.add_item"
            },
            {
              "on_interact": {
                "filters": {
                  "all_of": [
                    {
                      "test": "is_family",
                      "subject": "other",
                      "value": "player"
                    },
                    {
                      "test": "has_equipment",
                      "subject": "other",
                      "domain": "hand",
                      "value": "tunekeshi:b12"
                    }
                  ]
                },
                "event": "b12"
              },
              "interact_text": "action.interact.add",
              "use_item": true,
              "play_sounds": "block.itemframe.add_item"
            },
            {
              "on_interact": {
                "filters": {
                  "all_of": [
                    {
                      "test": "is_family",
                      "subject": "other",
                      "value": "player"
                    },
                    {
                      "test": "has_equipment",
                      "subject": "other",
                      "domain": "hand",
                      "value": "tunekeshi:b13"
                    }
                  ]
                },
                "event": "b13"
              },
              "interact_text": "action.interact.add",
              "use_item": true,
              "play_sounds": "block.itemframe.add_item"
            },
            {
              "on_interact": {
                "filters": {
                  "all_of": [
                    {
                      "test": "is_family",
                      "subject": "other",
                      "value": "player"
                    },
                    {
                      "test": "has_equipment",
                      "subject": "other",
                      "domain": "hand",
                      "value": "tunekeshi:b14"
                    }
                  ]
                },
                "event": "b14"
              },
              "interact_text": "action.interact.add",
              "use_item": true,
              "play_sounds": "block.itemframe.add_item"
            },
            {
              "on_interact": {
                "filters": {
                  "all_of": [
                    {
                      "test": "is_family",
                      "subject": "other",
                      "value": "player"
                    },
                    {
                      "test": "has_equipment",
                      "subject": "other",
                      "domain": "hand",
                      "value": "tunekeshi:b15"
                    }
                  ]
                },
                "event": "b15"
              },
              "interact_text": "action.interact.add",
              "use_item": true,
              "play_sounds": "block.itemframe.add_item"
            },
            {
              "on_interact": {
                "filters": {
                  "all_of": [
                    {
                      "test": "is_family",
                      "subject": "other",
                      "value": "player"
                    },
                    {
                      "test": "has_equipment",
                      "subject": "other",
                      "domain": "hand",
                      "value": "tunekeshi:b16"
                    }
                  ]
                },
                "event": "b16"
              },
              "interact_text": "action.interact.add",
              "use_item": true,
              "play_sounds": "block.itemframe.add_item"
            },
            {
              "on_interact": {
                "filters": {
                  "all_of": [
                    {
                      "test": "is_family",
                      "subject": "other",
                      "value": "player"
                    },
                    {
                      "test": "has_equipment",
                      "subject": "other",
                      "domain": "hand",
                      "value": "tunekeshi:b17"
                    }
                  ]
                },
                "event": "b17"
              },
              "interact_text": "action.interact.add",
              "use_item": true,
              "play_sounds": "block.itemframe.add_item"
            }
          ]
        }
      },
      "b1": {
        "minecraft:mark_variant": {
          "value": 1
        },
        "minecraft:interact": {
          "interactions": [
            {
              "on_interact": {
                "filters": {
                  "all_of": [
                    {
                      "test": "is_family",
                      "subject": "other",
                      "value": "player"
                    }
                  ]
                },
                "event": "b0"
              },
              "interact_text": "action.interact.take",
              "add_items": {
                "table": "loot_tables/b1.json"
              },
              "use_item": true,
              "play_sounds": "block.itemframe.remove_item"
            }
          ]
        }
      },
      "b2": {
        "minecraft:mark_variant": {
          "value": 2
        },
        "minecraft:interact": {
          "interactions": [
            {
              "on_interact": {
                "filters": {
                  "all_of": [
                    {
                      "test": "is_family",
                      "subject": "other",
                      "value": "player"
                    }
                  ]
                },
                "event": "b0"
              },
              "interact_text": "action.interact.take",
              "add_items": {
                "table": "loot_tables/b2.json"
              },
              "use_item": true,
              "play_sounds": "block.itemframe.remove_item"
            }
          ]
        }
      },
      "b3": {
        "minecraft:mark_variant": {
          "value": 3
        },
        "minecraft:interact": {
          "interactions": [
            {
              "on_interact": {
                "filters": {
                  "all_of": [
                    {
                      "test": "is_family",
                      "subject": "other",
                      "value": "player"
                    }
                  ]
                },
                "event": "b0"
              },
              "interact_text": "action.interact.take",
              "add_items": {
                "table": "loot_tables/b3.json"
              },
              "use_item": true,
              "play_sounds": "block.itemframe.remove_item"
            }
          ]
        }
      },
      "b4": {
        "minecraft:mark_variant": {
          "value": 4
        },
        "minecraft:interact": {
          "interactions": [
            {
              "on_interact": {
                "filters": {
                  "all_of": [
                    {
                      "test": "is_family",
                      "subject": "other",
                      "value": "player"
                    }
                  ]
                },
                "event": "b0"
              },
              "interact_text": "action.interact.take",
              "add_items": {
                "table": "loot_tables/b4.json"
              },
              "use_item": true,
              "play_sounds": "block.itemframe.remove_item"
            }
          ]
        }
      },
      "b5": {
        "minecraft:mark_variant": {
          "value": 5
        },
        "minecraft:interact": {
          "interactions": [
            {
              "on_interact": {
                "filters": {
                  "all_of": [
                    {
                      "test": "is_family",
                      "subject": "other",
                      "value": "player"
                    }
                  ]
                },
                "event": "b0"
              },
              "interact_text": "action.interact.take",
              "add_items": {
                "table": "loot_tables/b5.json"
              },
              "use_item": true,
              "play_sounds": "block.itemframe.remove_item"
            }
          ]
        }
      },
      "b6": {
        "minecraft:mark_variant": {
          "value": 6
        },
        "minecraft:interact": {
          "interactions": [
            {
              "on_interact": {
                "filters": {
                  "all_of": [
                    {
                      "test": "is_family",
                      "subject": "other",
                      "value": "player"
                    }
                  ]
                },
                "event": "b0"
              },
              "interact_text": "action.interact.take",
              "add_items": {
                "table": "loot_tables/b6.json"
              },
              "use_item": true,
              "play_sounds": "block.itemframe.remove_item"
            }
          ]
        }
      },
      "b7": {
        "minecraft:mark_variant": {
          "value": 7
        },
        "minecraft:interact": {
          "interactions": [
            {
              "on_interact": {
                "filters": {
                  "all_of": [
                    {
                      "test": "is_family",
                      "subject": "other",
                      "value": "player"
                    }
                  ]
                },
                "event": "b0"
              },
              "interact_text": "action.interact.take",
              "add_items": {
                "table": "loot_tables/b7.json"
              },
              "use_item": true,
              "play_sounds": "block.itemframe.remove_item"
            }
          ]
        }
      },
      "b8": {
        "minecraft:mark_variant": {
          "value": 8
        },
        "minecraft:interact": {
          "interactions": [
            {
              "on_interact": {
                "filters": {
                  "all_of": [
                    {
                      "test": "is_family",
                      "subject": "other",
                      "value": "player"
                    }
                  ]
                },
                "event": "b0"
              },
              "interact_text": "action.interact.take",
              "add_items": {
                "table": "loot_tables/b8.json"
              },
              "use_item": true,
              "play_sounds": "block.itemframe.remove_item"
            }
          ]
        }
      },
      "b9": {
        "minecraft:mark_variant": {
          "value": 9
        },
        "minecraft:interact": {
          "interactions": [
            {
              "on_interact": {
                "filters": {
                  "all_of": [
                    {
                      "test": "is_family",
                      "subject": "other",
                      "value": "player"
                    }
                  ]
                },
                "event": "b0"
              },
              "interact_text": "action.interact.take",
              "add_items": {
                "table": "loot_tables/b9.json"
              },
              "use_item": true,
              "play_sounds": "block.itemframe.remove_item"
            }
          ]
        }
      },
      "b10": {
        "minecraft:mark_variant": {
          "value": 10
        },
        "minecraft:interact": {
          "interactions": [
            {
              "on_interact": {
                "filters": {
                  "all_of": [
                    {
                      "test": "is_family",
                      "subject": "other",
                      "value": "player"
                    }
                  ]
                },
                "event": "b0"
              },
              "interact_text": "action.interact.take",
              "add_items": {
                "table": "loot_tables/b10.json"
              },
              "use_item": true,
              "play_sounds": "block.itemframe.remove_item"
            }
          ]
        }
      },
      "b11": {
        "minecraft:mark_variant": {
          "value": 11
        },
        "minecraft:interact": {
          "interactions": [
            {
              "on_interact": {
                "filters": {
                  "all_of": [
                    {
                      "test": "is_family",
                      "subject": "other",
                      "value": "player"
                    }
                  ]
                },
                "event": "b0"
              },
              "interact_text": "action.interact.take",
              "add_items": {
                "table": "loot_tables/b11.json"
              },
              "use_item": true,
              "play_sounds": "block.itemframe.remove_item"
            }
          ]
        }
      },
      "b12": {
        "minecraft:mark_variant": {
          "value": 12
        },
        "minecraft:interact": {
          "interactions": [
            {
              "on_interact": {
                "filters": {
                  "all_of": [
                    {
                      "test": "is_family",
                      "subject": "other",
                      "value": "player"
                    }
                  ]
                },
                "event": "b0"
              },
              "interact_text": "action.interact.take",
              "add_items": {
                "table": "loot_tables/b12.json"
              },
              "use_item": true,
              "play_sounds": "block.itemframe.remove_item"
            }
          ]
        }
      },
      "b13": {
        "minecraft:mark_variant": {
          "value": 13
        },
        "minecraft:interact": {
          "interactions": [
            {
              "on_interact": {
                "filters": {
                  "all_of": [
                    {
                      "test": "is_family",
                      "subject": "other",
                      "value": "player"
                    }
                  ]
                },
                "event": "b0"
              },
              "interact_text": "action.interact.take",
              "add_items": {
                "table": "loot_tables/b13.json"
              },
              "use_item": true,
              "play_sounds": "block.itemframe.remove_item"
            }
          ]
        }
      },
      "b14": {
        "minecraft:mark_variant": {
          "value": 14
        },
        "minecraft:interact": {
          "interactions": [
            {
              "on_interact": {
                "filters": {
                  "all_of": [
                    {
                      "test": "is_family",
                      "subject": "other",
                      "value": "player"
                    }
                  ]
                },
                "event": "b0"
              },
              "interact_text": "action.interact.take",
              "add_items": {
                "table": "loot_tables/b14.json"
              },
              "use_item": true,
              "play_sounds": "block.itemframe.remove_item"
            }
          ]
        }
      },
      "b15": {
        "minecraft:mark_variant": {
          "value": 15
        },
        "minecraft:interact": {
          "interactions": [
            {
              "on_interact": {
                "filters": {
                  "all_of": [
                    {
                      "test": "is_family",
                      "subject": "other",
                      "value": "player"
                    }
                  ]
                },
                "event": "b0"
              },
              "interact_text": "action.interact.take",
              "add_items": {
                "table": "loot_tables/b15.json"
              },
              "use_item": true,
              "play_sounds": "block.itemframe.remove_item"
            }
          ]
        }
      },
      "b16": {
        "minecraft:mark_variant": {
          "value": 16
        },
        "minecraft:interact": {
          "interactions": [
            {
              "on_interact": {
                "filters": {
                  "all_of": [
                    {
                      "test": "is_family",
                      "subject": "other",
                      "value": "player"
                    }
                  ]
                },
                "event": "b0"
              },
              "interact_text": "action.interact.take",
              "add_items": {
                "table": "loot_tables/b16.json"
              },
              "use_item": true,
              "play_sounds": "block.itemframe.remove_item"
            }
          ]
        }
      },
      "b17": {
        "minecraft:mark_variant": {
          "value": 17
        },
        "minecraft:interact": {
          "interactions": [
            {
              "on_interact": {
                "filters": {
                  "all_of": [
                    {
                      "test": "is_family",
                      "subject": "other",
                      "value": "player"
                    }
                  ]
                },
                "event": "b0"
              },
              "interact_text": "action.interact.take",
              "add_items": {
                "table": "loot_tables/b17.json"
              },
              "use_item": true,
              "play_sounds": "block.itemframe.remove_item"
            }
          ]
        }
      }
    },
    "components": {
      "minecraft:variant": {
        "value": 0
      },
      "minecraft:despawn": {
        "filters": {
          "all_of": [
            {
              "test": "is_family",
              "subject": "self",
              "value": "despawncito"
            }
          ]
        }
      },
      "minecraft:loot": {
        "table": "loot_tables/b0.json"
      },
      "minecraft:type_family": {
        "family": [
          "inanimate"
        ]
      },
      "minecraft:health": {
        "value": 40,
        "max": 40
      },
      "minecraft:fire_immune": true,
      "minecraft:fall_damage": {
        "value": 0
      },
      "minecraft:knockback_resistance": {
        "value": 1
      },
      "minecraft:collision_box": {
        "width": 0.1,
        "height": 0.1
      },
      "minecraft:damage_sensor": {
        "triggers": [
          {
            "on_damage": {
              "filters": {
                "all_of": [
                  {
                    "test": "is_family",
                    "subject": "other",
                    "value": "player"
                  },
                  {
                    "test": "is_sneaking",
                    "subject": "player",
                    "value": true
                  }
                ]
              },
              "event": "remove_timer_0"
            },
            "deals_damage": false
          },
          {
            "cause": "all",
            "deals_damage": false
          }
        ]
      },
      "minecraft:pushable": {
        "is_pushable": false,
        "is_pushable_by_piston": false
      },
      "minecraft:physics": {
      }
    },
    "events": {
      "remove_timer_0": {
        "add": {
          "component_groups": [
            "remove_timer_0"
          ]
        }
      },
      "remove_timer_1": {
        "remove": {
          "component_groups": [
            "remove_timer_0"
          ]
        },
        "add": {
          "component_groups": [
            "remove_timer_1"
          ]
        }
      },
      "remove_timer_2": {
        "remove": {
          "component_groups": [
            "remove_timer_1"
          ]
        },
        "add": {
          "component_groups": [
            "remove_timer_2"
          ]
        }
      },
      "remove_timer_3": {
        "remove": {
          "component_groups": [
            "remove_timer_2"
          ]
        },
        "add": {
          "component_groups": [
            "remove_timer_3"
          ]
        }
      },
      "remove_timer_4": {
        "remove": {
          "component_groups": [
            "remove_timer_3"
          ]
        },
        "add": {
          "component_groups": [
            "remove_timer_4"
          ]
        }
      },
      "remove": {
        "add": {
          "component_groups": [
            "remove"
          ]
        }
      },
      "b0": {
        "add": {
          "component_groups": [
            "b0"
          ]
        },
        "remove": {
          "component_groups": [
            "b1",
            "b2",
            "b3",
            "b4",
            "b5",
            "b6",
            "b7",
            "b8",
            "b9",
            "b10",
            "b11",
            "b12",
            "b13",
            "b14",
            "b15",
            "b16",
            "b17"
          ]
        }
      },
      "b1": {
        "add": {
          "component_groups": [
            "b1"
          ]
        }
      },
      "b2": {
        "add": {
          "component_groups": [
            "b2"
          ]
        }
      },
      "b3": {
        "add": {
          "component_groups": [
            "b3"
          ]
        }
      },
      "b4": {
        "add": {
          "component_groups": [
            "b4"
          ]
        }
      },
      "b5": {
        "add": {
          "component_groups": [
            "b5"
          ]
        }
      },
      "b6": {
        "add": {
          "component_groups": [
            "b6"
          ]
        }
      },
      "b7": {
        "add": {
          "component_groups": [
            "b7"
          ]
        }
      },
      "b8": {
        "add": {
          "component_groups": [
            "b8"
          ]
        }
      },
      "b9": {
        "add": {
          "component_groups": [
            "b9"
          ]
        }
      },
      "b10": {
        "add": {
          "component_groups": [
            "b10"
          ]
        }
      },
      "b11": {
        "add": {
          "component_groups": [
            "b11"
          ]
        }
      },
      "b12": {
        "add": {
          "component_groups": [
            "b12"
          ]
        }
      },
      "b13": {
        "add": {
          "component_groups": [
            "b13"
          ]
        }
      },
      "b14": {
        "add": {
          "component_groups": [
            "b14"
          ]
        }
      },
      "b15": {
        "add": {
          "component_groups": [
            "b15"
          ]
        }
      },
      "b16": {
        "add": {
          "component_groups": [
            "b16"
          ]
        }
      },
      "b17": {
        "add": {
          "component_groups": [
            "b17"
          ]
        }
      },
      "minecraft:entity_spawned": {
        "add": {
          "component_groups": [
            "b0"
          ]
        }
      },
      "minecraft:event_despawn": {
        "add": {
          "component_groups": [
            "minecraft:despawn"
          ]
        }
      }
    }
  }
}
