{
  "format_version": "1.13.0",
  "minecraft:entity": {
    "description": {
      "identifier": "minecraft:player",
      "is_spawnable": false,
      "is_summonable": false,
      "is_experimental": false,
      "scripts": {
        "animate": [
          "item",
          "sa",
          "battou_attack_level1"
        ]
      },
      "animations": {
        "item": "controller.animation.item",
        "sa": "controller.animation.sa",
        "battou_attack_level1": "controller.animation.battou_attack_level1"
      }
    },
    "component_groups": {
      "minecraft:normal_player": {
        "minecraft:mark_variant": {
          "value": 0
        }
      },
      "b1": {
        "minecraft:mark_variant": {
          "value": 0
        }
      },
      "b2": {
        "minecraft:mark_variant": {
          "value": 0
        }
      },
      "b3": {
        "minecraft:mark_variant": {
          "value": 0
        }
      },
      "b4": {
        "minecraft:mark_variant": {
          "value": 0
        }
      },
      "b4_a": {
        "minecraft:mark_variant": {
          "value": 8
        }
      },
      "b5": {
        "minecraft:mark_variant": {
          "value": 0
        }
      },
      "b6": {
        "minecraft:mark_variant": {
          "value": 0
        }
      },
      "b6_a": {
        "minecraft:mark_variant": {
          "value": 1
        }
      },
      "b7": {
        "minecraft:mark_variant": {
          "value": 0
        }
      },
      "b7_a": {
        "minecraft:mark_variant": {
          "value": 2
        }
      },
      "b8": {
        "minecraft:mark_variant": {
          "value": 0
        }
      },
      "b8_a": {
        "minecraft:mark_variant": {
          "value": 3
        }
      },
      "b9": {
        "minecraft:mark_variant": {
          "value": 0
        }
      },
      "b9_a": {
        "minecraft:mark_variant": {
          "value": 4
        }
      },
      "b10": {
        "minecraft:mark_variant": {
          "value": 0
        }
      },
      "b10_a": {
        "minecraft:mark_variant": {
          "value": 5
        }
      },
      "b11": {
        "minecraft:mark_variant": {
          "value": 0
        }
      },
      "b11_a": {
        "minecraft:mark_variant": {
          "value": 6
        }
      },
      "b12": {
        "minecraft:mark_variant": {
          "value": 0
        }
      },
      "b12_a": {
        "minecraft:mark_variant": {
          "value": 7
        }
      },
      "b13": {
        "minecraft:mark_variant": {
          "value": 0
        }
      },
      "b14": {
        "minecraft:mark_variant": {
          "value": 0
        }
      },
      "b14_a": {
        "minecraft:mark_variant": {
          "value": 9
        }
      },
      "b15": {
        "minecraft:mark_variant": {
          "value": 0
        }
      },
      "b16": {
        "minecraft:mark_variant": {
          "value": 0
        }
      },
      "b16_a": {
        "minecraft:mark_variant": {
          "value": 10
        }
      },
      "b17": {
        "minecraft:mark_variant": {
          "value": 0
        }
      },
      "b17_a": {
        "minecraft:mark_variant": {
          "value": 11
        }
      },
      "minecraft:add_bad_omen": {
        "minecraft:spell_effects": {
          "add_effects": [
            {
              "effect": "bad_omen",
              "duration": 6000,
              "display_on_screen_animation": true
            }
          ]
        },
        "minecraft:timer": {
          "time": [
            0,
            0
          ],
          "looping": false,
          "time_down_event": {
            "event": "minecraft:clear_add_bad_omen",
            "target": "self"
          }
        }
      },
      "minecraft:clear_bad_omen_spell_effect": {
        "minecraft:spell_effects": {
        }
      },
      "minecraft:raid_trigger": {
        "minecraft:raid_trigger": {
          "triggered_event": {
            "event": "minecraft:remove_raid_trigger",
            "target": "self"
          }
        },
        "minecraft:spell_effects": {
          "remove_effects": "bad_omen"
        }
      }
    },
    "components": {
      "minecraft:type_family": {
        "family": [
          "player"
        ]
      },
      "minecraft:is_hidden_when_invisible": {
      },
      "minecraft:loot": {
        "table": "loot_tables/empty.json"
      },
      "minecraft:collision_box": {
        "width": 0.6,
        "height": 1.8
      },
      "minecraft:can_climb": {
      },
      "minecraft:movement": {
        "value": 0.1
      },
      "minecraft:hurt_on_condition": {
        "damage_conditions": [
          {
            "filters": {
              "test": "in_lava",
              "subject": "self",
              "operator": "==",
              "value": true
            },
            "cause": "lava",
            "damage_per_tick": 4
          }
        ]
      },
      "minecraft:attack": {
        "damage": 1
      },
      "minecraft:player.saturation": {
        "value": 20
      },
      "minecraft:player.exhaustion": {
        "value": 0,
        "max": 4
      },
      "minecraft:player.level": {
        "value": 0,
        "max": 24791
      },
      "minecraft:player.experience": {
        "value": 0,
        "max": 1
      },
      "minecraft:breathable": {
        "total_supply": 15,
        "suffocate_time": -1,
        "inhale_time": 3.75,
        "generates_bubbles": false
      },
      "minecraft:nameable": {
        "always_show": true,
        "allow_name_tag_renaming": false
      },
      "minecraft:physics": {
      },
      "minecraft:pushable": {
        "is_pushable": false,
        "is_pushable_by_piston": true
      },
      "minecraft:insomnia": {
        "days_until_insomnia": 3
      },
      "minecraft:rideable": {
        "seat_count": 2,
        "family_types": [
          "parrot_tame"
        ],
        "pull_in_entities": true,
        "seats": [
          {
            "position": [
              0.4,
              -0.15,
              0.04
            ],
            "min_rider_count": 0,
            "max_rider_count": 0,
            "lock_rider_rotation": 0
          },
          {
            "position": [
              -0.4,
              -0.15,
              0.04
            ],
            "min_rider_count": 1,
            "max_rider_count": 2,
            "lock_rider_rotation": 0
          }
        ]
      },
      "minecraft:scaffolding_climber": {
      },
      "minecraft:environment_sensor": {
        "triggers": [
          {
            "filters": {
              "all_of": [
                {
                  "test": "has_mob_effect",
                  "subject": "self",
                  "value": "bad_omen"
                },
                {
                  "test": "is_in_village",
                  "subject": "self",
                  "value": true
                }
              ]
            },
            "event": "minecraft:trigger_raid"
          },
          {
            "filters": {
              "all_of": [
                {
                  "test": "has_equipment",
                  "subject": "self",
                  "domain": "hand",
                  "value": "tunekeshi:b1"
                }
              ]
            },
            "event": "b1"
          },
          {
            "filters": {
              "all_of": [
                {
                  "test": "has_equipment",
                  "subject": "self",
                  "domain": "hand",
                  "value": "tunekeshi:b2"
                }
              ]
            },
            "event": "b2"
          },
          {
            "filters": {
              "all_of": [
                {
                  "test": "has_equipment",
                  "subject": "self",
                  "domain": "hand",
                  "value": "tunekeshi:b3"
                }
              ]
            },
            "event": "b3"
          },
          {
            "filters": {
              "all_of": [
                {
                  "test": "has_equipment",
                  "subject": "self",
                  "domain": "hand",
                  "value": "tunekeshi:b4"
                },
                {
                  "test": "is_sneaking",
                  "subject": "self",
                  "value": false
                }
              ]
            },
            "event": "b4"
          },
          {
            "filters": {
              "all_of": [
                {
                  "test": "has_mob_effect",
                  "subject": "self",
                  "operator": "!=",
                  "value": "weakness"
                },
                {
                  "test": "is_sneaking",
                  "subject": "self",
                  "value": true
                },
                {
                  "test": "has_equipment",
                  "subject": "self",
                  "domain": "hand",
                  "value": "tunekeshi:b4"
                }
              ]
            },
            "event": "b4_a"
          },
          {
            "filters": {
              "all_of": [
                {
                  "test": "has_equipment",
                  "subject": "self",
                  "domain": "hand",
                  "value": "tunekeshi:b5"
                }
              ]
            },
            "event": "b5"
          },
          {
            "filters": {
              "all_of": [
                {
                  "test": "has_equipment",
                  "subject": "self",
                  "domain": "hand",
                  "value": "tunekeshi:b6"
                },
                {
                  "test": "is_sneaking",
                  "subject": "self",
                  "value": false
                }
              ]
            },
            "event": "b6"
          },
          {
            "filters": {
              "all_of": [
                {
                  "test": "has_mob_effect",
                  "subject": "self",
                  "operator": "!=",
                  "value": "weakness"
                },
                {
                  "test": "is_sneaking",
                  "subject": "self",
                  "value": true
                },
                {
                  "test": "has_equipment",
                  "subject": "self",
                  "domain": "hand",
                  "value": "tunekeshi:b6"
                }
              ]
            },
            "event": "b6_a"
          },
          {
            "filters": {
              "all_of": [
                {
                  "test": "has_equipment",
                  "subject": "self",
                  "domain": "hand",
                  "value": "tunekeshi:b7"
                },
                {
                  "test": "is_sneaking",
                  "subject": "self",
                  "value": false
                }
              ]
            },
            "event": "b7"
          },
          {
            "filters": {
              "all_of": [
                {
                  "test": "has_mob_effect",
                  "subject": "self",
                  "operator": "!=",
                  "value": "weakness"
                },
                {
                  "test": "is_sneaking",
                  "subject": "self",
                  "value": true
                },
                {
                  "test": "has_equipment",
                  "subject": "self",
                  "domain": "hand",
                  "value": "tunekeshi:b7"
                }
              ]
            },
            "event": "b7_a"
          },
          {
            "filters": {
              "all_of": [
                {
                  "test": "has_equipment",
                  "subject": "self",
                  "domain": "hand",
                  "value": "tunekeshi:b8"
                },
                {
                  "test": "is_sneaking",
                  "subject": "self",
                  "value": false
                }
              ]
            },
            "event": "b8"
          },
          {
            "filters": {
              "all_of": [
                {
                  "test": "has_mob_effect",
                  "subject": "self",
                  "operator": "!=",
                  "value": "weakness"
                },
                {
                  "test": "is_sneaking",
                  "subject": "self",
                  "value": true
                },
                {
                  "test": "has_equipment",
                  "subject": "self",
                  "domain": "hand",
                  "value": "tunekeshi:b8"
                }
              ]
            },
            "event": "b8_a"
          },
          {
            "filters": {
              "all_of": [
                {
                  "test": "has_equipment",
                  "subject": "self",
                  "domain": "hand",
                  "value": "tunekeshi:b9"
                },
                {
                  "test": "is_sneaking",
                  "subject": "self",
                  "value": false
                }
              ]
            },
            "event": "b9"
          },
          {
            "filters": {
              "all_of": [
                {
                  "test": "has_mob_effect",
                  "subject": "self",
                  "operator": "!=",
                  "value": "weakness"
                },
                {
                  "test": "is_sneaking",
                  "subject": "self",
                  "value": true
                },
                {
                  "test": "has_equipment",
                  "subject": "self",
                  "domain": "hand",
                  "value": "tunekeshi:b9"
                }
              ]
            },
            "event": "b9_a"
          },
          {
            "filters": {
              "all_of": [
                {
                  "test": "has_equipment",
                  "subject": "self",
                  "domain": "hand",
                  "value": "tunekeshi:b10"
                },
                {
                  "test": "is_sneaking",
                  "subject": "self",
                  "value": false
                }
              ]
            },
            "event": "b10"
          },
          {
            "filters": {
              "all_of": [
                {
                  "test": "has_mob_effect",
                  "subject": "self",
                  "operator": "!=",
                  "value": "weakness"
                },
                {
                  "test": "is_sneaking",
                  "subject": "self",
                  "value": true
                },
                {
                  "test": "has_equipment",
                  "subject": "self",
                  "domain": "hand",
                  "value": "tunekeshi:b10"
                }
              ]
            },
            "event": "b10_a"
          },
          {
            "filters": {
              "all_of": [
                {
                  "test": "has_equipment",
                  "subject": "self",
                  "domain": "hand",
                  "value": "tunekeshi:b11"
                },
                {
                  "test": "is_sneaking",
                  "subject": "self",
                  "value": false
                }
              ]
            },
            "event": "b11"
          },
          {
            "filters": {
              "all_of": [
                {
                  "test": "has_mob_effect",
                  "subject": "self",
                  "operator": "!=",
                  "value": "weakness"
                },
                {
                  "test": "is_sneaking",
                  "subject": "self",
                  "value": true
                },
                {
                  "test": "has_equipment",
                  "subject": "self",
                  "domain": "hand",
                  "value": "tunekeshi:b11"
                }
              ]
            },
            "event": "b11_a"
          },
          {
            "filters": {
              "all_of": [
                {
                  "test": "has_equipment",
                  "subject": "self",
                  "domain": "hand",
                  "value": "tunekeshi:b12"
                },
                {
                  "test": "is_sneaking",
                  "subject": "self",
                  "value": false
                }
              ]
            },
            "event": "b12"
          },
          {
            "filters": {
              "all_of": [
                {
                  "test": "has_mob_effect",
                  "subject": "self",
                  "operator": "!=",
                  "value": "weakness"
                },
                {
                  "test": "is_sneaking",
                  "subject": "self",
                  "value": true
                },
                {
                  "test": "has_equipment",
                  "subject": "self",
                  "domain": "hand",
                  "value": "tunekeshi:b12"
                }
              ]
            },
            "event": "b12_a"
          },
          {
            "filters": {
              "all_of": [
                {
                  "test": "has_equipment",
                  "subject": "self",
                  "domain": "hand",
                  "value": "tunekeshi:b13"
                }
              ]
            },
            "event": "b13"
          },
          {
            "filters": {
              "all_of": [
                {
                  "test": "has_equipment",
                  "subject": "self",
                  "domain": "hand",
                  "value": "tunekeshi:b14"
                },
                {
                  "test": "is_sneaking",
                  "subject": "self",
                  "value": false
                }
              ]
            },
            "event": "b14"
          },
          {
            "filters": {
              "all_of": [
                {
                  "test": "has_mob_effect",
                  "subject": "self",
                  "operator": "!=",
                  "value": "weakness"
                },
                {
                  "test": "is_sneaking",
                  "subject": "self",
                  "value": true
                },
                {
                  "test": "has_equipment",
                  "subject": "self",
                  "domain": "hand",
                  "value": "tunekeshi:b14"
                }
              ]
            },
            "event": "b14_a"
          },
          {
            "filters": {
              "all_of": [
                {
                  "test": "has_equipment",
                  "subject": "self",
                  "domain": "hand",
                  "value": "tunekeshi:b15"
                }
              ]
            },
            "event": "b15"
          },
          {
            "filters": {
              "all_of": [
                {
                  "test": "has_equipment",
                  "subject": "self",
                  "domain": "hand",
                  "value": "tunekeshi:b16"
                },
                {
                  "test": "is_sneaking",
                  "subject": "self",
                  "value": false
                }
              ]
            },
            "event": "b16"
          },
          {
            "filters": {
              "all_of": [
                {
                  "test": "has_mob_effect",
                  "subject": "self",
                  "operator": "!=",
                  "value": "weakness"
                },
                {
                  "test": "is_sneaking",
                  "subject": "self",
                  "value": true
                },
                {
                  "test": "has_equipment",
                  "subject": "self",
                  "domain": "hand",
                  "value": "tunekeshi:b16"
                }
              ]
            },
            "event": "b16_a"
          },
          {
            "filters": {
              "all_of": [
                {
                  "test": "has_equipment",
                  "subject": "self",
                  "domain": "hand",
                  "value": "tunekeshi:b17"
                },
                {
                  "test": "is_sneaking",
                  "subject": "self",
                  "value": false
                }
              ]
            },
            "event": "b17"
          },
          {
            "filters": {
              "all_of": [
                {
                  "test": "has_mob_effect",
                  "subject": "self",
                  "operator": "!=",
                  "value": "weakness"
                },
                {
                  "test": "is_sneaking",
                  "subject": "self",
                  "value": true
                },
                {
                  "test": "has_equipment",
                  "subject": "self",
                  "domain": "hand",
                  "value": "tunekeshi:b17"
                }
              ]
            },
            "event": "b17_a"
          },
          {
            "filters": {
              "all_of": [
                {
                  "test": "has_equipment",
                  "subject": "self",
                  "domain": "hand",
                  "operator": "!=",
                  "value": "tunekeshi:b1"
                },
                {
                  "test": "has_equipment",
                  "subject": "self",
                  "domain": "hand",
                  "operator": "!=",
                  "value": "tunekeshi:b2"
                },
                {
                  "test": "has_equipment",
                  "subject": "self",
                  "domain": "hand",
                  "operator": "!=",
                  "value": "tunekeshi:b3"
                },
                {
                  "test": "has_equipment",
                  "subject": "self",
                  "domain": "hand",
                  "operator": "!=",
                  "value": "tunekeshi:b4"
                },
                {
                  "test": "has_equipment",
                  "subject": "self",
                  "domain": "hand",
                  "operator": "!=",
                  "value": "tunekeshi:b5"
                },
                {
                  "test": "has_equipment",
                  "subject": "self",
                  "domain": "hand",
                  "operator": "!=",
                  "value": "tunekeshi:b6"
                },
                {
                  "test": "has_equipment",
                  "subject": "self",
                  "domain": "hand",
                  "operator": "!=",
                  "value": "tunekeshi:b7"
                },
                {
                  "test": "has_equipment",
                  "subject": "self",
                  "domain": "hand",
                  "operator": "!=",
                  "value": "tunekeshi:b8"
                },
                {
                  "test": "has_equipment",
                  "subject": "self",
                  "domain": "hand",
                  "operator": "!=",
                  "value": "tunekeshi:b9"
                },
                {
                  "test": "has_equipment",
                  "subject": "self",
                  "domain": "hand",
                  "operator": "!=",
                  "value": "tunekeshi:b10"
                },
                {
                  "test": "has_equipment",
                  "subject": "self",
                  "domain": "hand",
                  "operator": "!=",
                  "value": "tunekeshi:b11"
                },
                {
                  "test": "has_equipment",
                  "subject": "self",
                  "domain": "hand",
                  "operator": "!=",
                  "value": "tunekeshi:b12"
                },
                {
                  "test": "has_equipment",
                  "subject": "self",
                  "domain": "hand",
                  "operator": "!=",
                  "value": "tunekeshi:b13"
                },
                {
                  "test": "has_equipment",
                  "subject": "self",
                  "domain": "hand",
                  "operator": "!=",
                  "value": "tunekeshi:b14"
                },
                {
                  "test": "has_equipment",
                  "subject": "self",
                  "domain": "hand",
                  "operator": "!=",
                  "value": "tunekeshi:b15"
                },
                {
                  "test": "has_equipment",
                  "subject": "self",
                  "domain": "hand",
                  "operator": "!=",
                  "value": "tunekeshi:b16"
                },
                {
                  "test": "has_equipment",
                  "subject": "self",
                  "domain": "hand",
                  "operator": "!=",
                  "value": "tunekeshi:b17"
                }
              ]
            },
            "event": "minecraft:event_normal_player"
          }
        ]
      }
    },
    "events": {
      "b1": {
        "add": {
          "component_groups": [
            "b1"
          ]
        }
      },
      "b2": {
        "add": {
          "component_groups": [
            "b2"
          ]
        }
      },
      "b3": {
        "add": {
          "component_groups": [
            "b3"
          ]
        }
      },
      "b4": {
        "add": {
          "component_groups": [
            "b4"
          ]
        }
      },
      "b4_a": {
        "add": {
          "component_groups": [
            "b4_a"
          ]
        }
      },
      "b5": {
        "add": {
          "component_groups": [
            "b5"
          ]
        }
      },
      "b6": {
        "add": {
          "component_groups": [
            "b6"
          ]
        }
      },
      "b6_a": {
        "add": {
          "component_groups": [
            "b6_a"
          ]
        }
      },
      "b7": {
        "add": {
          "component_groups": [
            "b7"
          ]
        }
      },
      "b7_a": {
        "add": {
          "component_groups": [
            "b7_a"
          ]
        }
      },
      "b8": {
        "add": {
          "component_groups": [
            "b8"
          ]
        }
      },
      "b8_a": {
        "add": {
          "component_groups": [
            "b8_a"
          ]
        }
      },
      "b9": {
        "add": {
          "component_groups": [
            "b9"
          ]
        }
      },
      "b9_a": {
        "add": {
          "component_groups": [
            "b9_a"
          ]
        }
      },
      "b10": {
        "add": {
          "component_groups": [
            "b10"
          ]
        }
      },
      "b10_a": {
        "add": {
          "component_groups": [
            "b10_a"
          ]
        }
      },
      "b11": {
        "add": {
          "component_groups": [
            "b11"
          ]
        }
      },
      "b11_a": {
        "add": {
          "component_groups": [
            "b11_a"
          ]
        }
      },
      "b12": {
        "add": {
          "component_groups": [
            "b12"
          ]
        }
      },
      "b12_a": {
        "add": {
          "component_groups": [
            "b12_a"
          ]
        }
      },
      "b13": {
        "add": {
          "component_groups": [
            "b13"
          ]
        }
      },
      "b14": {
        "add": {
          "component_groups": [
            "b14"
          ]
        }
      },
      "b14_a": {
        "add": {
          "component_groups": [
            "b14_a"
          ]
        }
      },
      "b15": {
        "add": {
          "component_groups": [
            "b15"
          ]
        }
      },
      "b16": {
        "add": {
          "component_groups": [
            "b16"
          ]
        }
      },
      "b16_a": {
        "add": {
          "component_groups": [
            "b16_a"
          ]
        }
      },
      "b17": {
        "add": {
          "component_groups": [
            "b17"
          ]
        }
      },
      "b17_a": {
        "add": {
          "component_groups": [
            "b17_a"
          ]
        }
      },
      "minecraft:event_normal_player": {
        "add": {
          "component_groups": [
            "minecraft:normal_player"
          ]
        },
        "remove": {
          "component_groups": [
            "b1",
            "b2",
            "b3",
            "b4",
            "b4_a",
            "b5",
            "b6",
            "b6_a",
            "b7",
            "b7_a",
            "b8",
            "b8_a",
            "b9",
            "b9_a",
            "b10",
            "b10_a",
            "b11",
            "b11_a",
            "b12",
            "b12_a",
            "b13",
            "b14",
            "b14_a",
            "b15",
            "b16",
            "b16_a",
            "b17",
            "b17_a"
          ]
        }
      },
      "minecraft:gain_bad_omen": {
        "add": {
          "component_groups": [
            "minecraft:add_bad_omen"
          ]
        }
      },
      "minecraft:clear_add_bad_omen": {
        "remove": {
          "component_groups": [
            "minecraft:add_bad_omen"
          ]
        },
        "add": {
          "component_groups": [
            "minecraft:clear_bad_omen_spell_effect"
          ]
        }
      },
      "minecraft:trigger_raid": {
        "add": {
          "component_groups": [
            "minecraft:raid_trigger"
          ]
        }
      },
      "minecraft:remove_raid_trigger": {
        "remove": {
          "component_groups": [
            "minecraft:raid_trigger"
          ]
        }
      }
    }
  }
}
