{
    "format_version": "1.8.0",
    "minecraft:entity": {
        "description": {
            "identifier": "tunekeshi:sa_b17",
            "is_spawnable": false,
            "is_summonable": true,
            "is_experimental": false,
            "runtime_identifier": "minecraft:armor_stand",
            "scripts": {
                "animate": [
                    "sa_b17"
                ]
            },
            "animations": {
                "sa_b17": "controller.animation.sa_b17"
            }
        },
        "component_groups": {
            "kill": {
                "minecraft:transformation": {
                    "into": "tunekeshi:kill",
                    "delay": {
                        "value": 0.1
                    }
                }
            }
        },
        "components": {
            "minecraft:scale": {
                "value": 0.000001
            },
            "minecraft:damage_sensor": [
                {
                    "cause": "all",
                    "deals_damage": false
                }
            ],
            "minecraft:environment_sensor": {
                "on_environment": {
                    "filters": {
                        "test": "has_tag",
                        "subject": "self",
                        "operator": "==",
                        "value": "kill"
                    },
                    "event": "kill"
                }
            },
            "minecraft:type_family": {
                "family": [
                    "skill"
                ]
            },
            "minecraft:collision_box": {
                "width": 0.25,
                "height": 0.25
            },
            "minecraft:physics": {
                "has_gravity": false,
                "has_collision": false
            }
        },
        "events": {
            "kill": {
                "add": {
                    "component_groups": [
                        "kill"
                    ]
                }
            }
        }
    }
}
