{
  "format_version": "1.8.0",
  "minecraft:entity": {
    "description": {
      "identifier": "tunekeshi:sa_b16",
      "is_spawnable": false,
      "is_summonable": true,
      "is_experimental": false,
      "runtime_identifier": "minecraft:ender_crystal",
      "scripts": {
        "animate": [
          "sa_b16",
          "sa_b16_1"
        ]
      },
      "animations": {
        "sa_b16": "controller.animation.sa_b16",
        "sa_b16_1": "controller.animation.sa_b16_1"
      }
    },
    "component_groups": {
      "kill_start": {
        "minecraft:timer": {
        },
        "minecraft:environment_sensor": {
        },
        "minecraft:variant": {
          "value": 1
        },
        "minecraft:transformation": {
          "into": "tunekeshi:kill",
          "delay": {
            "value": 0.1
          }
        }
      }
    },
    "components": {
      "minecraft:damage_sensor": [
        {
          "cause": "all",
          "deals_damage": false
        }
      ],
      "minecraft:type_family": {
        "family": [
          "mob"
        ]
      },
      "minecraft:collision_box": {
        "width": 0.1,
        "height": 0.1
      },
      "minecraft:transformation": {
        "into": "tunekeshi:kill",
        "delay": 7
      },
      "minecraft:scale": {
        "value": 1
      },
      "minecraft:projectile": {
        "onHit": {
        },
        "power": 0,
        "gravity": 0
      },
      "minecraft:environment_sensor": {
        "on_environment": {
          "filters": {
            "test": "has_tag",
            "subject": "self",
            "operator": "==",
            "value": "kill"
          },
          "event": "end"
        }
      },
      "minecraft:physics": {
        "has_gravity": true
      }
    },
    "events": {
      "end": {
        "add": {
          "component_groups": [
            "kill_start"
          ]
        }
      }
    }
  }
}
