{
    "format_version": "1.8.0",
    "minecraft:entity": {
        "description": {
            "identifier": "tunekeshi:sa_b8",
            "is_spawnable": false,
            "is_summonable": true,
            "is_experimental": false,
	  "scripts": { "animate": [ "data" ] },
	  "animations": { "data": "controller.animation.sa_b8" }
    },
        "component_groups": {
            "kill": {
                "minecraft:transformation": {
                    "into": "tunekeshi:kill",
                    "delay": 0.1
                }
            },
            "minecraft:exploding": {
                "minecraft:explode": {
                    "fuseLength": 0,
                    "fuseLit": true,
                    "power": 5,
                    "causesFire": true,
                    "fireAffectedByGriefing": true,
                    "destroyAffectedByGriefing": true,
                    "breaks_blocks": false
                }
            }
        },
        "components": {
            "minecraft:damage_sensor": [
                {
                    "cause": "all",
                    "deals_damage": false
                }
            ],
            "minecraft:type_family": {
                "family": [
                    "mob"
                ]
            },
            "minecraft:collision_box": {
                "width": 0.01,
                "height": 0.01
            },
            "minecraft:timer": {
                "looping": false,
                "time": 5,
                "time_down_event": {
                    "event": "kill"
                }
            },
            "minecraft:scale": {
                "value": 0.5
            },
            "minecraft:behavior.knockback_roar": {
                "priority": 1,
                "duration": 0.2,
                "attack_time": 0.1,
                "knockback_damage": 0,
                "knockback_strength": 1,
                "knockback_range": 2.5,
                "knockback_filters": {
                    "test": "is_family",
                    "subject": "other",
                    "operator": "!=",
                    "value": "player"
                },
                "damage_filters": {
                    "test": "is_family",
                    "subject": "other",
                    "operator": "!=",
                    "value": "player"
                },
                "on_roar_end": {
                    "event": "kill"
                },
                "cooldown_time": 10
            },
            "minecraft:physics": {
                "has_gravity": false
            }
        },
        "events": {
            "kill": {
                "add": {
                    "component_groups": [
                        "kill"
                    ]
                }
            },
            "minecraft:explode": {
                "add": {
                    "component_groups": [
                        "minecraft:exploding"
                    ]
                }
            },
            "minecraft:entity_spawned": {
                "sequence": [
                    {
                        "filters": {
                            "test": "is_family",
                            "subject": "other",
                            "value": "vannace_ex"
                        },
                        "add": {
                            "component_groups": [
                                "ex"
                            ]
                        }
                    }
                ]
            }
        }
    }
}
