{
    "format_version": "1.8.0",
    "minecraft:entity": {
        "description": {
            "identifier": "tunekeshi:tp",
            "is_spawnable": false,
            "is_summonable": true,
            "is_experimental": false,
            "scripts": {
                "animate": [
                    "data"
                ]
            },
            "animations": {
                "data": "controller.animation.tp"
            }
        },
        "components": {
            "minecraft:transformation": {
                "into": "tunekeshi:kill",
                "delay": 0.5
            }
        }
    }
}
