{
  "format_version": "1.16.100",
  "minecraft:item": {
    "description": {
      "identifier": "tunekeshi:s1",
      "category": "Equipment"
    },
    "components": {
      "minecraft:creative_category": {
        "parent": "itemGroup.name.sozai"
      },
      "minecraft:stacked_by_data": true,
      "minecraft:foil": true,
      "minecraft:icon": {
        "texture": "s1"
      },
      "minecraft:render_offsets": "apple",
      "minecraft:display_name": {}
    }
  }
}
