{
  "resource_pack_name": "vanilla",
  "texture_name": "atlas.items",
  "texture_data": {
        "katana_stand": {
            "textures": [
                "textures/items/katana_stand"
            ]
        },
    "s1": {
      "textures": "textures/items/s1"
    },
    "s2": {
      "textures": "textures/items/s2"
    },
    "s3": {
      "textures": "textures/items/s3"
    },
    "s4": {
      "textures": "textures/items/s4"
    },
    "b1": {
      "textures": "textures/items/b1"
    },
    "b2": {
      "textures": "textures/items/b2"
    },
    "b3": {
      "textures": "textures/items/b3"
    },
    "b4": {
      "textures": "textures/items/b4"
    },
    "b5": {
      "textures": "textures/items/b5"
    },
    "b6": {
      "textures": "textures/items/b6"
    },
    "b7": {
      "textures": "textures/items/b7"
    },
    "b8": {
      "textures": "textures/items/b8"
    },
    "b9": {
      "textures": "textures/items/b9"
    },
    "b10": {
      "textures": "textures/items/b10"
    },
    "b11": {
      "textures": "textures/items/b11"
    },
    "b12": {
      "textures": "textures/items/b12"
    },
    "b13": {
      "textures": "textures/items/b13"
    },
    "b14": {
      "textures": "textures/items/b14"
    },
    "b15": {
      "textures": "textures/items/b15"
    },
    "b16": {
      "textures": "textures/items/b16"
    },
    "b17": {
      "textures": "textures/items/b17"
    }
  }
}
