{
  "resource_pack_name": "vanilla",
  "texture_name": "atlas.terrain",
  "padding": 8,
  "num_mip_levels": 4,
    "texture_data": {
        "katana_crafting_table": { "textures": [ "textures/blocks/katana_crafting_table" ] },
        "sakura": { "textures": [ "textures/blocks/sakura" ] },
        "sakura_log": { "textures": [ "textures/blocks/sakura_log" ] },
        "sakura_log_top": { "textures": [ "textures/blocks/sakura_log_top" ] },
        "sakura_wood": { "textures": [ "textures/blocks/sakura_wood" ] }
    }
}
