{
  "resource_pack_name": "vanilla",
  "texture_name": "atlas.terrain",
  "padding": 8,
  "num_mip_levels": 4,
  "texture_data": {
    "cinder_block": { "textures": [ "textures/recycle_craft/blocks/cinder_block" ] },
    "cinder_block_polished": { "textures": [ "textures/recycle_craft/blocks/cinder_block_polished" ] },
    "cinder_block_bricks": { "textures": [ "textures/recycle_craft/blocks/cinder_block_bricks" ] },
    "cinder_block_bricks_cracked": { "textures": [ "textures/recycle_craft/blocks/cinder_block_bricks_cracked" ] },
    "cinder_block_bricks_mossy": { "textures": [ "textures/recycle_craft/blocks/cinder_block_bricks_mossy" ] }
  }
}