{
  "format_version": "1.10.0",
  "animation_controllers": {
    "controller.animation.incinerator_smoke": {
      "states": {
        "default": {
          "transitions": [ { "walking": "(1.0)" } ],
          "on_entry": [
			"/execute @e[r=0.2] ~~~ particle raigen:incinerator_smoke ~~0.5 ~"
		  ]
        },
        "walking": {
          "transitions": [ { "default": "(1.0)" } ],
          "on_entry": [
			"/execute @e[r=0.2] ~~~ particle raigen:incinerator_smoke ~~0.5 ~"
		  ]
        }
      }
    },
    "controller.animation.incinerator_flames": {
      "states": {
        "default": {
          "transitions": [ { "walking": "(1.0)" } ],
          "on_entry": [
			"/particle raigen:incinerator_flames ~~0.5 ~"
		  ]
        },
        "walking": {
          "transitions": [ { "default": "(1.0)" } ],
          "on_entry": [
			"/particle raigen:incinerator_flames ~~0.5 ~"
		  ]
        }
      }
    }
  }
}