{
  "tiers": [
    {
      "trades": [
        {
          "wants": [
            {
              "item": "minecraft:paper",
              "quantity": {
                "min": 24,
                "max": 36
              }
            }
          ],
          "gives": [
            {
              "item": "minecraft:emerald",
              "quantity": 1
            }
          ]
        },
        {
          "wants": [
            {
              "item": "minecraft:emerald",
              "quantity": {
                "min": 5,
                "max": 64
              }
            },
            {
              "item": "minecraft:book",
              "quantity": 1
            }
          ],
          "gives": [
            {
              "item": "minecraft:enchanted_book",
              "functions": [
                {
                  "function": "enchant_book_for_trading",
                  "base_cost": 2,
                  "base_random_cost": 5,
                  "per_level_random_cost": 10,
                  "per_level_cost": 3
                }
              ]
            }
          ]
        },
		{
          "wants": [
            {
              "item": "minecraft:book",
              "quantity": {
                "min": 8,
                "max": 10
              }
            }
          ],
          "gives": [
            {
              "item": "minecraft:emerald",
              "quantity": 1
            }
          ]
        },
        {
          "wants": [
            {
              "item": "minecraft:emerald",
              "quantity": {
                "min": 10,
                "max": 12
              }
            }
          ],
          "gives": [
            {
              "item": "minecraft:compass",
              "quantity": 1
            }
          ]
        },
        {
          "wants": [
            {
              "item": "minecraft:emerald",
              "quantity": {
                "min": 3,
                "max": 4
              }
            }
          ],
          "gives": [
            {
              "item": "minecraft:bookshelf",
              "quantity": 1
            }
          ]
        },
		{
          "wants": [
            {
              "item": "minecraft:emerald",
              "quantity": {
                "min": 10,
                "max": 12
              }
            }
          ],
          "gives": [
            {
              "item": "minecraft:clock",
              "quantity": 1
            }
          ]
        },
        {
          "wants": [
            {
              "item": "minecraft:emerald",
              "quantity": 1
            }
          ],
          "gives": [
            {
              "item": "minecraft:glass",
              "quantity": {
                "min": 3,
                "max": 5
              }
            }
          ]
        },
		{
          "wants": [
            {
              "item": "minecraft:emerald",
              "quantity": {
                "min": 5,
                "max": 64
              }
            },
            {
              "item": "minecraft:book",
              "quantity": 1
            }
          ],
          "gives": [
            {
              "item": "minecraft:enchanted_book",
              "functions": [
                {
                  "function": "enchant_book_for_trading",
                  "base_cost": 2,
                  "base_random_cost": 5,
                  "per_level_random_cost": 10,
                  "per_level_cost": 3
                }
              ]
            }
          ]
        },
		{
          "wants": [
            {
              "item": "minecraft:emerald",
              "quantity": {
                "min": 5,
                "max": 64
              }
            },
            {
              "item": "minecraft:book",
              "quantity": 1
            }
          ],
          "gives": [
            {
              "item": "minecraft:enchanted_book",
              "functions": [
                {
                  "function": "enchant_book_for_trading",
                  "base_cost": 2,
                  "base_random_cost": 5,
                  "per_level_random_cost": 10,
                  "per_level_cost": 3
                }
              ]
            }
          ]
        },
		{
          "wants": [
            {
              "item": "minecraft:emerald",
              "quantity": {
                "min": 20,
                "max": 22
              }
            }
          ],
          "gives":[
            {
              "item": "minecraft:nameTag",
              "quantity": 1
            }
          ]
        },
		{
          "wants": [
            {
              "item": "minecraft:coal:0",
              "quantity": {
                "min": 16,
                "max": 24
              }
            }
          ],
          "gives": [
            {
              "item": "minecraft:emerald"
            }
          ]
        },
        {
          "wants": [
            {
              "item": "minecraft:emerald",
              "quantity": {
                "min": 4,
                "max": 6
              }
            }
          ],
          "gives": [
            {
              "item": "minecraft:iron_helmet"
            }
          ]
        },
		{
        "wants": [
          {
            "item": "minecraft:iron_ingot",
            "quantity": {
              "min": 7,
              "max": 9
            }
          }
        ],
        "gives": [
          {
            "item": "minecraft:emerald"
          }
        ]
      },
      {
        "wants": [
          {
            "item": "minecraft:emerald",
            "quantity": {
              "min": 10,
              "max": 14
            }
          }
        ],
        "gives": [
          {
            "item": "minecraft:iron_chestplate"
          }
        ]
      },
	  {
          "wants": [
            {
              "item": "minecraft:diamond",
              "quantity": {
                "min": 3,
                "max": 4
              }
            }
          ],
          "gives": [
            {
              "item": "minecraft:emerald"
            }
          ]
        },
        {
          "wants": [
            {
              "item": "minecraft:emerald",
              "quantity": {
                "min": 16,
                "max": 19
              }
            }
          ],
          "gives": [
            {
              "item": "minecraft:diamond_chestplate",
              "functions": [
                {
                  "function": "enchant_with_levels",
                  "treasure": false,
                  "levels": {
                    "min": 5,
                    "max": 19
                  }
                }
              ]
            }
          ]
        },
		{
          "wants": [
            {
              "item": "minecraft:emerald",
              "quantity": {
                "min": 5,
                "max": 7
              }
            }
          ],
          "gives": [
            {
              "item": "minecraft:chainmail_boots"
            }
          ]
        },
        {
          "wants": [
            {
              "item": "minecraft:emerald",
              "quantity": {
                "min": 9,
                "max": 11
              }
            }
          ],
          "gives": [
            {
              "item": "minecraft:chainmail_leggings"
            }
          ]
        },
        {
          "wants": [
            {
              "item": "minecraft:emerald",
              "quantity": {
                "min": 5,
                "max": 7
              }
            }
          ],
          "gives": [
            {
              "item": "minecraft:chainmail_helmet"
            }
          ]
        },
        {
          "wants": [
            {
              "item": "minecraft:emerald",
              "quantity": {
                "min": 11,
                "max": 15
              }
            }
          ],
          "gives": [
            {
              "item": "minecraft:chainmail_chestplate"
            }
          ]
        },
		{
          "reward_exp": false,
          "wants": [
            {
              "item": "minecraft:porkchop",
              "quantity": {
                "min": 14,
                "max": 18
              }
            }
          ],
          "gives": [
            {
              "item": "minecraft:emerald"
            }
          ]
        },
        {
          "wants": [
            {
              "item": "minecraft:chicken",
              "quantity": {
                "min": 14,
                "max": 18
              }
            }
          ],
          "gives": [
            {
              "item": "minecraft:emerald"
            }
          ]
        },
		{
          "wants": [
            {
              "item": "minecraft:coal:0",
              "quantity": {
                "min": 16,
                "max": 24
              }
            }
          ],
          "gives": [
            {
              "item": "minecraft:emerald"
            }
          ]
        },
        {
          "wants": [
            {
              "item": "minecraft:emerald"
            }
          ],
          "gives": [
            {
              "item": "minecraft:cooked_porkchop",
              "quantity": {
                "min": 5,
                "max": 7
              }
            }
          ]
        },
        {
          "wants": [
            {
              "item": "minecraft:emerald"
            }
          ],
          "gives": [
            {
              "item": "minecraft:cooked_chicken",
              "quantity": {
                "min": 6,
                "max": 8
              }
            }
          ]
        },
		{
          "reward_exp": false,
          "wants": [
            {
              "item": "minecraft:rotten_flesh",
              "quantity": {
                "min": 36,
                "max": 40
              }
            }
          ],
          "gives": [
            {
              "item": "minecraft:emerald"
            }
          ]
        },
        {
          "wants": [
            {
              "item": "minecraft:gold_ingot",
              "quantity": {
                "min": 8,
                "max": 10
              }
            }
          ],
          "gives": [
            {
              "item": "minecraft:emerald"
            }
          ]
        },
		{
          "wants": [
            {
              "item": "minecraft:emerald"
            }
          ],
          "gives": [
            {
              "item": "minecraft:redstone",
              "quantity": {
                "min": 1,
                "max": 4
              }
            }
          ]
        },
        {
          "wants": [
            {
              "item": "minecraft:emerald"
            }
          ],
          "gives": [
            {
              "item": "minecraft:dye:4",
              "quantity": {
                "min": 1,
                "max": 2
              }
            }
          ]
        },
		{
          "wants": [
            {
              "item": "minecraft:emerald"
            }
          ],
          "gives": [
            {
              "item": "minecraft:glowstone",
              "quantity": {
                "min": 1,
                "max": 3
              }
            }
          ]
        },
        {
          "wants": [
            {
              "item": "minecraft:emerald",
              "quantity": {
                "min": 4,
                "max": 7
              }
            }
          ],
          "gives": [
            {
              "item": "minecraft:ender_pearl"
            }
          ]
        },
		{
          "wants": [
            {
              "item": "minecraft:emerald",
              "quantity": {
                "min": 3,
                "max": 11
              }
            }
          ],
          "gives": [
            {
              "item": "minecraft:experience_bottle"
            }
          ]
        },
		{
          "reward_exp": false,
          "wants": [
            {
              "item": "minecraft:wheat",
              "quantity": {
                "min": 18,
                "max": 22
              }
            }
          ],
          "gives": [
           {
              "item": "minecraft:emerald"
           }
          ]
        },
        {
          "reward_exp": false,
          "wants": [
            {
              "item": "minecraft:potato",
              "quantity": {
                "min": 15,
                "max": 19
              }
            }
          ],
          "gives": [
            {
              "item": "minecraft:emerald"
            }
          ]
        },
        {
          "reward_exp": false,
          "wants": [
            {
              "item": "minecraft:carrot",
              "quantity": {
                "min": 15,
                "max": 19
              }
            }
          ],
          "gives": [
            {
               "item": "minecraft:emerald"
            }
          ]
        },
        {
          "reward_exp": false,
          "wants": [
            {
              "item": "minecraft:emerald"
            }
          ],
          "gives": [
            {
              "item": "minecraft:bread",
              "quantity": {
                "min": 2,
                "max": 4
              }
            }
          ]
        },
		{
          "wants": [
            {
              "item": "minecraft:pumpkin",
              "quantity": {
                "min": 8,
                "max": 13
              }
            }
          ],
          "gives": [
            {
              "item": "minecraft:emerald",
              "quantity": 1
            }
          ]
        },
        {
          "wants": [
            {
              "item": "minecraft:emerald",
              "quantity": 1
            }
          ],
          "gives": [
            {
              "item": "minecraft:pumpkin_pie",
              "quantity": {
                "min": 2,
                "max": 3
              }
            }
          ]
        },
		{
          "wants": [
            {
              "item": "minecraft:melon_block",
              "quantity": {
                "min": 7,
                "max": 12
              }
            }
          ],
          "gives": [
            {
              "item": "minecraft:emerald",
              "quantity": 1
            }
          ]
        },
        {
          "wants": [
            {
              "item": "minecraft:emerald",
              "quantity": 1
            }
          ],
          "gives": [
            {
              "item": "minecraft:apple",
              "quantity": 5
            }
          ]
        },
		{
          "wants": [
            {
              "item": "minecraft:emerald"
            }
          ],
          "gives": [
            {
              "item": "minecraft:cookie",
              "quantity": {
                "min": 6,
                "max": 10
              }
            }
          ]
        },
        {
          "wants": [
            {
              "item": "minecraft:emerald"
            }
          ],
          "gives": [
            {
              "item": "minecraft:cake"
            }
          ]
        },
		{
          "wants": [
            {
              "item": "minecraft:fish",
              "quantity": 6
            },
            {
              "item": "minecraft:emerald",
              "quantity": 1
            }
          ],
          "gives": [
            {
              "item": "minecraft:cooked_fish",
              "quantity": 6
            }
          ]
        },
        {
          "wants": [
            {
              "item": "minecraft:string",
                "quantity": {
                  "min": 15,
                  "max": 20
                }
            }
          ],
          "gives": [
            {
              "item": "minecraft:emerald",
              "quantity": 1
            }
          ]
        },
        {
          "wants": [
            {
              "item": "minecraft:coal:0",
              "quantity": {
                "min": 16,
                "max": 24
              }
            }
          ],
          "gives": [
            {
              "item": "minecraft:emerald",
              "quantity": 1
            }
          ]
        },
		{
          "wants": [
            {
              "item": "minecraft:emerald",
              "quantity": {
                "min": 7,
                "max": 8
              }
            }
          ],
          "gives": [
            {
              "item": "minecraft:fishing_rod",
              "quantity": 1,
              "functions": [
                {
                  "function": "enchant_with_levels",
                  "treasure": false,
                  "levels": {
                    "min": 5,
                    "max": 19
                  }
                }
              ]
            }
          ]
        },
		{
          "reward_exp": false,
          "wants": [
            {
              "item": "minecraft:string",
              "quantity": {
                "min": 15,
                "max": 20
              }
            }
          ],
          "gives": [
            {
              "item": "minecraft:emerald"
            }
          ]
        },
        {
          "wants": [
            {
              "item": "minecraft:emerald"
            }
          ],
          "gives": [
            {
              "item": "minecraft:arrow",
              "quantity": {
                "min": 8,
                "max": 12
              }
            }
          ]
        },
		{
          "wants": [
            {
              "item": "minecraft:gravel",
              "quantity": 10
            },
            {
              "item": "minecraft:emerald",
              "quantity": 1
            }
          ],
          "gives": [
            {
              "item": "minecraft:flint",
              "quantity": {
                  "min": 6,
                  "max": 10
                }
            }
          ]
        },
        {
          "wants": [
            {
              "item": "minecraft:emerald",
              "quantity": {
                "min": 2,
                "max": 3
              }
            }
          ],
          "gives": [
            {
              "item": "minecraft:bow"
            }
          ]
        },
		{
          "wants": [
            {
              "item": "minecraft:leather",
              "quantity": {
                "min": 9,
                "max": 12
              }
            }
          ],
          "gives": [
            {
              "item": "minecraft:emerald"
            }
          ]
        },
        {
          "wants": [
            {
              "item": "minecraft:emerald",
              "quantity": {
                "min": 2,
                "max": 4
              }
            }
          ],
          "gives": [
            {
              "item": "minecraft:leather_leggings"
            }
          ]
        },
		{
          "wants": [
            {
              "item": "minecraft:emerald",
              "quantity": {
                "min": 7,
                "max": 12
              }
            }
          ],
          "gives": [
            {
              "item": "minecraft:leather_chestplate",
              "functions": [
                {
                  "function": "enchant_with_levels",
                  "treasure": false,
                  "levels": {
                    "min": 5,
                    "max": 19
                  }
                }
              ]
            }
          ]
        },
		{
          "wants": [
            {
              "item": "minecraft:emerald",
              "quantity": {
                "min": 8,
                "max": 10
              }
            }
          ],
          "gives": [
            {
              "item": "minecraft:saddle"
            }
          ]
        },
		{
          "wants": [
            {
              "item": "minecraft:wool:0",
              "quantity": {
                "min": 16,
                "max": 22
              }
            }
          ],
          "gives": [
            {
              "item": "minecraft:emerald"
            }
          ]
        },
        {
          "wants": [
            {
              "item": "minecraft:emerald",
              "quantity": {
                "min": 3,
                "max": 4
              }
            }
          ],
          "gives": [
            {
              "item": "minecraft:shears"
            }
          ]
        },
		{
          "wants": [
            {
              "item": "minecraft:emerald",
              "quantity": {
                "min": 1,
                "max": 2
              }
            }
          ],
          "gives": [
            {
              "item": "minecraft:wool:0",
              "quantity": 1
            }
          ]
        },
        {
          "wants": [
            {
              "item": "minecraft:emerald",
              "quantity": {
                "min": 1,
                "max": 2
              }
            }
          ],
          "gives": [
            {
              "item": "minecraft:wool:1",
              "quantity": 1
            }
          ]
        },
        {
          "wants": [
            {
              "item": "minecraft:emerald",
              "quantity": {
                "min": 1,
                "max": 2
              }
            }
          ],
          "gives": [
            {
              "item": "minecraft:wool:2",
              "quantity": 1
            }
          ]
        },
        {
          "wants": [
            {
              "item": "minecraft:emerald",
              "quantity": {
                "min": 1,
                "max": 2
              }
            }
          ],
          "gives": [
            {
              "item": "minecraft:wool:3",
              "quantity": 1
            }
          ]
        },
        {
          "wants": [
            {
              "item": "minecraft:emerald",
              "quantity": {
                "min": 1,
                "max": 2
              }
            }
          ],
          "gives": [
            {
              "item": "minecraft:wool:4",
              "quantity": 1
            }
          ]
        },
        {
          "wants": [
            {
              "item": "minecraft:emerald",
              "quantity": {
                "min": 1,
                "max": 2
              }
            }
          ],
          "gives": [
            {
              "item": "minecraft:wool:5",
              "quantity": 1
            }
          ]
        },
        {
          "wants": [
            {
              "item": "minecraft:emerald",
              "quantity": {
                "min": 1,
                "max": 2
              }
            }
          ],
          "gives": [
            {
              "item": "minecraft:wool:6",
              "quantity": 1
            }
          ]
        },
        {
          "wants": [
            {
              "item": "minecraft:emerald",
              "quantity": {
                "min": 1,
                "max": 2
              }
            }
          ],
          "gives": [
            {
              "item": "minecraft:wool:7",
              "quantity": 1
            }
          ]
        },
        {
          "wants": [
            {
              "item": "minecraft:emerald",
              "quantity": {
                "min": 1,
                "max": 2
              }
            }
          ],
          "gives": [
            {
              "item": "minecraft:wool:8",
              "quantity": 1
            }
          ]
        },
        {
          "wants": [
            {
              "item": "minecraft:emerald",
              "quantity": {
                "min": 1,
                "max": 2
              }
            }
          ],
          "gives": [
            {
              "item": "minecraft:wool:9",
              "quantity": 1
            }
          ]
        },
        {
          "wants": [
            {
              "item": "minecraft:emerald",
              "quantity": {
                "min": 1,
                "max": 2
              }
            }
          ],
          "gives": [
            {
              "item": "minecraft:wool:10",
              "quantity": 1
            }
          ]
        },
        {
          "wants": [
            {
              "item": "minecraft:emerald",
              "quantity": {
                "min": 1,
                "max": 2
              }
            }
          ],
          "gives": [
            {
              "item": "minecraft:wool:11",
              "quantity": 1
            }
          ]
        },
        {
          "wants": [
            {
              "item": "minecraft:emerald",
              "quantity": {
                "min": 1,
                "max": 2
              }
            }
          ],
          "gives": [
            {
              "item": "minecraft:wool:12",
              "quantity": 1
            }
          ]
        },
        {
          "wants": [
            {
              "item": "minecraft:emerald",
              "quantity": {
                "min": 1,
                "max": 2
              }
            }
          ],
          "gives": [
            {
              "item": "minecraft:wool:13",
              "quantity": 1
            }
          ]
        },
        {
          "wants": [
            {
              "item": "minecraft:emerald",
              "quantity": {
                "min": 1,
                "max": 2
              }
            }
          ],
          "gives": [
            {
              "item": "minecraft:wool:14",
              "quantity": 1
            }
          ]
        },
        {
          "wants": [
            {
              "item": "minecraft:emerald",
              "quantity": {
                "min": 1,
                "max": 2
              }
            }
          ],
          "gives": [
            {
              "item": "minecraft:wool:15",
              "quantity": 1
            }
          ]
        },
		{
          "wants": [
            {
              "item": "minecraft:coal:0",
              "quantity": {
                "min": 16,
                "max": 24
              }
            }
          ],
          "gives": [
            {
              "item": "minecraft:emerald"
            }
          ]
        },
        {
          "wants": [
            {
              "item": "minecraft:emerald",
              "quantity": {
                "min": 5,
                "max": 7
              }
            }
          ],
          "gives": [
            {
              "item": "minecraft:iron_shovel",
              "functions": [
                {
                  "function": "enchant_with_levels",
                  "treasure": false,
                  "levels": {
                    "min": 5,
                    "max": 19
                  }
                }
              ]
            }
          ]
        },
		{
          "wants": [
            {
              "item": "minecraft:iron_ingot",
              "quantity": {
                "min": 7,
                "max": 9
              }
            }
          ],
          "gives": [
            {
              "item": "minecraft:emerald"
            }
          ]
        },
        {
          "wants": [
            {
              "item": "minecraft:emerald",
              "quantity": {
                "min": 9,
                "max": 10
              }
            }
          ],
          "gives": [
            {
              "item": "minecraft:iron_pickaxe",
              "functions": [
                {
                  "function": "enchant_with_levels",
                  "treasure": false,
                  "levels": {
                    "min": 5,
                    "max": 19
                  }
                }
              ]
            }
          ]
        },
		{
          "wants": [
            {
              "item": "minecraft:diamond",
              "quantity": {
                "min": 3,
                "max": 4
              }
            }
          ],
          "gives": [
            {
              "item": "minecraft:emerald"
            }
          ]
        },
        {
          "wants": [
            {
              "item": "minecraft:emerald",
              "quantity": {
                "min": 12,
                "max": 15
              }
            }
          ],
          "gives": [
            {
              "item": "minecraft:diamond_pickaxe",
              "functions": [
                {
                  "function": "enchant_with_levels",
                  "treasure": false,
                  "levels": {
                    "min": 5,
                    "max": 19
                  }
                }
              ]
            }
          ]
        },
		{
          "wants": [
            {
              "item": "minecraft:coal:0",
              "quantity": {
                "min": 16,
                "max": 24
              }
            }
          ],
          "gives": [
            {
              "item": "minecraft:emerald"
            }
          ]
        },
        {
          "wants": [
            {
              "item": "minecraft:emerald",
              "quantity": {
                "min": 6,
                "max": 8
              }
            }
          ],
          "gives": [
            {
              "item": "minecraft:iron_axe"
            }
          ]
        },
		{
          "wants": [
            {
              "item": "minecraft:iron_ingot",
              "quantity": {
                "min": 7,
                "max": 9
              }
            }
          ],
          "gives": [
            {
              "item": "minecraft:emerald",
              "quantity": 1
            }
          ]
        },
        {
          "wants": [
            {
              "item": "minecraft:emerald",
              "quantity": {
                "min": 9,
                "max": 10
              }
            }
          ],
          "gives": [
            {
              "item": "minecraft:iron_sword",
              "functions": [
                {
                  "function": "enchant_with_levels",
                  "treasure": false,
                  "levels": {
                    "min": 5,
                    "max": 19
                  }
                }
              ]
            }
          ]
        },
		{
          "wants": [
            {
              "item": "minecraft:diamond",
              "quantity": {
                "min": 3,
                "max": 4
              }
            }
          ],
          "gives": [
            {
              "item": "minecraft:emerald"
            }
          ]
        },
        {
          "wants": [
            {
              "item": "minecraft:emerald",
              "quantity": {
                "min": 12,
                "max": 15
              }
            }
          ],
          "gives": [
            {
              "item": "minecraft:diamond_sword",
              "functions": [
                {
                  "function": "enchant_with_levels",
                  "treasure": false,
                  "levels": {
                    "min": 5,
                    "max": 19
                  }
                }
              ]
            }
          ]
        },
        {
          "wants": [
            {
              "item": "minecraft:emerald",
              "quantity": {
                "min": 9,
                "max": 12
              }
            }
          ],
          "gives": [
            {
              "item": "minecraft:diamond_axe",
              "functions": [
                {
                  "function": "enchant_with_levels",
                  "treasure": false,
                  "levels": {
                    "min": 5,
                    "max": 19
                  }
                }
              ]
            }
          ]
        }
      ]
    }
  ]
}


