{
  "format_version": "1.10.0",
  "minecraft:client_entity": {
    "description": {
      "identifier": "tunekeshi:3d_item",
      "materials": {
        "default": "creeper"
      },
      "textures": {
        "b1": "textures/entity/deku",
        "b2": "textures/entity/sirasaya",
        "b3": "textures/entity/oodachi",
        "b4": "textures/entity/tukumo",
        "b5": "textures/entity/sabi",
        "b6": "textures/entity/white_fox",
        "b7": "textures/entity/black_fox",
        "b8": "textures/entity/yuusya",
        "b9": "textures/entity/yamato",
        "b10": "textures/entity/sange",
        "b11": "textures/entity/icekatana",
        "b12": "textures/entity/doudanuki",
        "b13": "textures/entity/oodachi",
        "b14": "textures/entity/keikoutou",
        "b15": "textures/entity/sakana",
        "b16": "textures/entity/bera",
        "b17": "textures/entity/terrablade"
      },
      "geometry": {
        "b1": "geometry.b1",
        "b2": "geometry.b1",
        "b3": "geometry.b3",
        "b4": "geometry.b4",
        "b5": "geometry.b5",
        "b6": "geometry.b6",
        "b7": "geometry.b7",
        "b8": "geometry.b8",
        "b9": "geometry.b9",
        "b10": "geometry.b10",
        "b11": "geometry.b4",
        "b12": "geometry.b12",
        "b13": "geometry.b3",
        "b14": "geometry.b14",
        "b15": "geometry.b15",
        "b16": "geometry.b16",
        "b17": "geometry.b17"
      },
      "render_controllers": [
        "controller.render.3d_item"
      ]
    }
  }
}
