{
  "format_version": "1.10.0",
  "minecraft:client_entity": {
    "description": {
      "identifier": "tunekeshi:katana_stand",
      "materials": {
        "default": "creeper"
      },
      "textures": {
        "b0": "textures/entity/b0",
        "b1": "textures/entity/deku__",
        "b2": "textures/entity/sirasaya__",
        "b3": "textures/entity/oodachi__",
        "b4": "textures/entity/tukumo__",
        "b5": "textures/entity/sabi__",
        "b6": "textures/entity/white_fox__",
        "b7": "textures/entity/black_fox__",
        "b8": "textures/entity/yuusya__",
        "b9": "textures/entity/yamato__",
        "b10": "textures/entity/sange__",
        "b11": "textures/entity/icekatana__",
        "b12": "textures/entity/doudanuki__",
        "b13": "textures/entity/oodachi__",
        "b14": "textures/entity/keikoutou__",
        "b15": "textures/entity/sakana__",
        "b16": "textures/entity/bera__",
        "b17": "textures/entity/terrablade__"
      },
      "geometry": {
        "b0": "geometry.katana_stand",
        "b1": "geometry.deku__",
        "b2": "geometry.deku__",
        "b3": "geometry.oodachi__",
        "b4": "geometry.tukumo__",
        "b5": "geometry.sabi__",
        "b6": "geometry.white_fox__",
        "b7": "geometry.black_fox__",
        "b8": "geometry.yuusya__",
        "b9": "geometry.yamato__",
        "b10": "geometry.sange__",
        "b11": "geometry.tukumo__",
        "b12": "geometry.doudanuki__",
        "b13": "geometry.oodachi__",
        "b14": "geometry.keikoutou__",
        "b15": "geometry.sakana__",
        "b16": "geometry.bera__",
        "b17": "geometry.terrablade__"
      },
      "spawn_egg": {
        "texture": "katana_stand",
        "texture_index": 0
      },
      "render_controllers": [
        "controller.render.katana_stand"
      ]
    }
  }
}
