{
  "format_version": "1.10.0",
  "minecraft:client_entity": {
    "description": {
      "identifier": "minecraft:player",
      "materials": {
        "default": "entity_alphatest",
        "cape": "entity_alphatest",
        "animated": "player_animated"
      },
      "textures": {
        "default": "textures/entity/steve",
        "cape": "textures/entity/cape_invisible",
        "deku": "textures/entity/deku",
        "sirasaya": "textures/entity/sirasaya",
        "oodachi": "textures/entity/oodachi",
        "tukumo": "textures/entity/tukumo",
        "sabi": "textures/entity/sabi",
        "white_fox": "textures/entity/white_fox",
        "black_fox": "textures/entity/black_fox",
        "yuusya": "textures/entity/yuusya",
        "yamato": "textures/entity/yamato",
        "sange": "textures/entity/sange",
        "icekatana": "textures/entity/icekatana",
        "doudanuki": "textures/entity/doudanuki",
        "noname": "textures/entity/oodachi",
        "keikoutou": "textures/entity/keikoutou",
        "sakana": "textures/entity/sakana",
        "bera": "textures/entity/bera",
        "terrablade": "textures/entity/terrablade"
      },
      "geometry": {
        "default": "geometry.humanoid.custom",
        "cape": "geometry.cape",
        "deku": "geometry.deku",
        "sirasaya": "geometry.deku",
        "oodachi": "geometry.oodachi",
        "tukumo": "geometry.tukumo",
        "sabi": "geometry.sabi",
        "white_fox": "geometry.white_fox",
        "black_fox": "geometry.black_fox",
        "yuusya": "geometry.yuusya",
        "yamato": "geometry.yamato",
        "sange": "geometry.sange",
        "icekatana": "geometry.tukumo",
        "doudanuki": "geometry.doudanuki",
        "noname": "geometry.oodachi",
        "keikoutou": "geometry.keikoutou",
        "sakana": "geometry.sakana",
        "bera": "geometry.bera",
        "terrablade": "geometry.terrablade"
      },
      "scripts": {
        "scale": "0.9375",
        "initialize": [
          "variable.is_holding_right = 0.0;",
          "variable.is_blinking = 0.0;",
          "variable.last_blink_time = 0.0;",
          "variable.hand_bob = 0.0;"
        ],
        "pre_animation": [
					"variable.deku = query.get_equipped_item_name('main_hand') == 'b1';",
					"variable.sirasaya = query.get_equipped_item_name('main_hand') == 'b2';",
					"variable.oodachi = query.get_equipped_item_name('main_hand') == 'b3';",
					"variable.tukumo = query.get_equipped_item_name('main_hand') == 'b4';",
					"variable.sabi = query.get_equipped_item_name('main_hand') == 'b5';",
					"variable.white_fox = query.get_equipped_item_name('main_hand') == 'b6';",
					"variable.black_fox = query.get_equipped_item_name('main_hand') == 'b7';",
					"variable.yuusya = query.get_equipped_item_name('main_hand') == 'b8';",
					"variable.yamato = query.get_equipped_item_name('main_hand') == 'b9';",
					"variable.sange = query.get_equipped_item_name('main_hand') == 'b10';",
					"variable.icekatana = query.get_equipped_item_name('main_hand') == 'b11';",
					"variable.doudanuki = query.get_equipped_item_name('main_hand') == 'b12';",
					"variable.noname = query.get_equipped_item_name('main_hand') == 'b13';",
					"variable.keikoutou = query.get_equipped_item_name('main_hand') == 'b14';",
					"variable.sakana = query.get_equipped_item_name('main_hand') == 'b15';",
					"variable.bera = query.get_equipped_item_name('main_hand') == 'b16';",
					"variable.terrablade = query.get_equipped_item_name('main_hand') == 'b17';",
          "variable.helmet_layer_visible = 1.0;",
          "variable.leg_layer_visible = 1.0;",
          "variable.boot_layer_visible = 1.0;",
          "variable.chest_layer_visible = 1.0;",
          "variable.attack_body_rot_y = Math.sin(360*Math.sqrt(variable.attack_time)) * 5.0;",
          "variable.tcos0 = (math.cos(query.modified_distance_moved * 38.17) * query.modified_move_speed / variable.gliding_speed_value) * 57.3;",
          "variable.first_person_rotation_factor = math.sin((1 - variable.attack_time) * 180.0);",
          "variable.hand_bob = query.life_time < 0.01 ? 0.0 : variable.hand_bob + ((query.is_on_ground && query.is_alive ? math.clamp(math.sqrt(math.pow(query.position_delta(0), 2.0) + math.pow(query.position_delta(2), 2.0)), 0.0, 0.1) : 0.0) - variable.hand_bob) * 0.02;",
          "variable.map_angle = math.clamp(1 - variable.player_x_rotation / 45.1, 0.0, 1.0);",
          "variable.item_use_normalized = query.main_hand_item_use_duration / query.main_hand_item_max_duration;"
        ],
        "animate": [
          "root",
          "deku",
          "sirasaya",
          "oodachi",
          "tukumo",
          "sabi",
          "white_fox",
          "black_fox",
          "yuusya",
          "yamato",
          "sange",
          "icekatana",
          "doudanuki",
          "noname",
          "keikoutou",
          "sakana",
          "bera",
          "terrablade",
          "deku_aaa"
        ]
      },
      "animations": {
        "root": "controller.animation.player.root",
        "deku": "controller.animation.player.deku",
        "deku_attack": "animation.deku_attack",
        "deku_new": "animation.deku_new",
        "sirasaya": "controller.animation.player.sirasaya",
        "sirasaya_attack": "animation.deku_attack",
        "oodachi": "controller.animation.player.oodachi",
        "oodachi_attack": "animation.deku_attack",
        "tukumo": "controller.animation.player.tukumo",
        "tukumo_attack": "animation.deku_attack",
        "sabi": "controller.animation.player.sabi",
        "sabi_attack": "animation.deku_attack",
        "white_fox": "controller.animation.player.white_fox",
        "white_fox_attack": "animation.deku_attack",
        "black_fox": "controller.animation.player.black_fox",
        "black_fox_attack": "animation.deku_attack",
        "yuusya": "controller.animation.player.yuusya",
        "yuusya_attack": "animation.deku_attack",
        "yamato": "controller.animation.player.yamato",
        "yamato_attack": "animation.deku_attack",
        "sange": "controller.animation.player.sange",
        "sange_attack": "animation.deku_attack",
        "icekatana": "controller.animation.player.icekatana",
        "icekatana_attack": "animation.deku_attack",
        "doudanuki": "controller.animation.player.doudanuki",
        "doudanuki_attack": "animation.deku_attack",
        "noname": "controller.animation.noname.deku",
        "noname_attack": "animation.deku_attack",
        "keikoutou": "controller.animation.player.keikoutou",
        "keikoutou_attack": "animation.deku_attack",
        "sakana": "controller.animation.player.sakana",
        "sakana_attack": "animation.sakana_attack",
        "bera": "controller.animation.player.bera",
        "bera_attack": "animation.deku_attack",
        "terrablade": "controller.animation.player.terrablade",
        "terrablade_attack": "animation.terrablade_attack",
        "deku_aaa": "controller.animation.player.deku_aaa",
        "deku_hand": "animation.deku_hand", 
"base_controller": "controller.animation.player.base",
        "hudplayer": "controller.animation.player.hudplayer",
        "humanoid_base_pose": "animation.humanoid.base_pose",
        "look_at_target": "controller.animation.humanoid.look_at_target",
        "look_at_target_ui": "animation.player.look_at_target.ui",
        "look_at_target_default": "animation.humanoid.look_at_target.default",
        "look_at_target_gliding": "animation.humanoid.look_at_target.gliding",
        "look_at_target_swimming": "animation.humanoid.look_at_target.swimming",
        "look_at_target_inverted": "animation.player.look_at_target.inverted",
        "cape": "animation.player.cape",
        "move.arms": "animation.player.move.arms",
        "move.legs": "animation.player.move.legs",
        "swimming": "animation.player.swim",
        "swimming.legs": "animation.player.swim.legs",
        "riding.arms": "animation.player.riding.arms",
        "riding.legs": "animation.player.riding.legs",
        "holding": "animation.player.holding",
        "brandish_spear": "animation.humanoid.brandish_spear",
        "charging": "animation.humanoid.charging",
        "attack.positions": "animation.player.attack.positions",
        "attack.rotations": "animation.player.attack.rotations",
        "sneaking": "animation.player.sneaking",
        "bob": "animation.player.bob",
        "damage_nearby_mobs": "animation.humanoid.damage_nearby_mobs",
        "bow_and_arrow": "animation.humanoid.bow_and_arrow",
        "use_item_progress": "animation.humanoid.use_item_progress",
        "skeleton_attack": "animation.skeleton.attack",
        "sleeping": "animation.player.sleeping",
        "first_person_base_pose": "animation.player.first_person.base_pose",
        "first_person_empty_hand": "animation.player.first_person.empty_hand",
        "first_person_swap_item": "animation.player.first_person.swap_item",
        "first_person_attack_controller": "controller.animation.player.first_person_attack",
        "first_person_attack_rotation": "animation.player.first_person.attack_rotation",
        "first_person_vr_attack_rotation": "animation.player.first_person.vr_attack_rotation",
        "first_person_walk": "animation.player.first_person.walk",
        "first_person_map_controller": "controller.animation.player.first_person_map",
        "first_person_map_hold": "animation.player.first_person.map_hold",
        "first_person_map_hold_attack": "animation.player.first_person.map_hold_attack",
        "first_person_map_hold_off_hand": "animation.player.first_person.map_hold_off_hand",
        "first_person_map_hold_main_hand": "animation.player.first_person.map_hold_main_hand",
        "first_person_crossbow_equipped": "animation.player.first_person.crossbow_equipped",
        "third_person_crossbow_equipped": "animation.player.crossbow_equipped",
        "third_person_bow_equipped": "animation.player.bow_equipped",
        "crossbow_hold": "animation.player.crossbow_hold",
        "crossbow_controller": "controller.animation.player.crossbow",
        "shield_block_main_hand": "animation.player.shield_block_main_hand",
        "shield_block_off_hand": "animation.player.shield_block_off_hand",
        "blink": "controller.animation.persona.blink"
      },
      "render_controllers": [
        {
          "controller.render.player.first_person": "variable.is_first_person"
        },
        {
          "controller.render.player.third_person": "!variable.is_first_person && !variable.map_face_icon"
        },
        {
          "controller.render.player.map": "variable.map_face_icon"
        },
        {
          "controller.render.player.deku": "query.get_equipped_item_name=='b1'"
        },
        {
          "controller.render.player.sirasaya": "query.get_equipped_item_name=='b2'"
        },
        {
          "controller.render.player.oodachi": "query.get_equipped_item_name=='b3'"
        },
        {
          "controller.render.player.tukumo": "query.get_equipped_item_name=='b4'"
        },
        {
          "controller.render.player.sabi": "query.get_equipped_item_name=='b5'"
        },
        {
          "controller.render.player.white_fox": "query.get_equipped_item_name=='b6'"
        },
        {
          "controller.render.player.black_fox": "query.get_equipped_item_name=='b7'"
        },
        {
          "controller.render.player.yuusya": "query.get_equipped_item_name=='b8'"
        },
        {
          "controller.render.player.yamato": "query.get_equipped_item_name=='b9'"
        },
        {
          "controller.render.player.sange": "query.get_equipped_item_name=='b10'"
        },
        {
          "controller.render.player.icekatana": "query.get_equipped_item_name=='b11'"
        },
        {
          "controller.render.player.doudanuki": "query.get_equipped_item_name=='b12'"
        },
        {
          "controller.render.player.noname": "query.get_equipped_item_name=='b13'"
        },
        {
          "controller.render.player.keikoutou": "query.get_equipped_item_name=='b14'"
        },
        {
          "controller.render.player.sakana": "query.get_equipped_item_name=='b15'"
        },
        {
          "controller.render.player.bera": "query.get_equipped_item_name=='b16'"
        },
        {
          "controller.render.player.terrablade": "query.get_equipped_item_name=='b17'"
        }
      ],
      "enable_attachables": true
    }
  }
}
