{
	"format_version": "1.8.0",
	"animations": {
		"animation.sakana_attack": {
			"animation_length": 0.68,
			"bones": {
				"bone": {
					"rotation": {
						"0.0": [0, 0, 0],
						"0.12": [-87.5, 30, -105],
						"0.32": [-260, -212.5, -87.5],
						"0.48": [-87.5, 30, -105],
						"0.56": [0, 0, 0]
					},
					"position": {
						"0.0": [0, 0, 0],
						"0.12": [-6.75, -6.25, -7],
						"0.32": [-15.5, -6.25, -1.25],
						"0.48": [-6.75, -6.25, -7],
						"0.56": [0, 0, 0]
					}
				}
			}
		}
	}
}
