{
	"format_version": "1.8.0",
	"animations": {
		"animation.terrablade_attack": {
			"animation_length": 0.88,
			"bones": {
				"bone2": {
					"rotation": {
						"0.0": [0, 0, 0],
						"0.04": [-35, 0, -75],
						"0.16": [-120, 12.5, -60],
						"0.28": [-187.5, 12.5, -60],
						"0.44": [-187.5, 12.5, -60],
						"0.56": [-120, 12.5, -60],
						"0.68": [-35, 0, -75],
						"0.72": [0, 0, 0]
					},
					"position": {
						"0.0": [0, 0, 0],
						"0.04": [0, -9.25, -14],
						"0.16": [-11.5, -3.5, -15],
						"0.56": [-11.5, -3.5, -15],
						"0.68": [0, -9.25, -14],
						"0.72": [0, 0, 0]
					}
				}
			}
		}
	}
}
