{
	"format_version": "1.8.0",
	"animations": {
		"animation.deku_attack": {
			"animation_length": 0.52,
			"bones": {
				"Bayttouken": {
					"position": [0, 0, 0]
				},
				"bone2": {
					"rotation": {
						"0.0": [0, 0, 0],
						"0.04": [-5, 0, -67.5],
						"0.12": [-65, 0, -80],
						"0.2": [-170, 0, -110],
						"0.28": [-65, 0, -80],
						"0.36": [-5, 0, -67.5],
						"0.44": [0, 0, 0]
					},
					"position": {
						"0.0": [0, 0, 0],
						"0.04": [0, -5, -7],
						"0.12": [-6, -6.5, -7],
						"0.2": [-1, -9.25, -7],
						"0.28": [-6, -6.5, -7],
						"0.36": [0, -5, -7],
						"0.44": [0, 0, 0]
					},
					"scale": 1
				}
			}
		}
	}
}
