{
  "format_version": "1.13.0",
  "minecraft:feature_rules": {
    "description": {
      "identifier": "sakura_tree_feature",
      "places_feature": "sakura_tree1_feature"
    },
    "conditions": {
      "placement_pass": "surface_pass",
      "minecraft:biome_filter": [
        {
          "test": "has_biome_tag",
          "operator": "==",
          "value": "sakura_biome"
        }
      ]
    },
    "distribution": {
      "iterations": "math.clamp(math.trunc(math.ceil((query.noise(math.trunc(variable.originx / 70), math.trunc(variable.originz / 25)) + 0.2) * 25)), 2, 70)",
      "x": {
        "distribution": "uniform",
        "extent": [
          0,
          8
        ]
      },
      "y": "query.heightmap(variable.worldx, variable.worldz)",
      "z": {
        "distribution": "uniform",
        "extent": [
          0,
          8
        ]
      }
    }
  }
}
