{
  "format_version": "1.10.0",
  "animation_controllers": {
    "controller.animation.battou_attack_level1": {
      "states": {
        "default": {
          "transitions": [
            {
              "a": "!variable.attack_time"
            },
            {
              "b1": "variable.attack_time && query.get_equipped_item_name=='b1' && query.mark_variant == 0"
            },
            {
              "b2": "variable.attack_time && query.get_equipped_item_name=='b2' && query.mark_variant == 0"
            },
            {
              "b3": "variable.attack_time && query.get_equipped_item_name=='b3' && query.mark_variant == 0"
            },
            {
              "b4": "variable.attack_time && query.get_equipped_item_name=='b4' && query.mark_variant == 0"
            },
            {
              "b4_a": "variable.attack_time && query.get_equipped_item_name=='b4' && query.mark_variant == 8"
            },
            {
              "b5": "variable.attack_time && query.get_equipped_item_name=='b5' && query.mark_variant == 0"
            },
            {
              "b6": "variable.attack_time && query.get_equipped_item_name=='b6' && query.mark_variant == 0"
            },
            {
              "b6_a": "variable.attack_time && query.get_equipped_item_name=='b6' && query.mark_variant == 1"
            },
            {
              "b7": "variable.attack_time && query.get_equipped_item_name=='b7' && query.mark_variant == 0"
            },
            {
              "b7_a": "variable.attack_time && query.get_equipped_item_name=='b7' && query.mark_variant == 2"
            },
            {
              "b8": "variable.attack_time && query.get_equipped_item_name=='b8' && query.mark_variant == 0"
            },
            {
              "b8_a": "variable.attack_time && query.get_equipped_item_name=='b8' && query.mark_variant == 3"
            },
            {
              "b9": "variable.attack_time && query.get_equipped_item_name=='b9' && query.mark_variant == 0"
            },
            {
              "b9_a": "variable.attack_time && query.get_equipped_item_name=='b9' && query.mark_variant == 4"
            },
            {
              "b10": "variable.attack_time && query.get_equipped_item_name=='b10' && query.mark_variant == 0"
            },
            {
              "b10_a": "variable.attack_time && query.get_equipped_item_name=='b10' && query.mark_variant == 5"
            },
            {
              "b11": "variable.attack_time && query.get_equipped_item_name=='b11' && query.mark_variant == 0"
            },
            {
              "b11_a": "variable.attack_time && query.get_equipped_item_name=='b11' && query.mark_variant == 6"
            },
            {
              "b12": "variable.attack_time && query.get_equipped_item_name=='b12' && query.mark_variant == 0"
            },
            {
              "b12_a": "variable.attack_time && query.get_equipped_item_name=='b12' && query.mark_variant == 7"
            },
            {
              "b13": "variable.attack_time && query.get_equipped_item_name=='b13' && query.mark_variant == 0"
            },
            {
              "b14": "variable.attack_time && query.get_equipped_item_name=='b14' && query.mark_variant == 0"
            },
            {
              "b14_a": "variable.attack_time && query.get_equipped_item_name=='b14' && query.mark_variant == 9"
            },
            {
              "b15": "variable.attack_time && query.get_equipped_item_name=='b15' && query.mark_variant == 0"
            },
            {
              "b16": "variable.attack_time && query.get_equipped_item_name=='b16' && query.mark_variant == 0"
            },
            {
              "b16_a": "variable.attack_time && query.get_equipped_item_name=='b16' && query.mark_variant == 10"
            },
            {
              "b17": "variable.attack_time && query.get_equipped_item_name=='b17' && query.mark_variant == 0"
            },
            {
              "b17_a": "variable.attack_time && query.get_equipped_item_name=='b17' && query.mark_variant == 11"
            }
          ]
        },
        "b1": {
          "on_entry": [
            "/scoreboard objectives add no dummy no",
            "/playsound game.player.attack.sweep @a ~ ~ ~ 0.8 1 0",
            "/scoreboard objectives add level1 dummy level1",
            "/scoreboard players set @s no 0",
            "/scoreboard players add @s level1 1",
            "/summon tunekeshi:tp ^ ^2.8 ^1.5",
            "/particle minecraft:critical_hit_emitter ^ ^2.8 ^2.5"
          ],
          "transitions": [
            {
              "default": "(!variable.attack_time)"
            }
          ]
        },
        "b2": {
          "on_entry": [
            "/scoreboard objectives add no dummy no",
            "/playsound game.player.attack.sweep @a ~ ~ ~ 0.8 1 0",
            "/scoreboard objectives add level1 dummy level1",
            "/scoreboard players set @s no 0",
            "/scoreboard players add @s level1 1",
            "/summon tunekeshi:tp ^ ^2.8 ^1.5",
            "/particle minecraft:critical_hit_emitter ^ ^2.8 ^2.5"
          ],
          "transitions": [
            {
              "default": "(!variable.attack_time)"
            }
          ]
        },
        "b3": {
          "on_entry": [
            "/scoreboard objectives add no dummy no",
            "/playsound game.player.attack.sweep @a ~ ~ ~ 0.8 1 0",
            "/scoreboard objectives add level1 dummy level1",
            "/scoreboard players set @s no 0",
            "/scoreboard players add @s level1 1",
            "/summon tunekeshi:tp ^ ^2.8 ^1.5",
            "/particle minecraft:critical_hit_emitter ^ ^2.8 ^2.5"
          ],
          "transitions": [
            {
              "default": "(!variable.attack_time)"
            }
          ]
        },
        "b4": {
          "on_entry": [
            "/scoreboard objectives add no dummy no",
            "/playsound game.player.attack.sweep @a ~ ~ ~ 0.8 1 0",
            "/scoreboard objectives add level1 dummy level1",
            "/scoreboard players set @s no 0",
            "/scoreboard players add @s level1 1",
            "/summon tunekeshi:battou ^ ^2.8 ^1.5",
            "/summon tunekeshi:tp ^ ^2.8 ^1.5",
            "/particle minecraft:critical_hit_emitter ^ ^2.8 ^2.5"
          ],
          "transitions": [
            {
              "default": "(!variable.attack_time)"
            }
          ]
        },
        "b4_a": {
          "on_entry": [
            "/execute @s[tag=!dash] ~~~ tag @s add dash",
            "/execute @s[tag=dash] ~~~ effect @s weakness 3 0 true"
          ],
          "transitions": [
            {
              "default": "(!variable.attack_time)"
            }
          ]
        },
        "b5": {
          "on_entry": [
            "/scoreboard objectives add no dummy no",
            "/playsound game.player.attack.sweep @a ~ ~ ~ 0.8 1 0",
            "/scoreboard objectives add level1 dummy level1",
            "/scoreboard players set @s no 0",
            "/scoreboard players add @s level1 1",
            "/summon tunekeshi:tp ^ ^2.8 ^1.5",
            "/particle minecraft:critical_hit_emitter ^ ^2.8 ^2.5"
          ],
          "transitions": [
            {
              "default": "(!variable.attack_time)"
            }
          ]
        },
        "b6": {
          "on_entry": [
            "/scoreboard objectives add no dummy no",
            "/playsound game.player.attack.sweep @a ~ ~ ~ 0.8 1 0",
            "/scoreboard objectives add level1 dummy level1",
            "/scoreboard players set @s no 0",
            "/scoreboard players add @s level1 1",
            "/summon tunekeshi:tp ^ ^2.8 ^1.5",
            "/summon tunekeshi:battou_1 ^ ^2.8 ^1.5",
            "/particle minecraft:critical_hit_emitter ^ ^2.8 ^2.5"
          ],
          "transitions": [
            {
              "default": "(!variable.attack_time)"
            }
          ]
        },
        "b6_a": {
          "on_entry": [
            "/summon tunekeshi:sa_b6 ^ ^ ^1.5",
            "/effect @s fire_resistance 1 255 true",
            "/particle minecraft:critical_hit_emitter ^ ^2.8 ^2.5"
          ],
          "transitions": [
            {
              "default": "(!variable.attack_time)"
            }
          ]
        },
        "b7": {
          "on_entry": [
            "/scoreboard objectives add no dummy no",
            "/playsound game.player.attack.sweep @a ~ ~ ~ 0.8 1 0",
            "/scoreboard objectives add level1 dummy level1",
            "/scoreboard players set @s no 0",
            "/scoreboard players add @s level1 1",
            "/summon tunekeshi:battou ^ ^2.8 ^1.5",
            "/summon tunekeshi:tp ^ ^2.8 ^1.5",
            "/summon tunekeshi:battou_2 ^ ^2.8 ^1.5",
            "/particle minecraft:critical_hit_emitter ^ ^2.8 ^2.5"
          ],
          "transitions": [
            {
              "default": "(!variable.attack_time)"
            }
          ]
        },
        "b7_a": {
          "on_entry": [
            "/summon tunekeshi:sa_b7 ^ ^3.8 ^1.5",
            "/summon tunekeshi:sa_b7 ^ ^2.8 ^1.5",
            "/summon tunekeshi:sa_b7 ^ ^1.8 ^1.5",
            "/effect @s resistance 1 255 true",
            "/effect @s weakness 10 0 true",
            "/particle sa_b7 ^ ^2.8 ^2.5"
          ],
          "transitions": [
            {
              "default": "(!variable.attack_time)"
            }
          ]
        },
        "b8": {
          "on_entry": [
            "/scoreboard objectives add no dummy no",
            "/playsound game.player.attack.sweep @a ~ ~ ~ 0.8 1 0",
            "/scoreboard objectives add level1 dummy level1",
            "/scoreboard players set @s no 0",
            "/scoreboard players add @s level1 1",
            "/summon tunekeshi:tp ^ ^2.8 ^1.5",
            "/summon tunekeshi:battou ^ ^2.8 ^1.5",
            "/particle minecraft:critical_hit_emitter ^ ^2.8 ^2.5"
          ],
          "transitions": [
            {
              "default": "(!variable.attack_time)"
            }
          ]
        },
        "b8_a": {
          "on_entry": [
            "/summon tunekeshi:sa_b8 ~~~",
            "/effect @s weakness 3 0 true"
          ],
          "transitions": [
            {
              "default": "(!variable.attack_time)"
            }
          ]
        },
        "b9": {
          "on_entry": [
            "/scoreboard objectives add no dummy no",
            "/playsound game.player.attack.sweep @a ~ ~ ~ 0.8 1 0",
            "/scoreboard objectives add level1 dummy level1",
            "/scoreboard players set @s no 0",
            "/scoreboard players add @s level1 1",
            "/summon tunekeshi:battou ^ ^2.8 ^1.5",
            "/summon tunekeshi:tp ^ ^2.8 ^1.5",
            "/summon tunekeshi:battou_2 ^ ^2.8 ^1.5",
            "/particle minecraft:critical_hit_emitter ^ ^2.8 ^2.5"
          ],
          "transitions": [
            {
              "default": "(!variable.attack_time)"
            }
          ]
        },
        "b9_a": {
          "on_entry": [
            "/execute @s[tag=!wither] ~~~ tag @s add wither",
            "/execute @s[tag=wither] ~~~ effect @s weakness 15 0 true"
          ],
          "transitions": [
            {
              "default": "(!variable.attack_time)"
            }
          ]
        },
        "b10": {
          "on_entry": [
            "/scoreboard objectives add no dummy no",
            "/playsound game.player.attack.sweep @a ~ ~ ~ 0.8 1 0",
            "/scoreboard objectives add level1 dummy level1",
            "/scoreboard players set @s no 0",
            "/scoreboard players add @s level1 1",
            "/summon lightning_bolt ^ ^2.8 ^1.5",
            "/summon tunekeshi:tp ^ ^2.8 ^1.5",
            "/effect @s fire_resistance 1 255 true",
            "/particle minecraft:critical_hit_emitter ^ ^2.8 ^2.5"
          ],
          "transitions": [
            {
              "default": "(!variable.attack_time)"
            }
          ]
        },
        "b10_a": {
          "on_entry": [
            "/execute @e[r=10,type=!player] ~~~ summon lightning_bolt",
            "/effect @s fire_resistance 1 255 true",
            "/effect @s weakness 7 0 true"
          ],
          "transitions": [
            {
              "default": "(!variable.attack_time)"
            }
          ]
        },
        "b11": {
          "on_entry": [
            "/scoreboard objectives add no dummy no",
            "/playsound game.player.attack.sweep @a ~ ~ ~ 0.8 1 0",
            "/scoreboard objectives add level1 dummy level1",
            "/scoreboard players set @s no 0",
            "/scoreboard players add @s level1 1",
            "/summon tunekeshi:tp ^ ^2.8 ^1.5",
            "/summon tunekeshi:battou_1 ^ ^2.8 ^1.5",
            "/particle minecraft:critical_hit_emitter ^ ^2.8 ^2.5"
          ],
          "transitions": [
            {
              "default": "(!variable.attack_time)"
            }
          ]
        },
        "b11_a": {
          "on_entry": [
            "/execute @e[r=10,type=!player,type=!tunekeshi:ice] ~~~ summon tunekeshi:ice",
            "/effect @s weakness 15 0 true"
          ],
          "transitions": [
            {
              "default": "(!variable.attack_time)"
            }
          ]
        },
        "b12": {
          "on_entry": [
            "/scoreboard objectives add no dummy no",
            "/playsound game.player.attack.sweep @a ~ ~ ~ 0.8 1 0",
            "/scoreboard objectives add level1 dummy level1",
            "/scoreboard players set @s no 0",
            "/scoreboard players add @s level1 1",
            "/summon tunekeshi:tp ^ ^2.8 ^1.5",
            "/summon tunekeshi:battou ^ ^2.8 ^1.5",
            "/particle minecraft:critical_hit_emitter ^ ^2.8 ^2.5"
          ],
          "transitions": [
            {
              "default": "(!variable.attack_time)"
            }
          ]
        },
        "b12_a": {
          "on_entry": [
            "/summon tunekeshi:sa_b12 ~~~",
            "/effect @s weakness 5 0 true"
          ],
          "transitions": [
            {
              "default": "(!variable.attack_time)"
            }
          ]
        },
        "b13": {
          "on_entry": [
            "/scoreboard objectives add no dummy no",
            "/playsound game.player.attack.sweep @a ~ ~ ~ 0.8 1 0",
            "/scoreboard objectives add level1 dummy level1",
            "/scoreboard players set @s no 0",
            "/scoreboard players add @s level1 1",
            "/summon tunekeshi:tp ^ ^2.8 ^1.5",
            "/particle minecraft:critical_hit_emitter ^ ^2.8 ^2.5"
          ],
          "transitions": [
            {
              "default": "(!variable.attack_time)"
            }
          ]
        },
        "b14": {
          "on_entry": [
            "/scoreboard objectives add no dummy no",
            "/playsound game.player.attack.sweep @a ~ ~ ~ 0.8 1 0",
            "/scoreboard objectives add level1 dummy level1",
            "/scoreboard players set @s no 0",
            "/scoreboard players add @s level1 1",
            "/summon tunekeshi:battou ^ ^2.8 ^1.5",
            "/summon tunekeshi:tp ^ ^2.8 ^1.5",
            "/particle minecraft:critical_hit_emitter ^ ^2.8 ^2.5"
          ],
          "transitions": [
            {
              "default": "(!variable.attack_time)"
            }
          ]
        },
        "b14_a": {
          "on_entry": [
            "/scoreboard players add @s level1 7",
            "/effect @s weakness 4 0 true"
          ],
          "transitions": [
            {
              "default": "(!variable.attack_time)"
            }
          ]
        },
        "b15": {
          "on_entry": [
            "/scoreboard objectives add no dummy no",
            "/playsound game.player.attack.sweep @a ~ ~ ~ 0.8 1 0",
            "/scoreboard objectives add level1 dummy level1",
            "/scoreboard players set @s no 0",
            "/scoreboard players add @s level1 1",
            "/summon tunekeshi:tp ^ ^2.8 ^1.5",
            "/particle minecraft:critical_hit_emitter ^ ^2.8 ^2.5"
          ],
          "transitions": [
            {
              "default": "(!variable.attack_time)"
            }
          ]
        },
        "b16": {
          "on_entry": [
            "/scoreboard objectives add no dummy no",
            "/playsound game.player.attack.sweep @a ~ ~ ~ 0.8 1 0",
            "/scoreboard objectives add level1 dummy level1",
            "/scoreboard players set @s no 0",
            "/scoreboard players add @s level1 1",
            "/summon tunekeshi:battou ^ ^2.8 ^1.5",
            "/summon tunekeshi:tp ^ ^2.8 ^1.5",
            "/particle minecraft:critical_hit_emitter ^ ^2.8 ^2.5"
          ],
          "transitions": [
            {
              "default": "(!variable.attack_time)"
            }
          ]
        },
        "b16_a": {
          "on_entry": [
            "/summon tunekeshi:sa_b16 ^ ^2.8 ^1.5",
            "/effect @s weakness 20 0 true"
          ],
          "transitions": [
            {
              "default": "(!variable.attack_time)"
            }
          ]
        },
        "b17": {
          "on_entry": [
            "/scoreboard objectives add no dummy no",
            "/playsound game.player.attack.sweep @a ~ ~ ~ 0.8 1 0",
            "/scoreboard objectives add level1 dummy level1",
            "/scoreboard players set @s no 0",
            "/scoreboard players add @s level1 1",
            "/summon tunekeshi:battou ^ ^2.8 ^1.5",
            "/summon tunekeshi:tp ^ ^2.8 ^1.5",
            "/particle minecraft:critical_hit_emitter ^ ^2.8 ^2.5"
          ],
          "transitions": [
            {
              "default": "(!variable.attack_time)"
            }
          ]
        },
        "b17_a": {
          "on_entry": [
            "/summon tunekeshi:sa_b17 ~~~",
            "/effect @s weakness 5 0 true"
          ],
          "transitions": [
            {
              "default": "(!variable.attack_time)"
            }
          ]
        },
        "a": {
          "on_entry": [
            "/scoreboard objectives add no dummy no",
            "/scoreboard players add @s no 1",
            "/execute @s[scores={no=30..}] ~~~ scoreboard players set @s level1 0",
            "/execute @s[scores={no=30..}] ~~~ effect @s strength 0 0 true",
            "/execute @s[scores={no=30..}] ~~~ scoreboard players set @s no 0"
          ],
          "transitions": [
            {
              "default": "(1.0)"
            }
          ]
        }
      }
    }
  }
}
