{
  "format_version": "1.10.0",
  "animation_controllers": {
    "controller.animation.battou_1": {
      "states": {
        "default": {
          "transitions": [
            {
              "walking": "(1.0)"
            }
          ],
          "on_entry": [
                        "/effect @e[type=!player,r=2] wither 1 255 true",
                         "/effect @e[type=!player,r=2] slowness 5 2 true",
                         "/effect @e[type=!player,r=2] weakness 10 2 true"               
          ]
        },
        "walking": {
          "transitions": [
            {
              "default": "(1.0)"
            }
          ],
          "on_entry": [
                        "/effect @e[type=!player,r=2] wither 1 255 true",
                         "/effect @e[type=!player,r=2] slowness 5 2 true",
                         "/effect @e[type=!player,r=2] weakness 10 2 true"               
          ]
        }
      }
    }
  }
}
