{
  "format_version": "1.10.0",
  "animation_controllers": {
    "controller.animation.sa_b6": {
      "states": {
        "default": {
          "transitions": [
            {
              "walking": "(1.0)"
            }
          ],
          "on_entry": [
                       "/execute @e[r=2,type=!player] ~~~ summon tunekeshi:ice",
                       "/execute @e[r=2,type=!player] ~~~ summon lightning_bolt"
           ]
        },
        "walking": {
          "transitions": [
            {
              "default": "(1.0)"
            }
          ],
          "on_entry": [
                       "/execute @e[r=2,type=!player] ~~~ summon tunekeshi:ice",
                       "/execute @e[r=2,type=!player] ~~~ summon lightning_bolt"
          ]
        }
      }
    }
  }
}
