{
  "format_version": "1.10.0",
  "animation_controllers": {
    "controller.animation.sa_b16": {
      "states": {
        "default": {
          "transitions": [
            { "kill_start": "query.variant == 1" },
            { "command": "(1.0)" }
          ],
          "on_entry": [
            "/function sa_b16"
          ]
        },
        "command": {
          "transitions": [
            { "kill_start": "query.variant == 1" },
            { "default": "(1.0)" }
          ]
        },
        "kill_start": {
          "transitions": [
            { "default": "query.variant != 1" }
          ]
        }
      }
    },
    "controller.animation.sa_b16_1": {
      "states": {
        "default": {
          "on_entry": [
            "/function sa_b16"
          ],
          "transitions": [
            { "kill_start": "query.variant == 1" },
            { "end": "variable.life_time = variable.life_time <= 100 ? variable.life_time + 1:0; return variable.life_time == 0;" }
          ]
        },
        "end": {
          "on_entry": [
            "@s end"
          ],
          "transitions": [
            { "kill_start": "query.variant == 1" }
          ]
        },
        "kill_start": {
          "transitions": [
            { "default": "query.variant != 1" }
          ]
        }
      }
    }
  }
}
