{
  "format_version": "1.10.0",
  "animation_controllers": {
    "controller.animation.tp": {
      "states": {
        "default": {
          "transitions": [
            {
              "walking": "(1.0)"
            }
          ],
          "on_entry": [
                        "/execute @e[type=!player,r=2] ~~~ tp @s ~~~"
          ]
        },
        "walking": {
          "transitions": [
            {
              "default": "(1.0)"
            }
          ],
          "on_entry": [
                        "/execute @e[type=!player,r=2] ~~~ tp @s ~~~"
          ]
        }
      }
    }
  }
}
