{
	"format_version": "1.10.0",
	"particle_effect": {
		"description": {
			"identifier": "tunekeshi:black_hole",
			"basic_render_parameters": {
				"material": "particles_alpha",
				"texture": "textures/particle/particles"
			}
		},
		"components": {
			"minecraft:emitter_rate_instant": {
				"num_particles": 100
			},
			"minecraft:emitter_lifetime_once": {
				"active_time": 0.8
			},
			"minecraft:emitter_shape_sphere": {
				"radius": 10,
				"direction": "inwards"
			},
			"minecraft:particle_lifetime_expression": {
				"max_lifetime": "Math.random(0.5, 2.5)"
			},
			"minecraft:particle_initial_speed": 1,
			"minecraft:particle_motion_dynamic": {},
			"minecraft:particle_appearance_billboard": {
				"size": ["variable.particle_random_1 * 0.05 + 0.02", "variable.particle_random_1 * 0.05 + 0.02"],
				"facing_camera_mode": "lookat_xyz",
				"uv": {
					"texture_width": 128,
					"texture_height": 128,
					"uv": ["8 * (0.125 * (8 * (0.125 * (variable.particle_random_3 < 0.5 ? Math.round(variable.particle_random_2 * 14) * 8 + 8 : Math.round(variable.particle_random_2 * 10) * 8))))", "8 * (0.125 * (8 * (0.125 * (variable.particle_random_3 < 0.5 ? 112 : 120))))"],
					"uv_size": [8, 8]
				}
			},
			"minecraft:particle_appearance_tinting": {
				"color": [0.73725, 0, 0.98824, 1]
			}
		}
	}
}
