{
  "format_version": "1.10.0",
  "particle_effect": {
    "description": {
      "identifier": "sa_11",
      "basic_render_parameters": {
        "material": "particles_blend",
        "texture": "textures/particle/particles"
      }
    },
    "components": {
      "minecraft:emitter_rate_instant": {
        "num_particles": 100
      },
      "minecraft:emitter_lifetime_once": {
        "active_time": 0
      },
      "minecraft:emitter_shape_sphere": {
        "radius": 2.0,
        "direction": "outwards",
        "surface_only": true
      },
      "minecraft:particle_initial_speed": "-13.0",
      "minecraft:particle_lifetime_expression": {
        "max_lifetime": "0.5 + Math.random(0.7, 1.0)"
      },
      "minecraft:particle_motion_dynamic": {
        "linear_acceleration": [ 0, 2.0, 0 ],
        "linear_drag_coefficient": 6,
        "rotation_drag_coefficient": 0.3
      },
      "minecraft:particle_appearance_billboard": {
        "size": [
          "(variable.particle_random_2 * 0.02 + 0.05) * (1 - Math.Pow((1-(variable.particle_age/variable.particle_lifetime)),2))",
          "(variable.particle_random_2 * 0.02 + 0.05) * (1 - Math.Pow((1-(variable.particle_age/variable.particle_lifetime)),2))"
        ],
        "facing_camera_mode": "lookat_xyz",

        "uv": {
          "texture_width": 128,
          "texture_height": 128,
          "uv": [ "Math.round(variable.custom_random1*8)*8", 0 ],
          "uv_size": [ 8, 8 ]
        }
      },
      "minecraft:particle_appearance_tinting": {
        "color": [ "variable.particle_random_1 * 0.6 + 0.4", "(variable.particle_random_1 * 0.6 + 0.4) * 0.3", "(variable.particle_random_1 * 0.6 + 0.4) * 0.9", 1.0 ]
      }
    }
  }
}
