{
  "format_version": "1.10.0",
  "particle_effect": {
    "description": {
      "identifier": "sa_b7",
      "basic_render_parameters": {
        "material": "particles_alpha",
        "texture": "textures/particle/particles"
      }
    },
    "components": {
      "minecraft:emitter_rate_instant": {
        "num_particles": 75
      },
      "minecraft:emitter_lifetime_once": {
        "active_time": 0.15
      },
      "minecraft:emitter_shape_point": {
        "direction": ["Math.random(-1.0, 1.0)", 0, "Math.random(-1.0, 1.0)"]
      },
      "minecraft:particle_lifetime_expression": {
        "max_lifetime": 0.5
      },
      "minecraft:particle_initial_speed": "Math.random(50.0, 55.0)",
      "minecraft:particle_motion_dynamic": {
        "linear_drag_coefficient": 24
      },
      "minecraft:particle_appearance_billboard": {
        "size": [ "variable.particle_random_1 * 0.05 + 0.02", "variable.particle_random_1 * 0.05 + 0.02" ],
        "facing_camera_mode": "lookat_xyz",
        "uv": {
          "texture_width": 128,
          "texture_height": 128,
          "uv": [
            "variable.particle_random_3 < 0.5 ? Math.round(variable.particle_random_2 * 14) * 8 + 8 : Math.round(variable.particle_random_2 * 10) * 8",
            "variable.particle_random_3 < 0.5 ? 112 : 120"
          ],
          "uv_size": [ 8, 8 ]
        }
      },
      "minecraft:particle_appearance_tinting": {
        "color": [
          "variable.particle_random_3 * 0.54 + 0.36",
          "variable.particle_random_3 * 0.54 + 0.36",
          "variable.particle_random_3 * 0.6 + 0.4"
        ]
      },
    "minecraft:particle_appearance_lighting": {}
    }
  }
}
