{
  "format_version": "1.10.0",
  "particle_effect": {
    "description": {
      "identifier": "sweep_new_terrablade",
      "basic_render_parameters": {
        "material": "particles_alpha",
        "texture": "textures/particle/sweep_new_terrablade"
      }
    },
    "components": {
      "minecraft:emitter_rate_instant": {
        "num_particles": 1
      },
      "minecraft:emitter_lifetime_once": {
        "active_time": 0
      },
      "minecraft:emitter_shape_sphere": {
        "radius": 0.025,
        "direction": [ 0, 0, 0 ]
      },
      "minecraft:particle_lifetime_expression": {
        "max_lifetime": "0.3"
      },
      "minecraft:particle_appearance_billboard": {
        "size": [ 1.2, 2.4 ],
        "facing_camera_mode": "lookat_xyz",
        "uv": {
          "texture_width": 128,
          "texture_height": 32,
          "flipbook": {
            "base_UV": [ 0, 0 ],
            "size_UV": [ 16, 32 ],
            "step_UV": [ 16, 0 ],
            "frames_per_second": 8,
            "max_frame": 8,
            "stretch_to_lifetime": true,
            "loop": false
          }
        }
      }
    }
  }
}
