{
    "pools": [
        {
            "rolls": 1,
            "entries": [
                {
                    "type": "item",
                    "name": "minecraft:gold_ingot",
                    "weight": 15
                },
                {
                    "type": "item",
                    "name": "minecraft:iron_ingot",
                    "weight": 30
                },                
           		 {
                    "type": "item",
                    "name": "minecraft:diamond",
                    "weight": 5
                },
                {
                    "type": "item",
                    "name": "minecraft:gold_nugget",
                    "weight": 20
                }
            ]
        }
    ]
}