{
  "format_version": "1.8.0",
  "minecraft:entity": {
	"description": {
      "identifier": "raigen:incinerator",
      "is_spawnable": true,
      "is_summonable": true,
      "is_experimental": false,
      "scripts": { "animate": [ "incinerator_flames" ] },
      "animations": { "incinerator_flames": "controller.animation.incinerator_flames" }
    },
    
    "component_groups": {      
      "minecraft:bad_rewards": {
        "minecraft:spawn_entity": [
		  {
            "min_wait_time": 0,
            "max_wait_time": 0,
            "single_use": true,
            "num_to_spawn": 1,
            "spawn_entity": "minecraft:xp_orb"
		  },
		  {
            "min_wait_time": 0,
            "max_wait_time": 0,
            "single_use": true,
            "num_to_spawn": 1,
            "spawn_entity": "raigen:incinerator_smoke"
		  }
        ],
		"minecraft:timer": {
		  "looping": false,
		  "randomsInterval": false,
		  "time": 5.0,
		  "time_down_event": {
		    "event": "minecraft:event_default"
		  }
		}
      },
	  "minecraft:low_rewards": {
        "minecraft:spawn_entity": [
		  {
            "min_wait_time": 0,
            "max_wait_time": 0,
            "single_use": true,
            "num_to_spawn": 10,
            "spawn_entity": "minecraft:xp_orb"
		  },
		  {
            "min_wait_time": 0,
            "max_wait_time": 0,
            "single_use": true,
            "num_to_spawn": 1,
            "spawn_entity": "raigen:incinerator_smoke"
		  }
        ],
		"minecraft:timer": {
		  "looping": false,
		  "randomsInterval": false,
		  "time": 5.0,
		  "time_down_event": {
		    "event": "minecraft:event_default"
		  }
		}
      },
      "minecraft:med_rewards": {
        "minecraft:spawn_entity": [
		  {
            "min_wait_time": 0,
            "max_wait_time": 0,
            "single_use": true,
            "num_to_spawn": 25,
            "spawn_entity": "minecraft:xp_orb"
		  },
		  {
            "min_wait_time": 0,
            "max_wait_time": 0,
            "single_use": true,
            "num_to_spawn": 1,
            "spawn_entity": "raigen:incinerator_smoke"
		  }
        ],
		"minecraft:timer": {
		  "looping": false,
		  "randomsInterval": false,
		  "time": 5.0,
		  "time_down_event": {
		    "event": "minecraft:event_default"
		  }
		}
      },
      "minecraft:high_rewards": {
        "minecraft:spawn_entity": [
		  {
            "min_wait_time": 0,
            "max_wait_time": 0,
            "single_use": true,
            "num_to_spawn": 60,
            "spawn_entity": "minecraft:xp_orb"
		  },
		  {
            "min_wait_time": 0,
            "max_wait_time": 0,
            "single_use": true,
            "num_to_spawn": 1,
            "spawn_entity": "raigen:incinerator_smoke"
		  }
        ],
		"minecraft:timer": {
		  "looping": false,
		  "randomsInterval": false,
		  "time": 5.0,
		  "time_down_event": {
		    "event": "minecraft:event_default"
		  }
		}
      },
      
      "minecraft:default": {
        "minecraft:interact": [
          {
            "on_interact": {
              "filters": {
                "all_of": [
                  { "test": "is_family", "subject": "other", "value": "player" },
                  { "test": "has_equipment", "subject": "other", "domain": "hand", "value": "jungle_stairs" }
                ]
              },
              "event": "minecraft:event_high_rewards"
            },
            "play_sounds": "fizz",
            "swing": true,
            "use_item": true,
            "add_items": { "table": "loot_tables/recycle_craft/incinerator/high_rewards.json" },
            "interact_text": "action.interact.add"
          },
          {
            "on_interact": {
              "filters": {
                "all_of": [
                  { "test": "is_family", "subject": "other", "value": "player" },
                  { "test": "has_equipment", "subject": "other", "domain": "hand", "value": "acacia_stairs" }
                ]
              },
              "event": "minecraft:event_high_rewards"
            },
            "play_sounds": "fizz",
            "swing": true,
            "use_item": true,
            "add_items": { "table": "loot_tables/recycle_craft/incinerator/high_rewards.json" },
            "interact_text": "action.interact.add"
          },
          {
            "on_interact": {
              "filters": {
                "all_of": [
                  { "test": "is_family", "subject": "other", "value": "player" },
                  { "test": "has_equipment", "subject": "other", "domain": "hand", "value": "spruce_stairs" }
                ]
              },
              "event": "minecraft:event_high_rewards"
            },
            "play_sounds": "fizz",
            "swing": true,
            "use_item": true,
            "add_items": { "table": "loot_tables/recycle_craft/incinerator/high_rewards.json" },
            "interact_text": "action.interact.add"
          },
          {
            "on_interact": {
              "filters": {
                "all_of": [
                  { "test": "is_family", "subject": "other", "value": "player" },
                  { "test": "has_equipment", "subject": "other", "domain": "hand", "value": "birch_stairs" }
                ]
              },
              "event": "minecraft:event_high_rewards"
            },
            "play_sounds": "fizz",
            "swing": true,
            "use_item": true,
            "add_items": { "table": "loot_tables/recycle_craft/incinerator/high_rewards.json" },
            "interact_text": "action.interact.add"
          },
          {
            "on_interact": {
              "filters": {
                "all_of": [
                  { "test": "is_family", "subject": "other", "value": "player" },
                  { "test": "has_equipment", "subject": "other", "domain": "hand", "value": "dark_oak_stairs" }
                ]
              },
              "event": "minecraft:event_high_rewards"
            },
            "play_sounds": "fizz",
            "swing": true,
            "use_item": true,
            "add_items": { "table": "loot_tables/recycle_craft/incinerator/high_rewards.json" },
            "interact_text": "action.interact.add"
          },
          {
            "on_interact": {
              "filters": {
                "all_of": [
                  { "test": "is_family", "subject": "other", "value": "player" },
                  { "test": "has_equipment", "subject": "other", "domain": "hand", "value": "oak_stairs" }
                ]
              },
              "event": "minecraft:event_high_rewards"
            },
            "play_sounds": "fizz",
            "swing": true,
            "use_item": true,
            "add_items": { "table": "loot_tables/recycle_craft/incinerator/high_rewards.json" },
            "interact_text": "action.interact.add"
          },
          {
            "on_interact": {
              "filters": {
                "all_of": [
                  { "test": "is_family", "subject": "other", "value": "player" },
                  { "test": "has_equipment", "subject": "other", "domain": "hand", "value": "book" }
                ]
              },
              "event": "minecraft:event_med_rewards"
            },
            "play_sounds": "fizz",
            "swing": true,
            "use_item": true,
            "add_items": { "table": "loot_tables/recycle_craft/incinerator/med_rewards.json" },
            "interact_text": "action.interact.add"
          },
          {
            "on_interact": {
              "filters": {
                "all_of": [
                  { "test": "is_family", "subject": "other", "value": "player" },
                  { "test": "has_equipment", "subject": "other", "domain": "hand", "value": "rabbit_hide" }
                ]
              },
              "event": "minecraft:event_bad_rewards"
            },
            "play_sounds": "fizz",
            "swing": true,
            "use_item": true,
            "add_items": { "table": "loot_tables/recycle_craft/incinerator/bad_rewards.json" },
            "interact_text": "action.interact.add"
          },
          {
            "on_interact": {
              "filters": {
                "all_of": [
                  { "test": "is_family", "subject": "other", "value": "player" },
                  { "test": "has_equipment", "subject": "other", "domain": "hand", "value": "phantom_membrane" }
                ]
              },
              "event": "minecraft:event_low_rewards"
            },
            "play_sounds": "fizz",
            "swing": true,
            "use_item": true,
            "add_items": { "table": "loot_tables/recycle_craft/incinerator/low_rewards.json" },
            "interact_text": "action.interact.add"
          },
          {
            "on_interact": {
              "filters": {
                "all_of": [
                  { "test": "is_family", "subject": "other", "value": "player" },
                  { "test": "has_equipment", "subject": "other", "domain": "hand", "value": "bowl" }
                ]
              },
              "event": "minecraft:event_low_rewards"
            },
            "play_sounds": "fizz",
            "swing": true,
            "use_item": true,
            "add_items": { "table": "loot_tables/recycle_craft/incinerator/low_rewards.json" },
            "interact_text": "action.interact.add"
          },
          {
            "on_interact": {
              "filters": {
                "all_of": [
                  { "test": "is_family", "subject": "other", "value": "player" },
                  { "test": "has_equipment", "subject": "other", "domain": "hand", "value": "wooden_slab" }
                ]
              },
              "event": "minecraft:event_med_rewards"
            },
            "play_sounds": "fizz",
            "swing": true,
            "use_item": true,
            "add_items": { "table": "loot_tables/recycle_craft/incinerator/med_rewards.json" },
            "interact_text": "action.interact.add"
          },
          {
            "on_interact": {
              "filters": {
                "all_of": [
                  { "test": "is_family", "subject": "other", "value": "player" },
                  { "test": "has_equipment", "subject": "other", "domain": "hand", "value": "armor_stand" }
                ]
              },
              "event": "minecraft:event_med_rewards"
            },
            "play_sounds": "fizz",
            "swing": true,
            "use_item": true,
            "add_items": { "table": "loot_tables/recycle_craft/incinerator/med_rewards.json" },
            "interact_text": "action.interact.add"
          },
          {
            "on_interact": {
              "filters": {
                "all_of": [
                  { "test": "is_family", "subject": "other", "value": "player" },
                  { "test": "has_equipment", "subject": "other", "domain": "hand", "value": "lectern" }
                ]
              },
              "event": "minecraft:event_high_rewards"
            },
            "play_sounds": "fizz",
            "swing": true,
            "use_item": true,
            "add_items": { "table": "loot_tables/recycle_craft/incinerator/high_rewards.json" },
            "interact_text": "action.interact.add"
          },
          {
            "on_interact": {
              "filters": {
                "all_of": [
                  { "test": "is_family", "subject": "other", "value": "player" },
                  { "test": "has_equipment", "subject": "other", "domain": "hand", "value": "sign" }
                ]
              },
              "event": "minecraft:event_low_rewards"
            },
            "play_sounds": "fizz",
            "swing": true,
            "use_item": true,
            "add_items": { "table": "loot_tables/recycle_craft/incinerator/low_rewards.json" },
            "interact_text": "action.interact.add"
          },
          {
            "on_interact": {
              "filters": {
                "all_of": [
                  { "test": "is_family", "subject": "other", "value": "player" },
                  { "test": "has_equipment", "subject": "other", "domain": "hand", "value": "birch_sign" }
                ]
              },
              "event": "minecraft:event_low_rewards"
            },
            "play_sounds": "fizz",
            "swing": true,
            "use_item": true,
            "add_items": { "table": "loot_tables/recycle_craft/incinerator/low_rewards.json" },
            "interact_text": "action.interact.add"
          },
          {
            "on_interact": {
              "filters": {
                "all_of": [
                  { "test": "is_family", "subject": "other", "value": "player" },
                  { "test": "has_equipment", "subject": "other", "domain": "hand", "value": "darkoak_sign" }
                ]
              },
              "event": "minecraft:event_low_rewards"
            },
            "play_sounds": "fizz",
            "swing": true,
            "use_item": true,
            "add_items": { "table": "loot_tables/recycle_craft/incinerator/low_rewards.json" },
            "interact_text": "action.interact.add"
          },
          {
            "on_interact": {
              "filters": {
                "all_of": [
                  { "test": "is_family", "subject": "other", "value": "player" },
                  { "test": "has_equipment", "subject": "other", "domain": "hand", "value": "jungle_sign" }
                ]
              },
              "event": "minecraft:event_low_rewards"
            },
            "play_sounds": "fizz",
            "swing": true,
            "use_item": true,
            "add_items": { "table": "loot_tables/recycle_craft/incinerator/low_rewards.json" },
            "interact_text": "action.interact.add"
          },
          {
            "on_interact": {
              "filters": {
                "all_of": [
                  { "test": "is_family", "subject": "other", "value": "player" },
                  { "test": "has_equipment", "subject": "other", "domain": "hand", "value": "spruce_sign" }
                ]
              },
              "event": "minecraft:event_low_rewards"
            },
            "play_sounds": "fizz",
            "swing": true,
            "use_item": true,
            "add_items": { "table": "loot_tables/recycle_craft/incinerator/low_rewards.json" },
            "interact_text": "action.interact.add"
          },
          {
            "on_interact": {
              "filters": {
                "all_of": [
                  { "test": "is_family", "subject": "other", "value": "player" },
                  { "test": "has_equipment", "subject": "other", "domain": "hand", "value": "acacia_sign" }
                ]
              },
              "event": "minecraft:event_low_rewards"
            },
            "play_sounds": "fizz",
            "swing": true,
            "use_item": true,
            "add_items": { "table": "loot_tables/recycle_craft/incinerator/low_rewards.json" },
            "interact_text": "action.interact.add"
          },
          {
            "on_interact": {
              "filters": {
                "all_of": [
                  { "test": "is_family", "subject": "other", "value": "player" },
                  { "test": "has_equipment", "subject": "other", "domain": "hand", "value": "sea_pickle" }
                ]
              },
              "event": "minecraft:event_low_rewards"
            },
            "play_sounds": "fizz",
            "swing": true,
            "use_item": true,
            "add_items": { "table": "loot_tables/recycle_craft/incinerator/low_rewards.json" },
            "interact_text": "action.interact.add"
          },
          {
            "on_interact": {
              "filters": {
                "all_of": [
                  { "test": "is_family", "subject": "other", "value": "player" },
                  { "test": "has_equipment", "subject": "other", "domain": "hand", "value": "saddle" }
                ]
              },
              "event": "minecraft:event_med_rewards"
            },
            "play_sounds": "fizz",
            "swing": true,
            "use_item": true,
            "add_items": { "table": "loot_tables/recycle_craft/incinerator/med_rewards.json" },
            "interact_text": "action.interact.add"
          },
          {
            "on_interact": {
              "filters": {
                "all_of": [
                  { "test": "is_family", "subject": "other", "value": "player" },
                  { "test": "has_equipment", "subject": "other", "domain": "hand", "value": "lead" }
                ]
              },
              "event": "minecraft:event_low_rewards"
            },
            "play_sounds": "fizz",
            "swing": true,
            "use_item": true,
            "add_items": { "table": "loot_tables/recycle_craft/incinerator/low_rewards.json" },
            "interact_text": "action.interact.add"
          },
          {
            "on_interact": {
              "filters": {
                "all_of": [
                  { "test": "is_family", "subject": "other", "value": "player" },
                  { "test": "has_equipment", "subject": "other", "domain": "hand", "value": "carrotonastick" }
                ]
              },
              "event": "minecraft:event_med_rewards"
            },
            "play_sounds": "fizz",
            "swing": true,
            "use_item": true,
            "add_items": { "table": "loot_tables/recycle_craft/incinerator/med_rewards.json" },
            "interact_text": "action.interact.add"
          },
          {
            "on_interact": {
              "filters": {
                "all_of": [
                  { "test": "is_family", "subject": "other", "value": "player" },
                  { "test": "has_equipment", "subject": "other", "domain": "hand", "value": "fishing_rod" }
                ]
              },
              "event": "minecraft:event_low_rewards"
            },
            "play_sounds": "fizz",
            "swing": true,
            "use_item": true,
            "add_items": { "table": "loot_tables/recycle_craft/incinerator/low_rewards.json" },
            "interact_text": "action.interact.add"
          },
          {
            "on_interact": {
              "filters": {
                "all_of": [
                  { "test": "is_family", "subject": "other", "value": "player" },
                  { "test": "has_equipment", "subject": "other", "domain": "hand", "value": "horsearmorleather" }
                ]
              },
              "event": "minecraft:event_med_rewards"
            },
            "play_sounds": "fizz",
            "swing": true,
            "use_item": true,
            "add_items": { "table": "loot_tables/recycle_craft/incinerator/med_rewards.json" },
            "interact_text": "action.interact.add"
          },
          {
            "on_interact": {
              "filters": {
                "all_of": [
                  { "test": "is_family", "subject": "other", "value": "player" },
                  { "test": "has_equipment", "subject": "other", "domain": "hand", "value": "carpet" }
                ]
              },
              "event": "minecraft:event_low_rewards"
            },
            "play_sounds": "fizz",
            "swing": true,
            "use_item": true,
            "add_items": { "table": "loot_tables/recycle_craft/incinerator/low_rewards.json" },
            "interact_text": "action.interact.add"
          },
          {
            "on_interact": {
              "filters": {
                "all_of": [
                  { "test": "is_family", "subject": "other", "value": "player" },
                  { "test": "has_equipment", "subject": "other", "domain": "hand", "value": "dried_kelp_block" }
                ]
              },
              "event": "minecraft:event_high_rewards"
            },
            "play_sounds": "fizz",
            "swing": true,
            "use_item": true,
            "add_items": { "table": "loot_tables/recycle_craft/incinerator/high_rewards.json" },
            "interact_text": "action.interact.add"
          },
          {
            "on_interact": {
              "filters": {
                "all_of": [
                  { "test": "is_family", "subject": "other", "value": "player" },
                  { "test": "has_equipment", "subject": "other", "domain": "hand", "value": "ladder" }
                ]
              },
              "event": "minecraft:event_med_rewards"
            },
            "play_sounds": "fizz",
            "swing": true,
            "use_item": true,
            "add_items": { "table": "loot_tables/recycle_craft/incinerator/med_rewards.json" },
            "interact_text": "action.interact.add"
          },
          {
            "on_interact": {
              "filters": {
                "all_of": [
                  { "test": "is_family", "subject": "other", "value": "player" },
                  { "test": "has_equipment", "subject": "other", "domain": "hand", "value": "waterlily" }
                ]
              },
              "event": "minecraft:event_bad_rewards"
            },
            "play_sounds": "fizz",
            "swing": true,
            "use_item": true,
            "add_items": { "table": "loot_tables/recycle_craft/incinerator/bad_rewards.json" },
            "interact_text": "action.interact.add"
          },
          {
            "on_interact": {
              "filters": {
                "all_of": [
                  { "test": "is_family", "subject": "other", "value": "player" },
                  { "test": "has_equipment", "subject": "other", "domain": "hand", "value": "vine" }
                ]
              },
              "event": "minecraft:event_bad_rewards"
            },
            "play_sounds": "fizz",
            "swing": true,
            "use_item": true,
            "add_items": { "table": "loot_tables/recycle_craft/incinerator/bad_rewards.json" },
            "interact_text": "action.interact.add"
          },
          {
            "on_interact": {
              "filters": {
                "all_of": [
                  { "test": "is_family", "subject": "other", "value": "player" },
                  { "test": "has_equipment", "subject": "other", "domain": "hand", "value": "pumpkin" }
                ]
              },
              "event": "minecraft:event_high_rewards"
            },
            "play_sounds": "fizz",
            "swing": true,
            "use_item": true,
            "add_items": { "table": "loot_tables/recycle_craft/incinerator/high_rewards.json" },
            "interact_text": "action.interact.add"
          },
          {
            "on_interact": {
              "filters": {
                "all_of": [
                  { "test": "is_family", "subject": "other", "value": "player" },
                  { "test": "has_equipment", "subject": "other", "domain": "hand", "value": "lit_pumpkin" }
                ]
              },
              "event": "minecraft:event_high_rewards"
            },
            "play_sounds": "fizz",
            "swing": true,
            "use_item": true,
            "add_items": { "table": "loot_tables/recycle_craft/incinerator/high_rewards.json" },
            "interact_text": "action.interact.add"
          },
          {
            "on_interact": {
              "filters": {
                "all_of": [
                  { "test": "is_family", "subject": "other", "value": "player" },
                  { "test": "has_equipment", "subject": "other", "domain": "hand", "value": "carved_pumpkin" }
                ]
              },
              "event": "minecraft:event_high_rewards"
            },
            "play_sounds": "fizz",
            "swing": true,
            "use_item": true,
            "add_items": { "table": "loot_tables/recycle_craft/incinerator/high_rewards.json" },
            "interact_text": "action.interact.add"
          },
          {
            "on_interact": {
              "filters": {
                "all_of": [
                  { "test": "is_family", "subject": "other", "value": "player" },
                  { "test": "has_equipment", "subject": "other", "domain": "hand", "value": "bee_nest" }
                ]
              },
              "event": "minecraft:event_high_rewards"
            },
            "play_sounds": "fizz",
            "swing": true,
            "use_item": true,
            "add_items": { "table": "loot_tables/recycle_craft/incinerator/high_rewards.json" },
            "interact_text": "action.interact.add"
          },
          {
            "on_interact": {
              "filters": {
                "all_of": [
                  { "test": "is_family", "subject": "other", "value": "player" },
                  { "test": "has_equipment", "subject": "other", "domain": "hand", "value": "cactus" }
                ]
              },
              "event": "minecraft:event_high_rewards"
            },
            "play_sounds": "fizz",
            "swing": true,
            "use_item": true,
            "add_items": { "table": "loot_tables/recycle_craft/incinerator/high_rewards.json" },
            "interact_text": "action.interact.add"
          },
          {
            "on_interact": {
              "filters": {
                "all_of": [
                  { "test": "is_family", "subject": "other", "value": "player" },
                  { "test": "has_equipment", "subject": "other", "domain": "hand", "value": "beehive" }
                ]
              },
              "event": "minecraft:event_high_rewards"
            },
            "play_sounds": "fizz",
            "swing": true,
            "use_item": true,
            "add_items": { "table": "loot_tables/recycle_craft/incinerator/high_rewards.json" },
            "interact_text": "action.interact.add"
          },
          {
            "on_interact": {
              "filters": {
                "all_of": [
                  { "test": "is_family", "subject": "other", "value": "player" },
                  { "test": "has_equipment", "subject": "other", "domain": "hand", "value": "popped_chorus_fruit" }
                ]
              },
              "event": "minecraft:event_low_rewards"
            },
            "play_sounds": "fizz",
            "swing": true,
            "use_item": true,
            "add_items": { "table": "loot_tables/recycle_craft/incinerator/low_rewards.json" },
            "interact_text": "action.interact.add"
          },
          {
            "on_interact": {
              "filters": {
                "all_of": [
                  { "test": "is_family", "subject": "other", "value": "player" },
                  { "test": "has_equipment", "subject": "other", "domain": "hand", "value": "chorus_fruit" }
                ]
              },
              "event": "minecraft:event_low_rewards"
            },
            "play_sounds": "fizz",
            "swing": true,
            "use_item": true,
            "add_items": { "table": "loot_tables/recycle_craft/incinerator/low_rewards.json" },
            "interact_text": "action.interact.add"
          },
          {
            "on_interact": {
              "filters": {
                "all_of": [
                  { "test": "is_family", "subject": "other", "value": "player" },
                  { "test": "has_equipment", "subject": "other", "domain": "hand", "value": "chorus_fruit" }
                ]
              },
              "event": "minecraft:event_high_rewards"
            },
            "play_sounds": "fizz",
            "swing": true,
            "use_item": true,
            "add_items": { "table": "loot_tables/recycle_craft/incinerator/high_rewards.json" },
            "interact_text": "action.interact.add"
          },
          {
            "on_interact": {
              "filters": {
                "all_of": [
                  { "test": "is_family", "subject": "other", "value": "player" },
                  { "test": "has_equipment", "subject": "other", "domain": "hand", "value": "tallgrass" }
                ]
              },
              "event": "minecraft:event_bad_rewards"
            },
            "play_sounds": "fizz",
            "swing": true,
            "use_item": true,
            "add_items": { "table": "loot_tables/recycle_craft/incinerator/bad_rewards.json" },
            "interact_text": "action.interact.add"
          },
          {
            "on_interact": {
              "filters": {
                "all_of": [
                  { "test": "is_family", "subject": "other", "value": "player" },
                  { "test": "has_equipment", "subject": "other", "domain": "hand", "value": "dark_oak_pressure_plate" }
                ]
              },
              "event": "minecraft:event_low_rewards"
            },
            "play_sounds": "fizz",
            "swing": true,
            "use_item": true,
            "add_items": { "table": "loot_tables/recycle_craft/incinerator/low_rewards.json" },
            "interact_text": "action.interact.add"
          },
          {
            "on_interact": {
              "filters": {
                "all_of": [
                  { "test": "is_family", "subject": "other", "value": "player" },
                  { "test": "has_equipment", "subject": "other", "domain": "hand", "value": "acacia_pressure_plate" }
                ]
              },
              "event": "minecraft:event_low_rewards"
            },
            "play_sounds": "fizz",
            "swing": true,
            "use_item": true,
            "add_items": { "table": "loot_tables/recycle_craft/incinerator/low_rewards.json" },
            "interact_text": "action.interact.add"
          },
          {
            "on_interact": {
              "filters": {
                "all_of": [
                  { "test": "is_family", "subject": "other", "value": "player" },
                  { "test": "has_equipment", "subject": "other", "domain": "hand", "value": "jungle_pressure_plate" }
                ]
              },
              "event": "minecraft:event_low_rewards"
            },
            "play_sounds": "fizz",
            "swing": true,
            "use_item": true,
            "add_items": { "table": "loot_tables/recycle_craft/incinerator/low_rewards.json" },
            "interact_text": "action.interact.add"
          },
          {
            "on_interact": {
              "filters": {
                "all_of": [
                  { "test": "is_family", "subject": "other", "value": "player" },
                  { "test": "has_equipment", "subject": "other", "domain": "hand", "value": "birch_pressure_plate" }
                ]
              },
              "event": "minecraft:event_low_rewards"
            },
            "play_sounds": "fizz",
            "swing": true,
            "use_item": true,
            "add_items": { "table": "loot_tables/recycle_craft/incinerator/low_rewards.json" },
            "interact_text": "action.interact.add"
          },
          {
            "on_interact": {
              "filters": {
                "all_of": [
                  { "test": "is_family", "subject": "other", "value": "player" },
                  { "test": "has_equipment", "subject": "other", "domain": "hand", "value": "spruce_pressure_plate" }
                ]
              },
              "event": "minecraft:event_low_rewards"
            },
            "play_sounds": "fizz",
            "swing": true,
            "use_item": true,
            "add_items": { "table": "loot_tables/recycle_craft/incinerator/low_rewards.json" },
            "interact_text": "action.interact.add"
          },
          {
            "on_interact": {
              "filters": {
                "all_of": [
                  { "test": "is_family", "subject": "other", "value": "player" },
                  { "test": "has_equipment", "subject": "other", "domain": "hand", "value": "spruce_pressure_plate" }
                ]
              },
              "event": "minecraft:event_low_rewards"
            },
            "play_sounds": "fizz",
            "swing": true,
            "use_item": true,
            "add_items": { "table": "loot_tables/recycle_craft/incinerator/low_rewards.json" },
            "interact_text": "action.interact.add"
          },
          {
            "on_interact": {
              "filters": {
                "all_of": [
                  { "test": "is_family", "subject": "other", "value": "player" },
                  { "test": "has_equipment", "subject": "other", "domain": "hand", "value": "wooden_pressure_plate" }
                ]
              },
              "event": "minecraft:event_low_rewards"
            },
            "play_sounds": "fizz",
            "swing": true,
            "use_item": true,
            "add_items": { "table": "loot_tables/recycle_craft/incinerator/low_rewards.json" },
            "interact_text": "action.interact.add"
          },
          {
            "on_interact": {
              "filters": {
                "all_of": [
                  { "test": "is_family", "subject": "other", "value": "player" },
                  { "test": "has_equipment", "subject": "other", "domain": "hand", "value": "scaffolding" }
                ]
              },
              "event": "minecraft:event_med_rewards"
            },
            "play_sounds": "fizz",
            "swing": true,
            "use_item": true,
            "add_items": { "table": "loot_tables/recycle_craft/incinerator/med_rewards.json" },
            "interact_text": "action.interact.add"
          },
          {
            "on_interact": {
              "filters": {
                "all_of": [
                  { "test": "is_family", "subject": "other", "value": "player" },
                  { "test": "has_equipment", "subject": "other", "domain": "hand", "value": "bamboo" }
                ]
              },
              "event": "minecraft:event_low_rewards"
            },
            "play_sounds": "fizz",
            "swing": true,
            "use_item": true,
            "add_items": { "table": "loot_tables/recycle_craft/incinerator/low_rewards.json" },
            "interact_text": "action.interact.add"
          },
          {
            "on_interact": {
              "filters": {
                "all_of": [
                  { "test": "is_family", "subject": "other", "value": "player" },
                  { "test": "has_equipment", "subject": "other", "domain": "hand", "value": "barrel" }
                ]
              },
              "event": "minecraft:event_high_rewards"
            },
            "play_sounds": "fizz",
            "swing": true,
            "use_item": true,
            "add_items": { "table": "loot_tables/recycle_craft/incinerator/high_rewards.json" },
            "interact_text": "action.interact.add"
          },
          {
            "on_interact": {
              "filters": {
                "all_of": [
                  { "test": "is_family", "subject": "other", "value": "player" },
                  { "test": "has_equipment", "subject": "other", "domain": "hand", "value": "composter" }
                ]
              },
              "event": "minecraft:event_med_rewards"
            },
            "play_sounds": "fizz",
            "swing": true,
            "use_item": true,
            "add_items": { "table": "loot_tables/recycle_craft/incinerator/med_rewards.json" },
            "interact_text": "action.interact.add"
          },
          {
            "on_interact": {
              "filters": {
                "all_of": [
                  { "test": "is_family", "subject": "other", "value": "player" },
                  { "test": "has_equipment", "subject": "other", "domain": "hand", "value": "coral_fan_dead" }
                ]
              },
              "event": "minecraft:event_high_rewards"
            },
            "play_sounds": "fizz",
            "swing": true,
            "use_item": true,
            "add_items": { "table": "loot_tables/recycle_craft/incinerator/high_rewards.json" },
            "interact_text": "action.interact.add"
          },
          {
            "on_interact": {
              "filters": {
                "all_of": [
                  { "test": "is_family", "subject": "other", "value": "player" },
                  { "test": "has_equipment", "subject": "other", "domain": "hand", "value": "coral_fan" }
                ]
              },
              "event": "minecraft:event_high_rewards"
            },
            "play_sounds": "fizz",
            "swing": true,
            "use_item": true,
            "add_items": { "table": "loot_tables/recycle_craft/incinerator/high_rewards.json" },
            "interact_text": "action.interact.add"
          },
          {
            "on_interact": {
              "filters": {
                "all_of": [
                  { "test": "is_family", "subject": "other", "value": "player" },
                  { "test": "has_equipment", "subject": "other", "domain": "hand", "value": "coral_block" }
                ]
              },
              "event": "minecraft:event_high_rewards"
            },
            "play_sounds": "fizz",
            "swing": true,
            "use_item": true,
            "add_items": { "table": "loot_tables/recycle_craft/incinerator/high_rewards.json" },
            "interact_text": "action.interact.add"
          },
          {
            "on_interact": {
              "filters": {
                "all_of": [
                  { "test": "is_family", "subject": "other", "value": "player" },
                  { "test": "has_equipment", "subject": "other", "domain": "hand", "value": "coral" }
                ]
              },
              "event": "minecraft:event_high_rewards"
            },
            "play_sounds": "fizz",
            "swing": true,
            "use_item": true,
            "add_items": { "table": "loot_tables/recycle_craft/incinerator/high_rewards.json" },
            "interact_text": "action.interact.add"
          },
          {
            "on_interact": {
              "filters": {
                "all_of": [
                  { "test": "is_family", "subject": "other", "value": "player" },
                  { "test": "has_equipment", "subject": "other", "domain": "hand", "value": "double_plant" }
                ]
              },
              "event": "minecraft:event_low_rewards"
            },
            "play_sounds": "fizz",
            "swing": true,
            "use_item": true,
            "add_items": { "table": "loot_tables/recycle_craft/incinerator/low_rewards.json" },
            "interact_text": "action.interact.add"
          },
          {
            "on_interact": {
              "filters": {
                "all_of": [
                  { "test": "is_family", "subject": "other", "value": "player" },
                  { "test": "has_equipment", "subject": "other", "domain": "hand", "value": "red_flower" }
                ]
              },
              "event": "minecraft:event_bad_rewards"
            },
            "play_sounds": "fizz",
            "swing": true,
            "use_item": true,
            "add_items": { "table": "loot_tables/recycle_craft/incinerator/bad_rewards.json" },
            "interact_text": "action.interact.add"
          },
          {
            "on_interact": {
              "filters": {
                "all_of": [
                  { "test": "is_family", "subject": "other", "value": "player" },
                  { "test": "has_equipment", "subject": "other", "domain": "hand", "value": "yellow_flower" }
                ]
              },
              "event": "minecraft:event_bad_rewards"
            },
            "play_sounds": "fizz",
            "swing": true,
            "use_item": true,
            "add_items": { "table": "loot_tables/recycle_craft/incinerator/bad_rewards.json" },
            "interact_text": "action.interact.add"
          },
          {
            "on_interact": {
              "filters": {
                "all_of": [
                  { "test": "is_family", "subject": "other", "value": "player" },
                  { "test": "has_equipment", "subject": "other", "domain": "hand", "value": "hay_block" }
                ]
              },
              "event": "minecraft:event_high_rewards"
            },
            "play_sounds": "fizz",
            "swing": true,
            "use_item": true,
            "add_items": { "table": "loot_tables/recycle_craft/incinerator/high_rewards.json" },
            "interact_text": "action.interact.add"
          },
          {
            "on_interact": {
              "filters": {
                "all_of": [
                  { "test": "is_family", "subject": "other", "value": "player" },
                  { "test": "has_equipment", "subject": "other", "domain": "hand", "value": "leaves2" }
                ]
              },
              "event": "minecraft:event_low_rewards"
            },
            "play_sounds": "fizz",
            "swing": true,
            "use_item": true,
            "add_items": { "table": "loot_tables/recycle_craft/incinerator/low_rewards.json" },
            "interact_text": "action.interact.add"
          },
          {
            "on_interact": {
              "filters": {
                "all_of": [
                  { "test": "is_family", "subject": "other", "value": "player" },
                  { "test": "has_equipment", "subject": "other", "domain": "hand", "value": "leaves" }
                ]
              },
              "event": "minecraft:event_low_rewards"
            },
            "play_sounds": "fizz",
            "swing": true,
            "use_item": true,
            "add_items": { "table": "loot_tables/recycle_craft/incinerator/low_rewards.json" },
            "interact_text": "action.interact.add"
          },
          {
            "on_interact": {
              "filters": {
                "all_of": [
                  { "test": "is_family", "subject": "other", "value": "player" },
                  { "test": "has_equipment", "subject": "other", "domain": "hand", "value": "jukebox" }
                ]
              },
              "event": "minecraft:event_med_rewards"
            },
            "play_sounds": "fizz",
            "swing": true,
            "use_item": true,
            "add_items": { "table": "loot_tables/recycle_craft/incinerator/med_rewards.json" },
            "interact_text": "action.interact.add"
          },
          {
            "on_interact": {
              "filters": {
                "all_of": [
                  { "test": "is_family", "subject": "other", "value": "player" },
                  { "test": "has_equipment", "subject": "other", "domain": "hand", "value": "note_block" }
                ]
              },
              "event": "minecraft:event_med_rewards"
            },
            "play_sounds": "fizz",
            "swing": true,
            "use_item": true,
            "add_items": { "table": "loot_tables/recycle_craft/incinerator/med_rewards.json" },
            "interact_text": "action.interact.add"
          },
          {
            "on_interact": {
              "filters": {
                "all_of": [
                  { "test": "is_family", "subject": "other", "value": "player" },
                  { "test": "has_equipment", "subject": "other", "domain": "hand", "value": "sponge" }
                ]
              },
              "event": "minecraft:event_low_rewards"
            },
            "play_sounds": "fizz",
            "swing": true,
            "use_item": true,
            "add_items": { "table": "loot_tables/recycle_craft/incinerator/low_rewards.json" },
            "interact_text": "action.interact.add"
          },
          {
            "on_interact": {
              "filters": {
                "all_of": [
                  { "test": "is_family", "subject": "other", "value": "player" },
                  { "test": "has_equipment", "subject": "other", "domain": "hand", "value": "dark_oak_trapdoor" }
                ]
              },
              "event": "minecraft:event_med_rewards"
            },
            "play_sounds": "fizz",
            "swing": true,
            "use_item": true,
            "add_items": { "table": "loot_tables/recycle_craft/incinerator/med_rewards.json" },
            "interact_text": "action.interact.add"
          },
          {
            "on_interact": {
              "filters": {
                "all_of": [
                  { "test": "is_family", "subject": "other", "value": "player" },
                  { "test": "has_equipment", "subject": "other", "domain": "hand", "value": "acacia_trapdoor" }
                ]
              },
              "event": "minecraft:event_med_rewards"
            },
            "play_sounds": "fizz",
            "swing": true,
            "use_item": true,
            "add_items": { "table": "loot_tables/recycle_craft/incinerator/med_rewards.json" },
            "interact_text": "action.interact.add"
          },
          {
            "on_interact": {
              "filters": {
                "all_of": [
                  { "test": "is_family", "subject": "other", "value": "player" },
                  { "test": "has_equipment", "subject": "other", "domain": "hand", "value": "jungle_trapdoor" }
                ]
              },
              "event": "minecraft:event_med_rewards"
            },
            "play_sounds": "fizz",
            "swing": true,
            "use_item": true,
            "add_items": { "table": "loot_tables/recycle_craft/incinerator/med_rewards.json" },
            "interact_text": "action.interact.add"
          },
          {
            "on_interact": {
              "filters": {
                "all_of": [
                  { "test": "is_family", "subject": "other", "value": "player" },
                  { "test": "has_equipment", "subject": "other", "domain": "hand", "value": "birch_trapdoor" }
                ]
              },
              "event": "minecraft:event_med_rewards"
            },
            "play_sounds": "fizz",
            "swing": true,
            "use_item": true,
            "add_items": { "table": "loot_tables/recycle_craft/incinerator/med_rewards.json" },
            "interact_text": "action.interact.add"
          },
          {
            "on_interact": {
              "filters": {
                "all_of": [
                  { "test": "is_family", "subject": "other", "value": "player" },
                  { "test": "has_equipment", "subject": "other", "domain": "hand", "value": "spruce_trapdoor" }
                ]
              },
              "event": "minecraft:event_med_rewards"
            },
            "play_sounds": "fizz",
            "swing": true,
            "use_item": true,
            "add_items": { "table": "loot_tables/recycle_craft/incinerator/med_rewards.json" },
            "interact_text": "action.interact.add"
          },
          {
            "on_interact": {
              "filters": {
                "all_of": [
                  { "test": "is_family", "subject": "other", "value": "player" },
                  { "test": "has_equipment", "subject": "other", "domain": "hand", "value": "trapdoor" }
                ]
              },
              "event": "minecraft:event_med_rewards"
            },
            "play_sounds": "fizz",
            "swing": true,
            "use_item": true,
            "add_items": { "table": "loot_tables/recycle_craft/incinerator/med_rewards.json" },
            "interact_text": "action.interact.add"
          },
          {
            "on_interact": {
              "filters": {
                "all_of": [
                  { "test": "is_family", "subject": "other", "value": "player" },
                  { "test": "has_equipment", "subject": "other", "domain": "hand", "value": "trapped_chest" }
                ]
              },
              "event": "minecraft:event_high_rewards"
            },
            "play_sounds": "fizz",
            "swing": true,
            "use_item": true,
            "add_items": { "table": "loot_tables/recycle_craft/incinerator/high_rewards.json" },
            "interact_text": "action.interact.add"
          },
          {
            "on_interact": {
              "filters": {
                "all_of": [
                  { "test": "is_family", "subject": "other", "value": "player" },
                  { "test": "has_equipment", "subject": "other", "domain": "hand", "value": "chest" }
                ]
              },
              "event": "minecraft:event_high_rewards"
            },
            "play_sounds": "fizz",
            "swing": true,
            "use_item": true,
            "add_items": { "table": "loot_tables/recycle_craft/incinerator/high_rewards.json" },
            "interact_text": "action.interact.add"
          },
          {
            "on_interact": {
              "filters": {
                "all_of": [
                  { "test": "is_family", "subject": "other", "value": "player" },
                  { "test": "has_equipment", "subject": "other", "domain": "hand", "value": "wool" }
                ]
              },
              "event": "minecraft:event_low_rewards"
            },
            "play_sounds": "fizz",
            "swing": true,
            "use_item": true,
            "add_items": { "table": "loot_tables/recycle_craft/incinerator/low_rewards.json" },
            "interact_text": "action.interact.add"
          },
          {
            "on_interact": {
              "filters": {
                "all_of": [
                  { "test": "is_family", "subject": "other", "value": "player" },
                  { "test": "has_equipment", "subject": "other", "domain": "hand", "value": "feather" }
                ]
              },
              "event": "minecraft:event_bad_rewards"
            },
            "play_sounds": "fizz",
            "swing": true,
            "use_item": true,
            "add_items": { "table": "loot_tables/recycle_craft/incinerator/bad_rewards.json" },
            "interact_text": "action.interact.add"
          },
          {
            "on_interact": {
              "filters": {
                "all_of": [
                  { "test": "is_family", "subject": "other", "value": "player" },
                  { "test": "has_equipment", "subject": "other", "domain": "hand", "value": "string" }
                ]
              },
              "event": "minecraft:event_bad_rewards"
            },
            "play_sounds": "fizz",
            "swing": true,
            "use_item": true,
            "add_items": { "table": "loot_tables/recycle_craft/incinerator/bad_rewards.json" },
            "interact_text": "action.interact.add"
          },
          {
            "on_interact": {
              "filters": {
                "all_of": [
                  { "test": "is_family", "subject": "other", "value": "player" },
                  { "test": "has_equipment", "subject": "other", "domain": "hand", "value": "bed" }
                ]
              },
              "event": "minecraft:event_high_rewards"
            },
            "play_sounds": "fizz",
            "swing": true,
            "use_item": true,
            "add_items": { "table": "loot_tables/recycle_craft/incinerator/high_rewards.json" },
            "interact_text": "action.interact.add"
          },
          {
            "on_interact": {
              "filters": {
                "all_of": [
                  { "test": "is_family", "subject": "other", "value": "player" },
                  { "test": "has_equipment", "subject": "other", "domain": "hand", "value": "boat" }
                ]
              },
              "event": "minecraft:event_high_rewards"
            },
            "play_sounds": "fizz",
            "swing": true,
            "use_item": true,
            "add_items": { "table": "loot_tables/recycle_craft/incinerator/high_rewards.json" },
            "interact_text": "action.interact.add"
          },
          {
            "on_interact": {
              "filters": {
                "all_of": [
                  { "test": "is_family", "subject": "other", "value": "player" },
                  { "test": "has_equipment", "subject": "other", "domain": "hand", "value": "campfire" }
                ]
              },
              "event": "minecraft:event_med_rewards"
            },
            "play_sounds": "fizz",
            "swing": true,
            "use_item": true,
            "add_items": { "table": "loot_tables/recycle_craft/incinerator/med_rewards.json" },
            "interact_text": "action.interact.add"
          },
          {
            "on_interact": {
              "filters": {
                "all_of": [
                  { "test": "is_family", "subject": "other", "value": "player" },
                  { "test": "has_equipment", "subject": "other", "domain": "hand", "value": "crossbow" }
                ]
              },
              "event": "minecraft:event_low_rewards"
            },
            "play_sounds": "fizz",
            "swing": true,
            "use_item": true,
            "add_items": { "table": "loot_tables/recycle_craft/incinerator/low_rewards.json" },
            "interact_text": "action.interact.add"
          },
          {
            "on_interact": {
              "filters": {
                "all_of": [
                  { "test": "is_family", "subject": "other", "value": "player" },
                  { "test": "has_equipment", "subject": "other", "domain": "hand", "value": "bow" }
                ]
              },
              "event": "minecraft:event_bad_rewards"
            },
            "play_sounds": "fizz",
            "swing": true,
            "use_item": true,
            "add_items": { "table": "loot_tables/recycle_craft/incinerator/bad_rewards.json" },
            "interact_text": "action.interact.add"
          },
          {
            "on_interact": {
              "filters": {
                "all_of": [
                  { "test": "is_family", "subject": "other", "value": "player" },
                  { "test": "has_equipment", "subject": "other", "domain": "hand", "value": "dark_oak_door" }
                ]
              },
              "event": "minecraft:event_high_rewards"
            },
            "play_sounds": "fizz",
            "swing": true,
            "use_item": true,
            "add_items": { "table": "loot_tables/recycle_craft/incinerator/high_rewards.json" },
            "interact_text": "action.interact.add"
          },
          {
            "on_interact": {
              "filters": {
                "all_of": [
                  { "test": "is_family", "subject": "other", "value": "player" },
                  { "test": "has_equipment", "subject": "other", "domain": "hand", "value": "acacia_door" }
                ]
              },
              "event": "minecraft:event_high_rewards"
            },
            "play_sounds": "fizz",
            "swing": true,
            "use_item": true,
            "add_items": { "table": "loot_tables/recycle_craft/incinerator/high_rewards.json" },
            "interact_text": "action.interact.add"
          },
          {
            "on_interact": {
              "filters": {
                "all_of": [
                  { "test": "is_family", "subject": "other", "value": "player" },
                  { "test": "has_equipment", "subject": "other", "domain": "hand", "value": "jungle_door" }
                ]
              },
              "event": "minecraft:event_high_rewards"
            },
            "play_sounds": "fizz",
            "swing": true,
            "use_item": true,
            "add_items": { "table": "loot_tables/recycle_craft/incinerator/high_rewards.json" },
            "interact_text": "action.interact.add"
          },
          {
            "on_interact": {
              "filters": {
                "all_of": [
                  { "test": "is_family", "subject": "other", "value": "player" },
                  { "test": "has_equipment", "subject": "other", "domain": "hand", "value": "birch_door" }
                ]
              },
              "event": "minecraft:event_high_rewards"
            },
            "play_sounds": "fizz",
            "swing": true,
            "use_item": true,
            "add_items": { "table": "loot_tables/recycle_craft/incinerator/high_rewards.json" },
            "interact_text": "action.interact.add"
          },
          {
            "on_interact": {
              "filters": {
                "all_of": [
                  { "test": "is_family", "subject": "other", "value": "player" },
                  { "test": "has_equipment", "subject": "other", "domain": "hand", "value": "spruce_door" }
                ]
              },
              "event": "minecraft:event_high_rewards"
            },
            "play_sounds": "fizz",
            "swing": true,
            "use_item": true,
            "add_items": { "table": "loot_tables/recycle_craft/incinerator/high_rewards.json" },
            "interact_text": "action.interact.add"
          },
          {
            "on_interact": {
              "filters": {
                "all_of": [
                  { "test": "is_family", "subject": "other", "value": "player" },
                  { "test": "has_equipment", "subject": "other", "domain": "hand", "value": "oak_door" }
                ]
              },
              "event": "minecraft:event_high_rewards"
            },
            "play_sounds": "fizz",
            "swing": true,
            "use_item": true,
            "add_items": { "table": "loot_tables/recycle_craft/incinerator/high_rewards.json" },
            "interact_text": "action.interact.add"
          },
          {
            "on_interact": {
              "filters": {
                "all_of": [
                  { "test": "is_family", "subject": "other", "value": "player" },
                  { "test": "has_equipment", "subject": "other", "domain": "hand", "value": "elytra" }
                ]
              },
              "event": "minecraft:event_high_rewards"
            },
            "play_sounds": "fizz",
            "swing": true,
            "use_item": true,
            "add_items": { "table": "loot_tables/recycle_craft/incinerator/high_rewards.json" },
            "interact_text": "action.interact.add"
          },
          {
            "on_interact": {
              "filters": {
                "all_of": [
                  { "test": "is_family", "subject": "other", "value": "player" },
                  { "test": "has_equipment", "subject": "other", "domain": "hand", "value": "leather_boots" }
                ]
              },
              "event": "minecraft:event_med_rewards"
            },
            "play_sounds": "fizz",
            "swing": true,
            "use_item": true,
            "add_items": { "table": "loot_tables/recycle_craft/incinerator/med_rewards.json" },
            "interact_text": "action.interact.add"
          },
          {
            "on_interact": {
              "filters": {
                "all_of": [
                  { "test": "is_family", "subject": "other", "value": "player" },
                  { "test": "has_equipment", "subject": "other", "domain": "hand", "value": "leather_leggings" }
                ]
              },
              "event": "minecraft:event_med_rewards"
            },
            "play_sounds": "fizz",
            "swing": true,
            "use_item": true,
            "add_items": { "table": "loot_tables/recycle_craft/incinerator/med_rewards.json" },
            "interact_text": "action.interact.add"
          },
          {
            "on_interact": {
              "filters": {
                "all_of": [
                  { "test": "is_family", "subject": "other", "value": "player" },
                  { "test": "has_equipment", "subject": "other", "domain": "hand", "value": "leather_chestplate" }
                ]
              },
              "event": "minecraft:event_med_rewards"
            },
            "play_sounds": "fizz",
            "swing": true,
            "use_item": true,
            "add_items": { "table": "loot_tables/recycle_craft/incinerator/med_rewards.json" },
            "interact_text": "action.interact.add"
          },
          {
            "on_interact": {
              "filters": {
                "all_of": [
                  { "test": "is_family", "subject": "other", "value": "player" },
                  { "test": "has_equipment", "subject": "other", "domain": "hand", "value": "leather_helmet" }
                ]
              },
              "event": "minecraft:event_med_rewards"
            },
            "play_sounds": "fizz",
            "swing": true,
            "use_item": true,
            "add_items": { "table": "loot_tables/recycle_craft/incinerator/med_rewards.json" },
            "interact_text": "action.interact.add"
          },
          {
            "on_interact": {
              "filters": {
                "all_of": [
                  { "test": "is_family", "subject": "other", "value": "player" },
                  { "test": "has_equipment", "subject": "other", "domain": "hand", "value": "leather" }
                ]
              },
              "event": "minecraft:event_low_rewards"
            },
            "play_sounds": "fizz",
            "swing": true,
            "use_item": true,
            "add_items": { "table": "loot_tables/recycle_craft/incinerator/low_rewards.json" },
            "interact_text": "action.interact.add"
          },
          {
            "on_interact": {
              "filters": {
                "all_of": [
                  { "test": "is_family", "subject": "other", "value": "player" },
                  { "test": "has_equipment", "subject": "other", "domain": "hand", "value": "map" }
                ]
              },
              "event": "minecraft:event_bad_rewards"
            },
            "play_sounds": "fizz",
            "swing": true,
            "use_item": true,
            "add_items": { "table": "loot_tables/recycle_craft/incinerator/bad_rewards.json" },
            "interact_text": "action.interact.add"
          },
          {
            "on_interact": {
              "filters": {
                "all_of": [
                  { "test": "is_family", "subject": "other", "value": "player" },
                  { "test": "has_equipment", "subject": "other", "domain": "hand", "value": "name_tag" }
                ]
              },
              "event": "minecraft:event_bad_rewards"
            },
            "play_sounds": "fizz",
            "swing": true,
            "use_item": true,
            "add_items": { "table": "loot_tables/recycle_craft/incinerator/bad_rewards.json" },
            "interact_text": "action.interact.add"
          },
          {
            "on_interact": {
              "filters": {
                "all_of": [
                  { "test": "is_family", "subject": "other", "value": "player" },
                  { "test": "has_equipment", "subject": "other", "domain": "hand", "value": "paper" }
                ]
              },
              "event": "minecraft:event_bad_rewards"
            },
            "play_sounds": "fizz",
            "swing": true,
            "use_item": true,
            "add_items": { "table": "loot_tables/recycle_craft/incinerator/bad_rewards.json" },
            "interact_text": "action.interact.add"
          },
          {
            "on_interact": {
              "filters": {
                "all_of": [
                  { "test": "is_family", "subject": "other", "value": "player" },
                  { "test": "has_equipment", "subject": "other", "domain": "hand", "value": "painting" }
                ]
              },
              "event": "minecraft:event_bad_rewards"
            },
            "play_sounds": "fizz",
            "swing": true,
            "use_item": true,
            "add_items": { "table": "loot_tables/recycle_craft/incinerator/bad_rewards.json" },
            "interact_text": "action.interact.add"
          },
          {
            "on_interact": {
              "filters": {
                "all_of": [
                  { "test": "is_family", "subject": "other", "value": "player" },
                  { "test": "has_equipment", "subject": "other", "domain": "hand", "value": "shield" }
                ]
              },
              "event": "minecraft:event_high_rewards"
            },
            "play_sounds": "fizz",
            "swing": true,
            "use_item": true,
            "add_items": { "table": "loot_tables/recycle_craft/incinerator/high_rewards.json" },
            "interact_text": "action.interact.add"
          },
          {
            "on_interact": {
              "filters": {
                "all_of": [
                  { "test": "is_family", "subject": "other", "value": "player" },
                  { "test": "has_equipment", "subject": "other", "domain": "hand", "value": "sign" }
                ]
              },
              "event": "minecraft:event_low_rewards"
            },
            "play_sounds": "fizz",
            "swing": true,
            "use_item": true,
            "add_items": { "table": "loot_tables/recycle_craft/incinerator/low_rewards.json" },
            "interact_text": "action.interact.add"
          },
          {
            "on_interact": {
              "filters": {
                "all_of": [
                  { "test": "is_family", "subject": "other", "value": "player" },
                  { "test": "has_equipment", "subject": "other", "domain": "hand", "value": "arrow" }
                ]
              },
              "event": "minecraft:event_bad_rewards"
            },
            "play_sounds": "fizz",
            "swing": true,
            "use_item": true,
            "add_items": { "table": "loot_tables/recycle_craft/incinerator/bad_rewards.json" },
            "interact_text": "action.interact.add"
          },
          {
            "on_interact": {
              "filters": {
                "all_of": [
                  { "test": "is_family", "subject": "other", "value": "player" },
                  { "test": "has_equipment", "subject": "other", "domain": "hand", "value": "wooden_sword" }
                ]
              },
              "event": "minecraft:event_low_rewards"
            },
            "play_sounds": "fizz",
            "swing": true,
            "use_item": true,
            "add_items": { "table": "loot_tables/recycle_craft/incinerator/low_rewards.json" },
            "interact_text": "action.interact.add"
          },
          {
            "on_interact": {
              "filters": {
                "all_of": [
                  { "test": "is_family", "subject": "other", "value": "player" },
                  { "test": "has_equipment", "subject": "other", "domain": "hand", "value": "wooden_shovel" }
                ]
              },
              "event": "minecraft:event_low_rewards"
            },
            "play_sounds": "fizz",
            "swing": true,
            "use_item": true,
            "add_items": { "table": "loot_tables/recycle_craft/incinerator/low_rewards.json" },
            "interact_text": "action.interact.add"
          },
          {
            "on_interact": {
              "filters": {
                "all_of": [
                  { "test": "is_family", "subject": "other", "value": "player" },
                  { "test": "has_equipment", "subject": "other", "domain": "hand", "value": "wooden_hoe" }
                ]
              },
              "event": "minecraft:event_low_rewards"
            },
            "play_sounds": "fizz",
            "swing": true,
            "use_item": true,
            "add_items": { "table": "loot_tables/recycle_craft/incinerator/low_rewards.json" },
            "interact_text": "action.interact.add"
          },
          {
            "on_interact": {
              "filters": {
                "all_of": [
                  { "test": "is_family", "subject": "other", "value": "player" },
                  { "test": "has_equipment", "subject": "other", "domain": "hand", "value": "wooden_pickaxe" }
                ]
              },
              "event": "minecraft:event_low_rewards"
            },
            "play_sounds": "fizz",
            "swing": true,
            "use_item": true,
            "add_items": { "table": "loot_tables/recycle_craft/incinerator/low_rewards.json" },
            "interact_text": "action.interact.add"
          },
          {
            "on_interact": {
              "filters": {
                "all_of": [
                  { "test": "is_family", "subject": "other", "value": "player" },
                  { "test": "has_equipment", "subject": "other", "domain": "hand", "value": "wooden_axe" }
                ]
              },
              "event": "minecraft:event_low_rewards"
            },
            "play_sounds": "fizz",
            "swing": true,
            "use_item": true,
            "add_items": { "table": "loot_tables/recycle_craft/incinerator/low_rewards.json" },
            "interact_text": "action.interact.add"
          },
          {
            "on_interact": {
              "filters": {
                "all_of": [
                  { "test": "is_family", "subject": "other", "value": "player" },
                  { "test": "has_equipment", "subject": "other", "domain": "hand", "value": "deadbush" }
                ]
              },
              "event": "minecraft:event_bad_rewards"
            },
            "play_sounds": "fizz",
            "swing": true,
            "use_item": true,
            "add_items": { "table": "loot_tables/recycle_craft/incinerator/bad_rewards.json" },
            "interact_text": "action.interact.add"
          },
          {
            "on_interact": {
              "filters": {
                "all_of": [
                  { "test": "is_family", "subject": "other", "value": "player" },
                  { "test": "has_equipment", "subject": "other", "domain": "hand", "value": "sapling" }
                ]
              },
              "event": "minecraft:event_bad_rewards"
            },
            "play_sounds": "fizz",
            "swing": true,
            "use_item": true,
            "add_items": { "table": "loot_tables/recycle_craft/incinerator/bad_rewards.json" },
            "interact_text": "action.interact.add"
          },
          {
            "on_interact": {
              "filters": {
                "all_of": [
                  { "test": "is_family", "subject": "other", "value": "player" },
                  { "test": "has_equipment", "subject": "other", "domain": "hand", "value": "stick" }
                ]
              },
              "event": "minecraft:event_bad_rewards"
            },
            "play_sounds": "fizz",
            "swing": true,
            "use_item": true,
            "add_items": { "table": "loot_tables/recycle_craft/incinerator/bad_rewards.json" },
            "interact_text": "action.interact.add"
          },
          {
            "on_interact": {
              "filters": {
                "all_of": [
                  { "test": "is_family", "subject": "other", "value": "player" },
                  { "test": "has_equipment", "subject": "other", "domain": "hand", "value": "planks" }
                ]
              },
              "event": "minecraft:event_med_rewards"
            },
            "play_sounds": "fizz",
            "swing": true,
            "use_item": true,
            "add_items": { "table": "loot_tables/recycle_craft/incinerator/med_rewards.json" },
            "interact_text": "action.interact.add"
          },
          {
            "on_interact": {
              "filters": {
                "all_of": [
                  { "test": "is_family", "subject": "other", "value": "player" },
                  { "test": "has_equipment", "subject": "other", "domain": "hand", "value": "crafting_table" }
                ]
              },
              "event": "minecraft:event_med_rewards"
            },
            "play_sounds": "fizz",
            "swing": true,
            "use_item": true,
            "add_items": { "table": "loot_tables/recycle_craft/incinerator/med_rewards.json" },
            "interact_text": "action.interact.add"
          },
          {
            "on_interact": {
              "filters": {
                "all_of": [
                  { "test": "is_family", "subject": "other", "value": "player" },
                  { "test": "has_equipment", "subject": "other", "domain": "hand", "value": "fletching_table" }
                ]
              },
              "event": "minecraft:event_med_rewards"
            },
            "play_sounds": "fizz",
            "swing": true,
            "use_item": true,
            "add_items": { "table": "loot_tables/recycle_craft/incinerator/med_rewards.json" },
            "interact_text": "action.interact.add"
          },
          {
            "on_interact": {
              "filters": {
                "all_of": [
                  { "test": "is_family", "subject": "other", "value": "player" },
                  { "test": "has_equipment", "subject": "other", "domain": "hand", "value": "cartography_table" }
                ]
              },
              "event": "minecraft:event_med_rewards"
            },
            "play_sounds": "fizz",
            "swing": true,
            "use_item": true,
            "add_items": { "table": "loot_tables/recycle_craft/incinerator/med_rewards.json" },
            "interact_text": "action.interact.add"
          },
          {
            "on_interact": {
              "filters": {
                "all_of": [
                  { "test": "is_family", "subject": "other", "value": "player" },
                  { "test": "has_equipment", "subject": "other", "domain": "hand", "value": "loom" }
                ]
              },
              "event": "minecraft:event_med_rewards"
            },
            "play_sounds": "fizz",
            "swing": true,
            "use_item": true,
            "add_items": { "table": "loot_tables/recycle_craft/incinerator/med_rewards.json" },
            "interact_text": "action.interact.add"
          },
          {
            "on_interact": {
              "filters": {
                "all_of": [
                  { "test": "is_family", "subject": "other", "value": "player" },
                  { "test": "has_equipment", "subject": "other", "domain": "hand", "value": "log" }
                ]
              },
              "event": "minecraft:event_high_rewards"
            },
            "play_sounds": "fizz",
            "swing": true,
            "use_item": true,
            "add_items": { "table": "loot_tables/recycle_craft/incinerator/high_rewards.json" },
            "interact_text": "action.interact.add"
          },
          {
            "on_interact": {
              "filters": {
                "all_of": [
                  { "test": "is_family", "subject": "other", "value": "player" },
                  { "test": "has_equipment", "subject": "other", "domain": "hand", "value": "log2" }
                ]
              },
              "event": "minecraft:event_high_rewards"
            },
            "play_sounds": "fizz",
            "swing": true,
            "use_item": true,
            "add_items": { "table": "loot_tables/recycle_craft/incinerator/high_rewards.json" },
            "interact_text": "action.interact.add"
          },
          {
            "on_interact": {
              "filters": {
                "all_of": [
                  { "test": "is_family", "subject": "other", "value": "player" },
                  { "test": "has_equipment", "subject": "other", "domain": "hand", "value": "stripped_acacia_log" }
                ]
              },
              "event": "minecraft:event_high_rewards"
            },
            "play_sounds": "fizz",
            "swing": true,
            "use_item": true,
            "add_items": { "table": "loot_tables/recycle_craft/incinerator/high_rewards.json" },
            "interact_text": "action.interact.add"
          },
          {
            "on_interact": {
              "filters": {
                "all_of": [
                  { "test": "is_family", "subject": "other", "value": "player" },
                  { "test": "has_equipment", "subject": "other", "domain": "hand", "value": "stripped_birch_log" }
                ]
              },
              "event": "minecraft:event_high_rewards"
            },
            "play_sounds": "fizz",
            "swing": true,
            "use_item": true,
            "add_items": { "table": "loot_tables/recycle_craft/incinerator/high_rewards.json" },
            "interact_text": "action.interact.add"
          },
          {
            "on_interact": {
              "filters": {
                "all_of": [
                  { "test": "is_family", "subject": "other", "value": "player" },
                  { "test": "has_equipment", "subject": "other", "domain": "hand", "value": "stripped_dark_oak_log" }
                ]
              },
              "event": "minecraft:event_high_rewards"
            },
            "play_sounds": "fizz",
            "swing": true,
            "use_item": true,
            "add_items": { "table": "loot_tables/recycle_craft/incinerator/high_rewards.json" },
            "interact_text": "action.interact.add"
          },
          {
            "on_interact": {
              "filters": {
                "all_of": [
                  { "test": "is_family", "subject": "other", "value": "player" },
                  { "test": "has_equipment", "subject": "other", "domain": "hand", "value": "stripped_jungle_log" }
                ]
              },
              "event": "minecraft:event_high_rewards"
            },
            "play_sounds": "fizz",
            "swing": true,
            "use_item": true,
            "add_items": { "table": "loot_tables/recycle_craft/incinerator/high_rewards.json" },
            "interact_text": "action.interact.add"
          },
          {
            "on_interact": {
              "filters": {
                "all_of": [
                  { "test": "is_family", "subject": "other", "value": "player" },
                  { "test": "has_equipment", "subject": "other", "domain": "hand", "value": "stripped_oak_log" }
                ]
              },
              "event": "minecraft:event_high_rewards"
            },
            "play_sounds": "fizz",
            "swing": true,
            "use_item": true,
            "add_items": { "table": "loot_tables/recycle_craft/incinerator/high_rewards.json" },
            "interact_text": "action.interact.add"
          },
          {
            "on_interact": {
              "filters": {
                "all_of": [
                  { "test": "is_family", "subject": "other", "value": "player" },
                  { "test": "has_equipment", "subject": "other", "domain": "hand", "value": "stripped_spruce_log" }
                ]
              },
              "event": "minecraft:event_high_rewards"
            },
            "play_sounds": "fizz",
            "swing": true,
            "use_item": true,
            "add_items": { "table": "loot_tables/recycle_craft/incinerator/high_rewards.json" },
            "interact_text": "action.interact.add"
          },
          {
            "on_interact": {
              "filters": {
                "all_of": [
                  { "test": "is_family", "subject": "other", "value": "player" },
                  { "test": "has_equipment", "subject": "other", "domain": "hand", "value": "wood" }
                ]
              },
              "event": "minecraft:event_high_rewards"
            },
            "play_sounds": "fizz",
            "swing": true,
            "use_item": true,
            "add_items": { "table": "loot_tables/recycle_craft/incinerator/high_rewards.json" },
            "interact_text": "action.interact.add"
          },
          {
            "on_interact": {
              "filters": {
                "all_of": [
                  { "test": "is_family", "subject": "other", "value": "player" },
                  { "test": "has_equipment", "subject": "other", "domain": "hand", "value": "stripped_wood" }
                ]
              },
              "event": "minecraft:event_high_rewards"
            },
            "play_sounds": "fizz",
            "swing": true,
            "use_item": true,
            "add_items": { "table": "loot_tables/recycle_craft/incinerator/high_rewards.json" },
            "interact_text": "action.interact.add"
          }
        ]
      },
	  "minecraft:despawn": {
	    "minecraft:type_family": {
		  "family": [ "despawncito" ]
		}
	  }
    },
	
    "components": {
	  "minecraft:despawn": {
	    "filters": {
		  "all_of": [
		    { "test": "is_family", "subject": "self", "value": "despawncito" }
		  ]
		}
	  },
      "minecraft:loot": {
        "table": "loot_tables/recycle_craft/incinerator.json"
      },
	  "minecraft:damage_sensor": [
	    {
		  "on_damage": {
		    "filters": {
			  "all_of": [
			    { "test": "has_damage", "subject": "self", "value": "any" }
			  ]
			},
			"event": "minecraft:event_despawn"
		  }
		}
	  ],
      "minecraft:type_family": {
        "family": [ "inanimate" ]
      },
	  "minecraft:health": {
	    "value": 1,
		"max": 1
	  },
      "minecraft:collision_box": {
        "width": 1.0,
        "height": 1.0
      },
      "minecraft:physics": {
      }
	},
	
	"events": {
	  "minecraft:entity_spawned": {
	    "add": {
	      "component_groups": [
	        "minecraft:default"
	      ]
	    }
	  },
	  
	  "minecraft:event_bad_rewards": {
	    "add": {
	      "component_groups": [
	        "minecraft:bad_rewards"
	      ]
	    },
		"remove": {
		  "component_groups": [
		    "minecraft:default"
		  ]
		}
	  },
	  "minecraft:event_low_rewards": {
	    "add": {
	      "component_groups": [
	        "minecraft:low_rewards"
	      ]
	    },
		"remove": {
		  "component_groups": [
		    "minecraft:default"
		  ]
		}
	  },
	  "minecraft:event_med_rewards": {
	    "add": {
	      "component_groups": [
	        "minecraft:med_rewards"
	      ]
	    },
		"remove": {
		  "component_groups": [
		    "minecraft:default"
		  ]
		}
	  },
	  "minecraft:event_high_rewards": {
	    "add": {
	      "component_groups": [
	        "minecraft:high_rewards"
	      ]
	    },
		"remove": {
		  "component_groups": [
		    "minecraft:default"
		  ]
		}
	  },
	  
	  "minecraft:event_default": {
	    "add": { "component_groups": [ "minecraft:default" ] },
		"remove": {
		  "component_groups": [
		    "minecraft:bad_rewards",
		    "minecraft:low_rewards",
		    "minecraft:med_rewards",
		    "minecraft:high_rewards"
		  ]
		}
	  },
	  
	  "minecraft:event_despawn": {
	    "add": {
	      "component_groups": [
	        "minecraft:despawn"
	      ]
	    }
	  }
	}
  }
}