{
  "format_version": "1.8.0",
  "minecraft:entity": {
	"description": {
      "identifier": "raigen:item_ground_recycle_craft",
      "is_spawnable": true,
      "is_summonable": true,
      "is_experimental": false
    },
	
	"component_groups": {
	  "minecraft:default": {
	    "minecraft:variant": {
		  "value": 0
		},
		"minecraft:interact": [
		  {
		    "on_interact": {
			  "filters": {
			    "all_of": [
				  { "test": "has_equipment", "subject": "other", "domain": "hand", "value": "raigen:cinders"},
                  { "test" :  "is_family", "subject" : "other", "value" :  "player"}
				]
			  }, "event": "minecraft:event_cinders"
		    }, "use_item": true, "play_sounds": "plop", "interact_text": "action.interact.place"
		  }
		]
	  },
	  
	  "minecraft:cinders": {
	    "minecraft:transformation": {
		  "into": "raigen:place_cinders"
		}
	  },
	  
	  "minecraft:despawn": {
		"minecraft:scale": {
		  "value": 0.000000000000001
		}
	  }
	},
	
    "components": {
      "minecraft:type_family": {
        "family": [ "inanimate" ]
      },
      "minecraft:push_through": {
        "value": 1
      },
      "minecraft:collision_box": {
        "width": 0.1,
        "height": 0.1
      },
      "minecraft:knockback_resistance": {
        "value": 1.0
      },
	  "minecraft:damage_sensor": [
	    {
		  "on_damage": {
		    "filters": {
			  "all_of": [
			    {"test": "has_damage", "value": "fatal"}
			  ]
			},
			"event": "minecraft:event_despawn"
		  }
		}
	  ],
      "minecraft:health": {
        "value": 1
	  },
      "minecraft:is_stackable": {},
      "minecraft:fall_damage": {
        "value": 0.0
      },
      "minecraft:behavior.float": {
        "priority": 0
      },
	  "minecraft:physics": {
	  }
    },
	
	"events": {
	  "minecraft:entity_spawned": {
	    "add": {
		  "component_groups": [ "minecraft:default" ]
		}
	  },
	  "minecraft:event_despawn": {
	    "add": {
		  "component_groups": [ "minecraft:despawn" ]
		}
	  },
	  
	  "minecraft:event_cinders": {
	    "add": { "component_groups": [ "minecraft:cinders" ] },
	    "remove": { "component_groups": [ "minecraft:default" ] }
	  }
	}
  }
}