{
  "format_version": "1.10.0",
  "particle_effect": {
    "description": {
      "identifier": "raigen:incinerator_flames",
      "basic_render_parameters": {
        "material": "particles_alpha",
        "texture": "textures/flame_atlas"
      }
    },
    "components": {
      "minecraft:emitter_rate_instant": {
        "num_particles": 5
      },
      "minecraft:emitter_lifetime_once": {
        "active_time": 1
      },
      "minecraft:emitter_shape_point": {
        "offset": ["Math.random(-0.2, 0.2)", "Math.random(-0.2, 0.2)", "Math.random(-0.2, 0.2)"],
        "direction": ["Math.random(-0.00000001, 0.00000001)", "Math.random(-0.00000001, 0.00000001)", "Math.random(-0.00000001, 0.00000001)"]
      },
      "minecraft:particle_lifetime_expression": {
        "max_lifetime": "Math.Random(0.50, 0.75)"
      },
      "minecraft:particle_initial_speed": 10,
      "minecraft:particle_motion_dynamic": {
        "linear_drag_coefficient": 20
      },
      "minecraft:particle_appearance_billboard": {
        "size": ["variable.particle_random_1 * variable.particle_random_2 * 0.2 + 0.1", "variable.particle_random_1 * variable.particle_random_2 * 0.2 + 0.1"],
        "facing_camera_mode": "lookat_xyz",
        "uv": {
          "texture_width": 16,
          "texture_height": 512,
          "flipbook": {
            "base_UV": [0, 0],
            "size_UV": [16, 16],
            "step_UV": [0, 16],
            "frames_per_second": 32,
            "max_frame": 32,
            "loop": true
          }
        }
      },
      "minecraft:particle_appearance_tinting": {
        "color": [1, 0.66275, 0, 1]
      }
    }
  }
}