{
  "format_version": "1.10.0",
  "particle_effect": {
    "description": {
      "identifier": "raigen:incinerator_smoke",
      "basic_render_parameters": {
        "material": "particles_alpha",
        "texture": "textures/particle/particles"
      }
    },
    "components": {
      "minecraft:emitter_rate_steady": {
        "spawn_rate": 5,
        "max_particles": 100
      },
      "minecraft:emitter_lifetime_once": {
        "active_time": 1
      },
      "minecraft:emitter_shape_point": {
        "offset": ["Math.random(-0.5, 0.5)", 0, "Math.random(-0.5, 0.5)"],
        "direction": ["Math.random(-0.00000001, 0.00000001)", "Math.random(-0.00000001, 0.00000001)", "Math.random(-0.00000001, 0.00000001)"]
      },
      "minecraft:particle_lifetime_expression": {
        "max_lifetime": "Math.Random(1.0, 1.5) + 0.1"
      },
      "minecraft:particle_initial_speed": 10,
      "minecraft:particle_motion_dynamic": {
        "linear_acceleration": [0, 50, 0],
        "linear_drag_coefficient": 10.5
      },
      "minecraft:particle_appearance_billboard": {
        "size": ["variable.particle_random_1 * variable.particle_random_2 * 0.6 + 0.1", "variable.particle_random_1 * variable.particle_random_2 * 0.6 + 0.1"],
        "facing_camera_mode": "lookat_xyz",
        "uv": {
          "texture_width": 128,
          "texture_height": 128,
          "flipbook": {
            "base_UV": [32, 0],
            "size_UV": [8, 8],
            "step_UV": [8, 0],
            "frames_per_second": 8,
            "max_frame": 4,
            "stretch_to_lifetime": true
          }
        }
      },
      "minecraft:particle_appearance_tinting": {
        "color": ["Math.clamp(Math.clamp(variable.particle_random_1*0.5, 0, 1), 0, 1)", "Math.clamp(Math.clamp(variable.particle_random_1*0.5, 0, 1), 0, 1)", "Math.clamp(Math.clamp(variable.particle_random_1*0.5, 0, 1), 0, 1)", 1]
      }
    }
  }
}