{
  "format_version": "1.8.0",
  "render_controllers": {
    "controller.render.katana_stand": {
      "arrays": {
        "geometries": {
          "array.geos": [
            "geometry.b0",
            "geometry.b1",
            "geometry.b2",
            "geometry.b3",
            "geometry.b4",
            "geometry.b5",
            "geometry.b6",
            "geometry.b7",
            "geometry.b8",
            "geometry.b9",
            "geometry.b10",
            "geometry.b11",
            "geometry.b12",
            "geometry.b13",
            "geometry.b14",
            "geometry.b15",
            "geometry.b16",
            "geometry.b17"
          ]
        },
        "textures": {
          "Array.skins": [
            "Texture.b0",
            "Texture.b1",
            "Texture.b2",
            "Texture.b3",
            "Texture.b4",
            "Texture.b5",
            "Texture.b6",
            "Texture.b7",
            "Texture.b8",
            "Texture.b9",
            "Texture.b10",
            "Texture.b11",
            "Texture.b12",
            "Texture.b13",
            "Texture.b14",
            "Texture.b15",
            "Texture.b16",
            "Texture.b17"
          ]
        }
      },
      "geometry": "Array.geos[query.mark_variant]",
      "materials": [ { "*": "Material.default" } ],
      "textures": [ "Array.skins[query.mark_variant]" ]
    }
  }
}
