{
  "format_version": "1.8.0",
  "render_controllers": {
    "controller.render.player.deku": {
      "geometry": "Geometry.deku",
      "materials": [
        {
          "*": "Material.default"
        }
      ],
      "textures": [
        "Texture.deku"
      ]
    },
    "controller.render.player.sirasaya": {
      "geometry": "Geometry.sirasaya",
      "materials": [
        {
          "*": "Material.default"
        }
      ],
      "textures": [
        "Texture.sirasaya"
      ]
    },
    "controller.render.player.oodachi": {
      "geometry": "Geometry.oodachi",
      "materials": [
        {
          "*": "Material.default"
        }
      ],
      "textures": [
        "Texture.oodachi"
      ]
    },
    "controller.render.player.tukumo": {
      "geometry": "Geometry.tukumo",
      "materials": [
        {
          "*": "Material.default"
        }
      ],
      "textures": [
        "Texture.tukumo"
      ]
    },
    "controller.render.player.sabi": {
      "geometry": "Geometry.sabi",
      "materials": [
        {
          "*": "Material.default"
        }
      ],
      "textures": [
        "Texture.sabi"
      ]
    },
    "controller.render.player.white_fox": {
      "geometry": "Geometry.white_fox",
      "materials": [
        {
          "*": "Material.default"
        }
      ],
      "textures": [
        "Texture.white_fox"
      ]
    },
    "controller.render.player.black_fox": {
      "geometry": "Geometry.black_fox",
      "materials": [
        {
          "*": "Material.default"
        }
      ],
      "textures": [
        "Texture.black_fox"
      ]
    },
    "controller.render.player.yuusya": {
      "geometry": "Geometry.yuusya",
      "materials": [
        {
          "*": "Material.default"
        }
      ],
      "textures": [
        "Texture.yuusya"
      ]
    },
    "controller.render.player.yamato": {
      "geometry": "Geometry.yamato",
      "materials": [
        {
          "*": "Material.default"
        }
      ],
      "textures": [
        "Texture.yamato"
      ]
    },
    "controller.render.player.sange": {
      "geometry": "Geometry.sange",
      "materials": [
        {
          "*": "Material.default"
        }
      ],
      "textures": [
        "Texture.sange"
      ]
    },
    "controller.render.player.icekatana": {
      "geometry": "Geometry.icekatana",
      "materials": [
        {
          "*": "Material.default"
        }
      ],
      "textures": [
        "Texture.icekatana"
      ]
    },
    "controller.render.player.doudanuki": {
      "geometry": "Geometry.doudanuki",
      "materials": [
        {
          "*": "Material.default"
        }
      ],
      "textures": [
        "Texture.doudanuki"
      ]
    },
    "controller.render.player.noname": {
      "geometry": "Geometry.noname",
      "materials": [
        {
          "*": "Material.default"
        }
      ],
      "textures": [
        "Texture.noname"
      ]
    },
    "controller.render.player.keikoutou": {
      "geometry": "Geometry.keikoutou",
      "materials": [
        {
          "*": "Material.default"
        }
      ],
      "textures": [
        "Texture.keikoutou"
      ]
    },
    "controller.render.player.sakana": {
      "geometry": "Geometry.sakana",
      "materials": [
        {
          "*": "Material.default"
        }
      ],
      "textures": [
        "Texture.sakana"
      ]
    },
    "controller.render.player.bera": {
      "geometry": "Geometry.bera",
      "materials": [
        {
          "*": "Material.default"
        }
      ],
      "textures": [
        "Texture.bera"
      ]
    },
    "controller.render.player.terrablade": {
      "geometry": "Geometry.terrablade",
      "materials": [
        {
          "*": "Material.default"
        }
      ],
      "textures": [
        "Texture.terrablade"
      ]
    }
  }
}
