{
  "format_version": "1.10.0",
  "animation_controllers": {
    "controller.animation.player.sange": {
      "states": {
        "default": {
          "transitions": [
            {
              "sange_attack": "variable.attack_time && variable.sange && !variable.is_first_person"
            }
          ]
        },
        "sange_attack": {
          "animations": [
            {
              "sange_attack": "query.get_equipped_item_name == 'b10'"
            }
          ],
          "transitions": [
            {
              "default": "query.any_animation_finished && !variable.deku && !variable.sirasaya && !variable.oodachi && !variable.tukumo && !variable.sabi && !variable.white_fox && !variable.black_fox && !variable.yuusya && !variable.yamato && !variable.icekatana && !variable.doudanuki && !variable.noname && !variable.keikoutou && !variable.sakana && !variable.bera && !variable.terrablade"
            }
          ]
        }
      }
    }
  }
}
