{
  "entity_sounds": {
    "entities": {
          "tunekeshi:tp": {
        "volume": 0.0,
        "pitch": [ 0.8, 1.2 ],
        "events": {
          "ambient": " ",
          "hurt": " ",
          "death": " ",
          "shoot": " "
        }
      },
          "tunekeshi:battou_3": {
        "volume": 0.0,
        "pitch": [ 0.8, 1.2 ],
        "events": {
          "ambient": " ",
          "hurt": " ",
          "death": " ",
          "shoot": " "
        }
      },
          "tunekeshi:battou_2": {
        "volume": 0.0,
        "pitch": [ 0.8, 1.2 ],
        "events": {
          "ambient": " ",
          "hurt": " ",
          "death": " ",
          "shoot": " "
        }
      },
          "tunekeshi:battou_1": {
        "volume": 0.0,
        "pitch": [ 0.8, 1.2 ],
        "events": {
          "ambient": " ",
          "hurt": " ",
          "death": " ",
          "shoot": " "
        }
      },
          "tunekeshi:battou": {
        "volume": 0.0,
        "pitch": [ 0.8, 1.2 ],
        "events": {
          "ambient": " ",
          "hurt": " ",
          "death": " ",
          "shoot": " "
        }
      }
    }
  }
}
