{
  "format_version": "1.10.0",
  "animation_controllers": {
    "controller.animation.player.deku_aaa": {
      "states": {
        "default": {
          "transitions": [
            {
              "deku_hand": "variable.is_first_person"
            }
          ]
        },
        "deku_hand": {
          "animations": [
            {
              "deku_hand": "query.get_equipped_item_name == 'b1' || query.get_equipped_item_name == 'b2'||query.get_equipped_item_name == 'b3' || query.get_equipped_item_name == 'b4' || query.get_equipped_item_name == 'b5' || query.get_equipped_item_name == 'b6' || query.get_equipped_item_name == 'b7' || query.get_equipped_item_name == 'b8' || query.get_equipped_item_name == 'b9' || query.get_equipped_item_name == 'b10' || query.get_equipped_item_name == 'b11' || query.get_equipped_item_name == 'b12' || query.get_equipped_item_name == 'b13' ||
query.get_equipped_item_name == 'b14' ||
query.get_equipped_item_name == 'b15' ||
query.get_equipped_item_name == 'b16' ||
query.get_equipped_item_name == 'b17'"
            }
          ],
          "transitions": [
            {
              "default": "!variable.is_first_person"
            }
          ]
        }
      }
    }
  }
}
