{
  "format_version": "1.12",
  "minecraft:recipe_shaped": {
    "description": {
    "identifier": "tunekeshi:b2"
    },   
    "tags": [ "crafting_table" ],
    "pattern": [
      "XXA",
      "XAX",
      "BCX"
    ],
    "key": {
      "A": {
        "item": "tunekeshi:s3"
      },
      "B": {
        "item": "tunekeshi:b1"         
      },
      "C": {
        "item": "minecraft:gold_ingot"         
      }
    },
    "result": {
      "item": "tunekeshi:b2"
    }
  }
}
