{
  "format_version": "1.12",
  "minecraft:recipe_shaped": {
    "description": {
    "identifier": "tunekeshi:b3"
    },   
    "tags": [ "crafting_table" ],
    "pattern": [
      "XAB",
      "CDE",
      "FGX"
    ],
    "key": {
      "A": {
        "item": "minecraft:blaze_rod"
      },
      "B": {
        "item": "tunekeshi:s4"         
      },
      "C": {
        "item": "minecraft:lapis_block"         
      },
      "D": {
        "item": "tunekeshi:b2"
      },
      "E": {
        "item": "minecraft:coal_block"         
      },
      "F": {
        "item": "minecraft:string"         
      },
      "G": {
        "item": "minecraft:gold_ingot"         
      }
    },
    "result": {
      "item": "tunekeshi:b3"
    }
  }
}
