{
  "format_version": "1.12",
  "minecraft:recipe_shaped": {
    "description": {
    "identifier": "tunekeshi:b4"
    },   
    "tags": [ "crafting_table" ],
    "pattern": [
      "ABC",
      "DEF",
      "GBH"
    ],
    "key": {
      "A": {
        "item": "minecraft:emerald_block"
      },
      "B": {
        "item": "tunekeshi:s4"         
      },
      "C": {
        "item": "minecraft:diamond_block"         
      },
      "D": {
        "item": "minecraft:redstone_block"
      },
      "E": {
        "item": "tunekeshi:b3"         
      },
      "F": {
        "item": "minecraft:lapis_block"         
      },
      "G": {
        "item": "minecraft:iron_block"         
      },
      "H": {
        "item": "minecraft:gold_block"         
      }
    },
    "result": {
      "item": "tunekeshi:b4"
    }
  }
}
