{
  "format_version": [   1,  1, 0 ],
  "raigen:cinder_block": {
    "textures": "cinder_block",
    "sound": "stone"
  },
  "raigen:cinder_block_polished": {
    "textures": "cinder_block_polished",
    "sound": "stone"
  },
  "raigen:cinder_block_bricks": {
    "textures": "cinder_block_bricks",
    "sound": "stone"
  },
  "raigen:cinder_block_bricks_cracked": {
    "textures": "cinder_block_bricks_cracked",
    "sound": "stone"
  },
  "raigen:cinder_block_bricks_mossy": {
    "textures": "cinder_block_bricks_mossy",
    "sound": "stone"
  }
}