{
   "resource_pack_name": "vanilla",
   "texture_data": {
      "blackstone_axe": {
         "textures": "textures/items/blackstone_axe"
      },
      "blackstone_hoe": {
         "textures": "textures/items/blackstone_hoe"
      },
      "blackstone_pickaxe": {
         "textures": "textures/items/blackstone_pickaxe"
      },
      "blackstone_shovel": {
         "textures": "textures/items/blackstone_shovel"
      },
      "blackstone_sword": {
         "textures": "textures/items/blackstone_sword"
      },
      "crimson_axe": {
         "textures": "textures/items/crimson_axe"
      },
      "crimson_hoe": {
         "textures": "textures/items/crimson_hoe"
      },
      "crimson_pickaxe": {
         "textures": "textures/items/crimson_pickaxe"
      },
      "crimson_shovel": {
         "textures": "textures/items/crimson_shovel"
      },
      "crimson_sword": {
         "textures": "textures/items/crimson_sword"
      },
      "warped_axe": {
         "textures": "textures/items/warped_axe"
      },
      "warped_hoe": {
         "textures": "textures/items/warped_hoe"
      },
      "warped_pickaxe": {
         "textures": "textures/items/warped_pickaxe"
      },
      "warped_shovel": {
         "textures": "textures/items/warped_shovel"
      },
      "warped_sword": {
         "textures": "textures/items/warped_sword"
      }
   },
   "texture_name": "atlas.items"
}