{
  "format_version": "1.12",
  "minecraft:recipe_shapeless": {
    "description": {
    "identifier": "tool:iron_aiot"
    },

    
    "tags": [ "crafting_table" ],
    "ingredients": [
      {
        "item" : "minecraft:iron_shovel"
      },
      {
        "item": "minecraft:iron_pickaxe"
      },
      {
        "item": "minecraft:iron_axe"
      },
      {
        "item": "minecraft:iron_sword"
      },
      {
        "item": "minecraft:iron_hoe"
      }
    ],
    "result": {
      "item": "tool:iron_aiot"
    }
  }
}
