{
  "format_version": "1.12",
  "minecraft:recipe_shapeless": {
    "description": {
    "identifier": "tool:stone_aiot"
    },

    
    "tags": [ "crafting_table" ],
    "ingredients": [
      {
        "item" : "minecraft:stone_shovel"
      },
      {
        "item": "minecraft:stone_pickaxe"
      },
      {
        "item": "minecraft:stone_axe"
      },
      {
        "item": "minecraft:stone_sword"
      },
      {
        "item": "minecraft:stone_hoe"
      }
    ],
    "result": {
      "item": "tool:stone_aiot"
    }
  }
}
