{
  "format_version": "1.12",
  "minecraft:recipe_shapeless": {
    "description": {
    "identifier": "tool:wooden_aiot"
    },

    
    "tags": [ "crafting_table" ],
    "ingredients": [
      {
        "item" : "minecraft:wooden_shovel"
      },
      {
        "item": "minecraft:wooden_pickaxe"
      },
      {
        "item": "minecraft:wooden_axe"
      },
      {
        "item": "minecraft:wooden_sword"
      },
      {
        "item": "minecraft:wooden_hoe"
      }
    ],
    "result": {
      "item": "tool:wooden_aiot"
    }
  }
}
