{
  "format_version": "1.13.0",
  "minecraft:biome": {
    "description": {
      "identifier": "sakura_biome"
    },
    "components": {
      "minecraft:climate": {
        "downfall": 0.4,
        "snow_accumulation": [
          0,
          0.125
        ],
        "temperature": 0.8
      },
      "minecraft:overworld_height": {
        "noise_type": "mountains"
      },
      "minecraft:surface_parameters": {
        "sea_floor_depth": 7,
        "sea_floor_material": "minecraft:gravel",
        "foundation_material": "minecraft:stone",
        "mid_material": "minecraft:dirt",
        "top_material": "minecraft:grass",
        "sea_material": "minecraft:water"
      },
      "minecraft:surface_material_adjustments": {
        "adjustments": [
          {
            "materials": {
              "mid_material": "minecraft:gravel",
              "top_material": "minecraft:stone"
            },
            "noise_range": [
              -0.1,
              0.1
            ]
          }
        ]
      },
      "minecraft:overworld_generation_rules": {
        "generate_for_climates": [
          [
            "medium",
            3
          ],
          [
            "warm",
            1
          ],
          [
            "cold",
            1
          ]
        ]
      },
      "animal": {
      },
      "monster": {
      },
      "sakura_biome": {
      },
      "overworld": {
      },
      "plains": {
      },
      "bee_habitat": {
      }
    }
  }
}
