{
    "format_version": "1.16.0",
    "minecraft:block": {
        "description": {
            "identifier": "tunekeshi:katana_crafting_table",
            "properties": {
                "tunekeshi:face": [ 1, 2, 3, 4, 5, 6 ]
            }
        },
        "components": {
            "minecraft:material_instances": {
                "*": {
                    "texture": "katana_crafting_table",
                    "render_method": "blend"
                }
            },
            "tag:wood": {},
            "minecraft:pick_collision": {
                "origin": [ -8, 0, -8 ],
                "size": [ 16, 16, 16 ]
            },
            "minecraft:loot": "loot_tables/blocks/katana_crafting_table.json",
            "minecraft:geometry": "geometry.katana_crafting_table",
            "minecraft:crafting_table": {
                "grid_size": 3,
                "custom_description": "刀専用作業台",
                "crafting_tags": [
                    "katana_crafting_table"
                ]
            },
            "minecraft:destroy_time": 3.0,
            "minecraft:on_player_placing": {
                "event": "tunekeshi:place"
            },
            "minecraft:flammable": {
                "flame_odds": 0,
                "burn_odds": 0
            },
            "minecraft:block_light_emission": 1.0
        },
        "events": {
            "tunekeshi:place": {
                "set_block_property": {
                    "tunekeshi:face": "(query.cardinal_player_facing)"
                }
            }
        },
        "permutations": [
            {
                "condition": "query.block_property('tunekeshi:face') == 2",
                "components": {
                    "minecraft:block_light_emission": 1.0
                }
            },
            {
                "condition": "query.block_property('tunekeshi:face') == 3",
                "components": {
                    "minecraft:rotation": [ 0, 180, 0 ]
                }
            },
            {
                "condition": "query.block_property('tunekeshi:face') == 4",
                "components": {
                    "minecraft:rotation": [ 0, 90, 0 ]
                }
            },
            {
                "condition": "query.block_property('tunekeshi:face') == 5",
                "components": {
                    "minecraft:rotation": [ 0, 270, 0 ]
                }
            }
        ]
    }
}
