{
  "format_version": "1.16.0",
  "minecraft:block": {
    "description": {
      "identifier": "tunekeshi:sakura"
    },
    "components": {
      "minecraft:material_instances": {
        "*": {
          "texture": "sakura",
          "render_method": "blend"
        }
      },
      "minecraft:pick_collision": true,
      "minecraft:entity_collision": true,
      "minecraft:loot": "loot_tables/blocks/sakura.json",
      "minecraft:destroy_time": 0.1,
      "minecraft:block_light_absorption": 16,
      "minecraft:block_light_emission": 1,
      "minecraft:flammable": {
        "flame_odds": 1,
        "burn_odds": 1
      }
    }
  }
}













