{
  "format_version": "1.16.0",
  "minecraft:block": {
    "description": {
      "identifier": "tunekeshi:sakura_wood"
    },
    "components": {
      "tag:wood": {},
      "minecraft:loot": "loot_tables/blocks/sakura_wood.json",
      "minecraft:unit_cube": {
      },
      "minecraft:material_instances": {
        "*": {
          "texture": "sakura_wood",
          "render_method": "opaque"
        }
      },
      "minecraft:destroy_time": 1,
      "minecraft:explosion_resistance": 3,
      "minecraft:friction": 0.6,
      "minecraft:block_light_absorption": 0,
      "minecraft:block_light_emission": 1
    }
  }
}
