{
  "format_version": "1.16.100",
  "minecraft:block": {
    "description": {
      "identifier": "tunekeshi:sakura_log",
      "properties": {
        "tunekeshi:block_axis": ["y", "x", "z"]
      }
    },
    "components": {
      "tag:log": {},
      "minecraft:loot": "loot_tables/blocks/sakura_log.json",
      "minecraft:destroy_time": 1,
      "minecraft:explosion_resistance": 2,
      "minecraft:friction": 0.6,
      "minecraft:block_light_absorption": 0,
      "minecraft:block_light_emission": 1,
      "minecraft:unit_cube": {},
      "minecraft:material_instances": {
        "*": {
          "texture": "sakura_log",
          "render_method": "opaque"
        },
        "up": {
          "texture": "sakura_log_top",
          "render_method": "opaque"
        },
        "down": "up"
      },
      "minecraft:on_player_placing": {
        "event": "tunekeshi:block_placed"
      },
      "minecraft:entity_collision": true,
      "minecraft:pick_collision": true
    },
    "events": {
      "tunekeshi:block_placed": {
        "set_block_property": {
          "tunekeshi:block_axis": "((query.cardinal_block_face_placed_on == 2.0 || query.cardinal_block_face_placed_on == 3.0) ? 'z' : ((query.cardinal_block_face_placed_on == 4.0 || query.cardinal_block_face_placed_on == 5.0) ? 'x' : 'y'))"
        }
      }
    },
    "permutations": [
      {
        "condition": "query.block_property('tunekeshi:block_axis') == 'x'",
        "components": {
          "minecraft:rotation": [0, 0, -90]
        }
      },
      {
        "condition": "query.block_property('tunekeshi:block_axis') == 'y'",
        "components": {
          "minecraft:rotation": [0, 0, 0]
        }
      },
      {
        "condition": "query.block_property('tunekeshi:block_axis') == 'z'",
        "components": {
          "minecraft:rotation": [90, 0, 0]
        }
      }
    ]
  }
}
