{
  "format_version": "1.10.0",
  "minecraft:client_entity": {
    "description": {
      "identifier": "raigen:incinerator",
      "materials": {
	    "default": "translucence"
	  },
	  "textures": {
	    "default": "textures/recycle_craft/incinerator"
	  },
	  "spawn_egg": {
	    "texture": "recycle_craft",
		"texture_index": 1
	  },
      "geometry": {
        "default": "geometry.incinerator"
      },
      "render_controllers": [ "controller.render.translucence" ]
    }
  }
}