{
  "minecraft:entity": {
    "format_version": "1.1.0",
    "component_groups": {
//Estereo
      "minecraft:shulker_cyan": {
        "minecraft:variant": {
          "value": 6
        },
        "minecraft:interact": [
          {
            "on_interact": {
              "filters": { 
                "all_of": [
                  { "test": "is_family", "subject" : "other", "value" :  "player"},
                  { "test": "has_equipment", "domain": "hand", "subject": "other", "value": "iron_nugget"}
                ] 
              }
            },
            "use_item": false,
            "play_sounds": "record.mall",
            "interact_text": "Play"
          },
          {
            "on_interact": {
              "filters": { 
                "all_of": [
                  { "test": "is_family", "subject" : "other", "value" :  "player"},
                  { "test": "has_equipment", "domain": "hand", "subject": "other", "value": "record_11"}
                ] 
              }
            },
            "use_item": false,
            "play_sounds": "record.11",
            "interact_text": "Play"
          },
          {
            "on_interact": {
              "filters": { 
                "all_of": [
                  { "test": "is_family", "subject" : "other", "value" :  "player"},
                  { "test": "has_equipment", "domain": "hand", "subject": "other", "value": "record_13"}
                ] 
              }
            },
            "use_item": false,
            "play_sounds": "record.13",
            "interact_text": "Play"
          },
          {
            "on_interact": {
              "filters": { 
                "all_of": [
                  { "test": "is_family", "subject" : "other", "value" :  "player"},
                  { "test": "has_equipment", "domain": "hand", "subject": "other", "value": "record_blocks"}
                ] 
              }
            },
            "use_item": false,
            "play_sounds": "record.blocks",
            "interact_text": "Play"
          },
          {
            "on_interact": {
              "filters": { 
                "all_of": [
                  { "test": "is_family", "subject" : "other", "value" :  "player"},
                  { "test": "has_equipment", "domain": "hand", "subject": "other", "value": "record_cat"}
                ] 
              }
            },
            "use_item": false,
            "play_sounds": "record.cat",
            "interact_text": "Play"
          },
          {
            "on_interact": {
              "filters": { 
                "all_of": [
                  { "test": "is_family", "subject" : "other", "value" :  "player"},
                  { "test": "has_equipment", "domain": "hand", "subject": "other", "value": "record_chirp"}
                ] 
              }
            },
            "use_item": false,
            "play_sounds": "record.chirp",
            "interact_text": "Play"
          },
          {
            "on_interact": {
              "filters": { 
                "all_of": [
                  { "test": "is_family", "subject" : "other", "value" :  "player"},
                  { "test": "has_equipment", "domain": "hand", "subject": "other", "value": "record_far"}
                ] 
              }
            },
            "use_item": false,
            "play_sounds": "record.far",
            "interact_text": "Play"
          }
        ]
      },
//Agua
      "minecraft:shulker_magenta": {
        "minecraft:variant": {
          "value": 13
        },
        "minecraft:interact": [
          {
            "on_interact": {
              "filters": { 
                "all_of": [
                  { "test": "is_family", "subject" : "other", "value" :  "player"},
                  { "test": "has_equipment", "domain": "hand", "subject": "other", "value": "bucket:0"}
                ] 
              }
            },
            "use_item": true,
            "transform_to_item": "bucket:8",
            "play_sounds": "milk",
            "interact_text": "Collect"
          },
          {
            "on_interact": {
              "filters": { 
                "all_of": [
                  { "test": "is_family", "subject" : "other", "value" :  "player"},
                  { "test": "has_equipment", "domain": "hand", "subject": "other", "value": "glass_bottle"}
                ] 
              }
            },
            "use_item": true,
            "transform_to_item": "potion",
            "play_sounds": "milk",
            "interact_text": "Collect"
          }
        ]
      },
//Pc
      "minecraft:shulker_lime": {
        "minecraft:variant": {
          "value": 10
        },
      "minecraft:interact": [
          {
            "use_item": true,
            "spawn_items":{ "table": "loot_tables/entities/emerald_d.json" },
            "interact_text": "Trading",
            "on_interact": {
              "filters": {
                "other_with_item": "diamond",
                "other_with_families": "player"
              }
            }
          },
          {
            "use_item": true,
            "spawn_items":{ "table": "loot_tables/entities/emerald_g.json" },
            "interact_text": "Trading",
            "on_interact": {
              "filters": {
                "other_with_item": "gold_ingot",
                "other_with_families": "player"
              }
            }
          },
          {
            "use_item": true,
            "spawn_items":{ "table": "loot_tables/entities/emerald_i.json" },
            "interact_text": "Trading",
            "on_interact": {
              "filters": {
                "other_with_item": "iron_ingot",
                "other_with_families": "player"
              }
            }
          }
        ]
      },
//Forja
      "minecraft:shulker_purple": {
        "minecraft:variant": {
          "value": 5
                },
      "minecraft:interact": [
          {
            "use_item": true,
            "spawn_items":{ "table": "loot_tables/entities/forge.json" },
            "interact_text": "Forge",
            "on_interact": {
              "filters": {
                "other_with_item": "coal:0",
                "other_with_families": "player"
              }
            }
          },
        {
          "on_interact": {
            "filters": {
              "other_with_item": "dye:13",
              "other_with_families": "player"
            },
            "event": "minecraft:turn_magenta"
          },
          "interact_text": "Update",
          "use_item": "false"
        },
        {
          "on_interact": {
            "filters": {
              "other_with_item": "dye:6",
              "other_with_families": "player"
            },
            "event": "minecraft:turn_cyan"
          },
          "interact_text": "Update",
          "use_item": "false"
        },
        {
          "on_interact": {
            "filters": {
              "other_with_item": "dye:10",
              "other_with_families": "player"
            },
            "event": "minecraft:turn_lime"
          },
          "interact_text": "Update",
          "use_item": "false"
        },
        {
          "on_interact": {
            "filters": {
              "other_with_item": "dye:0",
              "other_with_families": "player"
            },
            "event": "minecraft:turn_black"
          },
          "interact_text": "Update",
          "use_item": "false"
        },
        {
          "on_interact": {
            "filters": {
              "other_with_item": "dye:8",
              "other_with_families": "player"
            },
            "event": "minecraft:turn_gray"
          },
          "interact_text": "Update",
          "use_item": "false"
        },
        {
          "on_interact": {
            "filters": {
              "other_with_item": "dye:7",
              "other_with_families": "player"
            },
            "event": "minecraft:turn_silver"
          },
          "interact_text": "Update",
          "use_item": "false"
        },
        {
          "on_interact": {
            "filters": {
              "other_with_item": "dye:15",
              "other_with_families": "player"
            },
            "event": "minecraft:turn_white"
          },
          "interact_text": "Update",
          "use_item": "false"
        },
        {
          "on_interact": {
            "filters": {
              "other_with_item": "dye:12",
              "other_with_families": "player"
            },
            "event": "minecraft:turn_light_blue"
          },
          "interact_text": "Update",
          "use_item": "false"
        },
        {
          "on_interact": {
            "filters": {
              "other_with_item": "dye:1",
              "other_with_families": "player"
            },
            "event": "minecraft:turn_red"
          },
          "interact_text": "Update",
          "use_item": "false"
        },
        {
          "on_interact": {
            "filters": {
              "other_with_item": "dye:4",
              "other_with_families": "player"
            },
            "event": "minecraft:turn_blue"
          },
          "interact_text": "Update",
          "use_item": "false"
        },
        {
          "on_interact": {
            "filters": {
              "other_with_item": "dye:9",
              "other_with_families": "player"
            },
            "event": "minecraft:turn_pink"
          },
          "interact_text": "Update",
          "use_item": "false"
        },
        {
          "on_interact": {
            "filters": {
              "other_with_item": "dye:3",
              "other_with_families": "player"
            },
            "event": "minecraft:turn_brown"
          },
          "interact_text": "Update",
          "use_item": "false"
        }
      ]
    },
//Bote Basura 
      "minecraft:shulker_black": {
        "minecraft:variant": {
          "value": 0
        },
      "minecraft:interact": [
        {
          "on_interact": {
            "filters": {
              "other_with_families": "player"
            }
          },
          "interact_text": "Delete",
          "use_item": "true"
        }
      ]
    },
//Mesa Azul
      "minecraft:shulker_blue": {
        "minecraft:variant": {
          "value": 4
        },
      "minecraft:interact": [ ]
      },
//Mesa Negra
      "minecraft:shulker_brown": {
        "minecraft:variant": {
          "value": 3
        },
      "minecraft:interact": [ ]
      },
//Refrigerator
      "minecraft:shulker_gray": {
        "minecraft:variant": {
          "value": 8
        },
      "minecraft:inventory": {
        "container_type": "minecart_chest",
        "inventory_size": 27,
        "can_be_siphoned_from": true
        },
      "minecraft:interact": [ ]
      },
//Silla Azul
      "minecraft:shulker_light_blue": {
        "minecraft:variant": {
          "value": 12
        },
		"minecraft:rideable": {
          "seat_count": 1,
          "interact_text": "action.interact.mount",
		  "family_types": [
            "player"
          ],
          "seats": {
            "position": [0.0, 0.6, 0.0]
          }        
        },
      "minecraft:interact": [ ]
      },
//Silla Roja
      "minecraft:shulker_pink": {
        "minecraft:variant": {
          "value": 9
        },
		"minecraft:rideable": {
          "seat_count": 1,
          "interact_text": "action.interact.mount",
		  "family_types": [
            "player"
          ],
          "seats": {
            "position": [0.0, 0.6, 0.0]
          }        
        },
      "minecraft:interact": [ ]
      },
//Meza Roja
      "minecraft:shulker_red": {
        "minecraft:variant": {
          "value": 1
        },
      "minecraft:interact": [ ]
      },
//Cosina
      "minecraft:shulker_silver": {
        "minecraft:variant": {
          "value": 7
        },
      "minecraft:interact": [
         {
            "use_item": true,
            "spawn_items":{ "table": "loot_tables/entities/chicken.json" },
            "interact_text": "Cook",
            "on_interact": {
              "filters": {
                "other_with_item": "chicken",
                "other_with_families": "player"
              }
            }
          },
          {
            "use_item": true,
            "spawn_items":{ "table": "loot_tables/entities/beef.json" },
            "interact_text": "Cook",
            "on_interact": {
              "filters": {
                "other_with_item": "beef",
                "other_with_families": "player"
              }
            }
          },
          {
            "use_item": true,
            "spawn_items":{ "table": "loot_tables/entities/porkchop.json" },
            "interact_text": "Cook",
            "on_interact": {
              "filters": {
                "other_with_item": "porkchop",
                "other_with_families": "player"
              }
            }
          },
          {
            "use_item": true,
            "spawn_items":{ "table": "loot_tables/entities/rabbit.json" },
            "interact_text": "Cook",
            "on_interact": {
              "filters": {
                "other_with_item": "rabbit",
                "other_with_families": "player"
              }
            }
          }
        ]
      },
//Silla Gris
      "minecraft:shulker_white": {
        "minecraft:variant": {
          "value": 15
        },
		"minecraft:rideable": {
          "seat_count": 1,
          "interact_text": "action.interact.mount",
		  "family_types": [
            "player"
          ],
          "seats": {
            "position": [0.0, 0.6, 0.0]
          }        
        },
      "minecraft:interact": [ ]
      }
    },

    "components": {
      "minecraft:identifier": {
        "id": "minecraft:shulker"
      },
      "minecraft:type_family": {
        "family": [ "Toll" ]
      },
      "minecraft:breathable": {
        "totalSupply": 15,
        "suffocateTime": 0
      },
      "minecraft:nameable": {
      },
      "minecraft:health": {
        "value": 10,
        "max": 10
      },
      "minecraft:fire_immune": true,
      "minecraft:movement": {
        "value": 0.0,
        "max": 0.0
      },
      "minecraft:loot": {
        "table": "loot_tables/entities/shulker.json"
      },
      "minecraft:behavior.look_at_player": {
        "priority": 1,
        "look_distance": 6.0,
        "probability": 0.02
      },
      "minecraft:behavior.random_look_around": {
        "priority": 8
      },
      "minecraft:behavior.hurt_by_target": {
        "priority": 2
      },
      "minecraft:navigation.walk": {
      },
      "minecraft:movement.basic": {
      }
    },

    "events": {
      "minecraft:entity_spawned": {
        "add": {
          "component_groups": [
            "minecraft:shulker_purple"
          ]
        }
      },
      "minecraft:turn_purple": {
        "add": {
          "component_groups": [
            "minecraft:shulker_purple"
          ]
        }
      },
      "minecraft:turn_lime": {
        "add": {
          "component_groups": [
            "minecraft:shulker_lime"
          ]
        }
      },
      "minecraft:turn_black": {
        "add": {
          "component_groups": [
            "minecraft:shulker_black"
          ]
        }
      },
      "minecraft:turn_blue": {
        "add": {
          "component_groups": [
            "minecraft:shulker_blue"
          ]
        }
      },
      "minecraft:turn_brown": {
        "add": {
          "component_groups": [
            "minecraft:shulker_brown"
          ]
        }
      },
      "minecraft:turn_cyan": {
        "add": {
          "component_groups": [
            "minecraft:shulker_cyan"
          ]
        }
      },
      "minecraft:turn_gray": {
        "add": {
          "component_groups": [
            "minecraft:shulker_gray"
          ]
        }
      },
      "minecraft:turn_green": {
        "add": {
          "component_groups": [
            "minecraft:shulker_green"
          ]
        }
      },
      "minecraft:turn_light_blue": {
        "add": {
          "component_groups": [
            "minecraft:shulker_light_blue"
          ]
        }
      },
      "minecraft:turn_lime": {
        "add": {
          "component_groups": [
            "minecraft:shulker_lime"
          ]
        }
      },
      "minecraft:turn_magenta": {
        "add": {
          "component_groups": [
            "minecraft:shulker_magenta"
          ]
        }
      },
      "minecraft:turn_orange": {
        "add": {
          "component_groups": [
            "minecraft:shulker_orange"
          ]
        }
      },
      "minecraft:turn_pink": {
        "add": {
          "component_groups": [
            "minecraft:shulker_pink"
          ]
        }
      },
      "minecraft:turn_red": {
        "add": {
          "component_groups": [
            "minecraft:shulker_red"
          ]
        }
      },
      "minecraft:turn_silver": {
        "add": {
          "component_groups": [
            "minecraft:shulker_silver"
          ]
        }
      },
      "minecraft:turn_white": {
        "add": {
          "component_groups": [
            "minecraft:shulker_white"
          ]
        }
      },
      "minecraft:turn_yellow": {
        "add": {
          "component_groups": [
            "minecraft:shulker_yellow"
          ]
        }
      }
    }
  }
}
