{
	"format_version": "1.16.100",
	"minecraft:item": {
		"description": {
			"identifier": "toolvariants:blackstone_axe",
			"category": "equipment"
		},
		"components": {
			"minecraft:creative_category": {
				"parent": "itemGroup.name.axe"
			},
			"minecraft:max_stack_size": 1,
			"minecraft:hand_equipped": true,
			"minecraft:damageable": {
				"max_damage": 131,
				"repair_items": [
					"minecraft:blackstone",
					"toolvariants:blackstone_axe"
				]
			},
			"minecraft:mining_speed": 1,
			"minecraft:damage": 3,
			"minecraft:enchantable": {
				"value": 5,
				"slot": "axe"
			},
			"minecraft:digger": {
				"use_efficiency": true,
				"destroy_speeds": [
					{
						"block": "minecraft:chest",
						"speed": 4
					},
					{
						"block": "minecraft:log",
						"speed": 4
					},
					{
						"block": "minecraft:log2",
						"speed": 4
					},
					{
						"block": "minecraft:wood",
						"speed": 4
					},
					{
						"block": "minecraft:crafting_table",
						"speed": 4
					},
					{
						"block": "minecraft:wooden_slab",
						"speed": 4
					},
					{
						"block": "minecraft:planks",
						"speed": 4
					},
					{
						"block": "minecraft:melon_block",
						"speed": 4
					}
				]
			},
			"minecraft:weapon": {}
		}
	}
}