{
	"format_version": "1.16.100",
	"minecraft:item": {
		"description": {
			"identifier": "toolvariants:blackstone_shovel",
			"category": "equipment"
		},
		"components": {
			"minecraft:creative_category": {
				"parent": "itemGroup.name.shovel"
			},
			"minecraft:max_stack_size": 1,
			"minecraft:hand_equipped": true,
			"minecraft:damageable": {
				"max_damage": 131,
				"repair_items": [
					"minecraft:blackstone",
					"toolvariants:blackstone_shovel"
				]
			},
			"minecraft:mining_speed": 1,
			"minecraft:damage": 1,
			"minecraft:enchantable": {
				"value": 5,
				"slot": "shovel"
			},
			"minecraft:digger": {
				"use_efficiency": true,
				"destroy_speeds": [
					{
						"block": "minecraft:dirt",
						"speed": 4
					},
					{
						"block": "minecraft:grass",
						"speed": 4
					},
					{
						"block": "minecraft:sand",
						"speed": 4
					},
					{
						"block": "minecraft:gravel",
						"speed": 4
					}
				]
			},
			"minecraft:weapon": {}
		}
	}
}