{
  "format_version": "1.16.100",
  "minecraft:item": {
    "description": {
      "identifier": "toolvariants:blackstone_hoe",
      "category": "equipment"
    },
    "components": {
			"minecraft:creative_category": {
				"parent": "itemGroup.name.hoe"
			},
      "minecraft:max_stack_size": 1,
      "minecraft:hand_equipped": true,
      "minecraft:damageable": {
        "max_damage": 131
      },
      "minecraft:mining_speed": 4,
      "minecraft:damage": 0,
      "minecraft:enchantable": {
        "value": 5,
        "slot": "hoe"
      },
      "minecraft:use_on": {
        "blocks": [
          "grass",
          "dirt",
          "grass_path"
        ]
      },
      "minecraft:weapon": {}
    }
  }
}