{
	"format_version": "1.16.100",
	"minecraft:item": {
		"description": {
			"category": "equipment",
			"identifier": "toolvariants:crimson_sword"
		},
		"components": {
			"minecraft:creative_category": {
				"parent": "itemGroup.name.sword"
			},
			"minecraft:max_stack_size": 1,
			"minecraft:use_duration": 3600,
			"minecraft:hand_equipped": true,
			"minecraft:damageable": {
				"max_damage": 131,
				"repair_items": [
					"toolvariants:crimson_sword",
					"minecraft:crimson_planks"
				]
			},
			"minecraft:mining_speed": 1.5,
			"minecraft:damage": 4,
			"minecraft:enchantable": {
				"value": 15,
				"slot": "sword"
			},
			"minecraft:can_destroy_in_creative": false,
			"minecraft:digger": {
				"use_efficiency": true,
				"destroy_speeds": [
					{
						"block": "minecraft:web",
						"speed": 15
					},
					{
						"block": "minecraft:bamboo",
						"speed": 10
					}
				]
			},
			"minecraft:weapon": {}
		}
	}
}