{
	"format_version": "1.16.100",
	"minecraft:item": {
		"description": {
			"identifier": "toolvariants:warped_pickaxe",
			"category": "equipment"
		},
		"components": {
			"minecraft:creative_category": {
				"parent": "itemGroup.name.pickaxe"
			},
			"minecraft:max_stack_size": 1,
			"minecraft:hand_equipped": true,
			"minecraft:damageable": {
				"max_damage": 131,
				"repair_items": [
					"minecraft:warped_planks",
					"toolvariants:warped_pickaxe"
				]
			},
			"minecraft:mining_speed": 2,
			"minecraft:damage": 2,
			"minecraft:enchantable": {
				"value": 15,
				"slot": "pickaxe"
			},
			"minecraft:digger": {
        "use_efficiency": true,
        "destroy_speeds": [
          {
            "block": {
              "tags": "q.any_tag('stone', 'metal', 'wood_pick_diggable')"
            },
            "speed": 2
          },
          {
            "block": "minecraft:ice",
            "speed": 2
          },
          {
            "block": "minecraft:sandstone",
            "speed": 2
          }
        ]
      },
			"minecraft:weapon": {}
		}
	}
}