{
	"format_version": "1.16.100",
	"minecraft:item": {
		"description": {
			"identifier": "toolvariants:warped_axe",
			"category": "equipment"
		},
		"components": {
			"minecraft:creative_category": {
				"parent": "itemGroup.name.axe"
			},
			"minecraft:max_stack_size": 1,
			"minecraft:hand_equipped": true,
			"minecraft:damageable": {
				"max_damage": 131,
				"repair_items": [
					"minecraft:warped_planks",
					"toolvariants:warped_axe"
				]
			},
			"minecraft:mining_speed": 1,
			"minecraft:damage": 3,
			"minecraft:enchantable": {
				"value": 15,
				"slot": "axe"
			},
		      "minecraft:digger": {
        "use_efficiency": true,
        "destroy_speeds": [
          {
            "block": {
              "tags": "q.any_tag('wood', 'pumpkin', 'plant')"
            },
            "speed": 2
          },
          {
            "block": "minecraft:chest",
            "speed": 2
          },
          {
            "block": "minecraft:melon_block",
            "speed": 2
          }
        ]
      },
			"minecraft:weapon": {}
		}
	}
}