{
	"format_version": "1.16.100",
	"minecraft:item": {
		"description": {
			"identifier": "toolvariants:warped_shovel",
			"category": "equipment"
		},
		"components": {
			"minecraft:creative_category": {
				"parent": "itemGroup.name.shovel"
			},
			"minecraft:max_stack_size": 1,
			"minecraft:hand_equipped": true,
			"minecraft:damageable": {
				"max_damage": 131,
				"repair_items": [
					"minecraft:warped_planks",
					"toolvariants:warped_shovel"
				]
			},
			"minecraft:mining_speed": 1,
			"minecraft:damage": 1,
			"minecraft:enchantable": {
				"value": 15,
				"slot": "shovel"
			},
      "minecraft:digger": {
        "use_efficiency": true,
        "destroy_speeds": [
          {
            "block": {
              "tags": "q.any_tag('dirt', 'sand', 'gravel', 'grass', 'snow')"
            },
            "speed": 2
          }
        ]
      },
			"minecraft:weapon": {}
		}
	}
}