{
  "namespace": "how_to_play",

  "how_to_play_screen@how_to_play_common.screen_base": {
    "$selector_stack_panel": "how_to_play.selector_stack_panel",
    "$section_content_panels": "how_to_play.section_content_panels",
    "$header_safezone_control": "common_store.store_top_bar_filler",
    "$header_bar_control": "common_store.store_top_bar",
    "$is_full_screen_layout": true,
    "$fill_alpha": 1.0
  },
  "selector_stack_panel": {
    "$default_selector_toggle_index": 1,
    "anchor_from": "top_left",
    "anchor_to": "top_left",
    "orientation": "vertical",
    "type": "stack_panel",
    "controls": [
      {
        "how_to_play_selector_pane": {
          "type": "stack_panel",
          "controls": [
            {
              "padding_0": {
                "size": [ 0, 6 ],
                "type": "panel"
              }
            },
            { 
              "slash_blade_category@how_to_play_common.topic_category": { 
                "$category": "slash_blade" 
              } 
            },
            {
              "creator_button@how_to_play.creator_button": {
                "$toggle_group_forced_index": 1
              }
            },
            {
              "padding_1@how_to_play_common.padding": {
                "size": [ 0, 10 ]
              }
            }
          ]
        }
      }
    ]
  },
  "section_content_panels": {
    "anchor_from": "top_left",
    "anchor_to": "top_left",
    "offset": [ 2, 0 ],
    "size": [ "100% - 5px", "100%c + 5px" ],
    "type": "stack_panel",
    "controls": [
      {
        "general_tips_sections": {
          "type": "stack_panel",
          "controls": [
            {
              "creator_section@how_to_play.creator_section": {}
            }
          ]
        }
      }
    ]
  }, "creator_button@how_to_play_common.section_toggle_button": {
    "$section_topic": "creator"
  },
  "creator_section@how_to_play_common.main_sections": {
    "bindings": [
      {
        "binding_type": "view",
        "source_control_name": "creator_button_toggle",
        "source_property_name": "#toggle_state",
        "target_property_name": "#visible"
      }
    ],
    "controls": [
      {
        "header_0@how_to_play_common.header": {
          "$text": "制作者一覧 List Of Creators"
        }
      },
      {
        "padding_0@how_to_play_common.padding": {}
      },
      {
        "paragraph_0@how_to_play_common.paragraph": {
          "$text": "抜刀剣アドオン 制作者
Slash Blade Addon Creators"
        }
      },
      {
        "paragraph_note0@how_to_play_common.paragraph": {
          "$text": "tunekeshi 2304
aesu12
Oubi"
        }
      },
      {
        "image_0@how_to_play_common.image": {
          "texture": "textures/ui/title"
        }
      }
    ]
  }
}
