{
	"format_version": "1.16.100",
	"minecraft:item": {
		"description": {
			"identifier": "tool:wooden_aiot",
			"category": "equipment"
		},
		"components": {
			"minecraft:creative_category": {
				"parent": "itemGroup.name.aiot"
			},
			"minecraft:max_stack_size": 1,
			"minecraft:hand_equipped": true,
			"minecraft:display_name": {"value":"Wooden AIOT"},
			"minecraft:durability": {
				"max_durability": 223
			},
			"minecraft:repairable": {
				"repair_items": [
					{
						"items":[
							"minecraft:oak_planks",
							"minecraft:acacia_planks",
							"minecraft:dark_oak_planks",
							"minecraft:jungle_planks",
							"minecraft:birch_planks",
							"tool:wooden_aiot"
						]
					}
				]
			},
			"minecraft:mining_speed": 2,
			"minecraft:damage": 5,
			"minecraft:weapon": {},
			"minecraft:enchantable":{
				"value": 15,
				"slot": "pickaxe"
			},
			"minecraft:use_on": {
				"blocks": [
					"log",
					"log2",
					"wood",
					"grass",
					"dirt",
					"grass_path"
				]
			},
			"minecraft:digger": {
				"use_efficiency": true,
                "destroy_speeds": [
					{
						"block": {
							"tags": "q.any_tag('wood', 'pumpkin', 'plant','dirt', 'sand', 'gravel', 'grass', 'snow','stone', 'metal', 'wooden_pick_diggable')"
					},
						 "speed": 2
					},
					{
						"block": "minecraft:stone",
						"speed": 2
					},
					{
						"block": "minecraft:sandstone",
						"speed": 2
					},
					{
						"block": "minecraft:ice",
						"speed": 2
					},
					{
						"block": "minecraft:blue_ice",
						"speed": 2
					},
					{
						"block": "minecraft:packed_ice",
						"speed": 2
					},
					{
						"block": "minecraft:chest",
						"speed": 2
					},
					{
						"block": "minecraft:log",
						"speed": 2
					},
					{
						"block": "minecraft:log2",
						"speed": 2
					},
					{
						"block": "minecraft:wood",
						"speed": 2
					},
					{
						"block": "minecraft:wooden_slab",
						"speed": 2
					},
					{
						"block": "minecraft:planks",
						"speed": 2
					},
					{
						"block": "minecraft:sand",
						"speed": 2
					},
					{
						"block": "minecraft:grass",
						"speed": 2
					},
					{
						"block": "minecraft:gravel",
						"speed": 2
					},
					{
						"block": "minecraft:dirt",
						"speed": 2
					},
					{
						"block": "minecraft:melon_block",
						"speed": 2
					},

					//start

					{
						"block": "minecraft:ender_chest",
						"speed": 2
					},
					{
						"block": "minecraft:anvil",
						"speed": 2
					},
					{
						"block": "minecraft:coal_block",
						"speed": 2
					},
					{
						"block": "minecraft:redstone_block",
						"speed": 2
					},
					{
						"block": "minecraft:enchanting_table",
						"speed": 2
					},
					{
						"block": "minecraft:iron_bars",
						"speed": 2
					},
					{
						"block": "minecraft:iron_door",
						"speed": 2
					},
					{
						"block": "minecraft:iron_trapdoor",
						"speed": 2
					},
					{
						"block": "minecraft:mob_spawner",
						"speed": 2
					},
					{
						"block": "minecraft:bell",
						"speed": 2
					},
					{
						"block": "minecraft:dispenser",
						"speed": 2
					},
					{
						"block": "minecraft:dropper",
						"speed": 2
					},
					{
						"block": "minecraft:observer",
						"speed": 2
					},
					{
						"block": "minecraft:furnace",
						"speed": 2
					},
					{
						"block": "minecraft:blast_furnace",
						"speed": 2
					},
					{
						"block": "minecraft:smoker",
						"speed": 2
					},
					{
						"block": "minecraft:stonecutter_block",
						"speed": 2
					},
					{
						"block": "minecraft:lodestone",
						"speed": 2
					},
					{
						"block": "minecraft:lantern",
						"speed": 2
					},
					{
						"block": "minecraft:conduit",
						"speed": 2
					},
					{
						"block": "minecraft:coal_ore",
						"speed": 2
					},
					{
						"block": "minecraft:end_stone",
						"speed": 2
					},
					{
						"block": "minecraft:hopper",
						"speed": 2
					},
					{
						"block": "minecraft:quartz_ore",
						"speed": 2
					},
					{
						"block": "minecraft:nether_gold_ore",
						"speed": 2
					},
					{
						"block": "minecraft:grindstone",
						"speed": 2
					},
					{
						"block": "minecraft:bone_block",
						"speed": 2
					},
					{
						"block": "minecraft:brick_stairs",
						"speed": 2
					},
					{
						"block": "minecraft:brick_block",
						"speed": 2
					},
					{
						"block": "minecraft:cauldron",
						"speed": 2
					},
					{
						"block": "minecraft:cobblestone",
						"speed": 2
					},
					{
						"block": "minecraft:stone_stairs",
						"speed": 2
					},
					{
						"block": "minecraft:cobblestone_wall",
						"speed": 2
					},
					{
						"block": "minecraft:mossy_cobblestone",
						"speed": 2
					},
					{
						"block": "minecraft:nether_brick",
						"speed": 2
					},
					{
						"block": "minecraft:red_nether_brick",
						"speed": 2
					},
					{
						"block": "minecraft:nether_brick_fence",
						"speed": 2
					},
					{
						"block": "minecraft:nether_brick_stairs",
						"speed": 2
					},
					{
						"block": "minecraft:stone_slab",
						"speed": 2
					},
					{
						"block": "minecraft:polished_blackstone",
						"speed": 2
					},
					{
						"block": "minecraft:concrete",
						"speed": 2
					},
					{
						"block": "minecraft:shulker_box",
						"speed": 2
					},
					{
						"block": "minecraft:prismarine",
						"speed": 2
					},
					{
						"block": "minecraft:smooth_stone",
						"speed": 2
					},
					{
						"block": "minecraft:purpur_block",
						"speed": 2
					},
					{
						"block": "minecraft:stonebrick",
						"speed": 2
					},
					{
						"block": "minecraft:stone_brick_stairs",
						"speed": 2
					},
					{
						"block": "minecraft:blackstone",
						"speed": 2
					},
					{
						"block": "minecraft:chiseled_polished_blackstone",
						"speed": 2
					},
					{
						"block": "minecraft:polished_blackstone_bricks",
						"speed": 2
					},
					{
						"block": "minecraft:gilded_blackstone",
						"speed": 2
					},
					{
						"block": "minecraft:black_glazed_terracotta",
						"speed": 2
					},
					{
						"block": "minecraft:blue_glazed_terracotta",
						"speed": 2
					},
					{
						"block": "minecraft:brown_glazed_terracotta",
						"speed": 2
					},
					{
						"block": "minecraft:cyan_glazed_terracotta",
						"speed": 2
					},
					{
						"block": "minecraft:gray_glazed_terracotta",
						"speed": 2
					},
					{
						"block": "minecraft:green_glazed_terracotta",
						"speed": 2
					},
					{
						"block": "minecraft:light_blue_glazed_terracotta",
						"speed": 2
					},
					{
						"block": "minecraft:lime_glazed_terracotta",
						"speed": 2
					},
					{
						"block": "minecraft:magenta_glazed_terracotta",
						"speed": 2
					},
					{
						"block": "minecraft:orange_glazed_terracotta",
						"speed": 2
					},
					{
						"block": "minecraft:pink_glazed_terracotta",
						"speed": 2
					},
					{
						"block": "minecraft:purple_glazed_terracotta",
						"speed": 2
					},
					{
						"block": "minecraft:red_glazed_terracotta",
						"speed": 2
					},
					{
						"block": "minecraft:silver_glazed_terracotta",
						"speed": 2
					},
					{
						"block": "minecraft:white_glazed_terracotta",
						"speed": 2
					},
					{
						"block": "minecraft:yellow_glazed_terracotta",
						"speed": 2
					},
					{
						"block": "minecraft:hardened_clay",
						"speed": 2
					},
					{
						"block": "minecraft:stained_hardened_clay",
						"speed": 2
					},
					{
						"block": "minecraft:basalt",
						"speed": 2
					},
					{
						"block": "minecraft:quartz_block",
						"speed": 2
					},
					{
						"block": "minecraft:quartz_stairs",
						"speed": 2
					},
					{
						"block": "minecraft:red_sandstone",
						"speed": 2
					},
					{
						"block": "minecraft:red_sandstone_stairs",
						"speed": 2
					},
					{
						"block": "minecraft:sandstone_stairs",
						"speed": 2
					},
					{
						"block": "minecraft:crimson_nylium",
						"speed": 2
					},
					{
						"block": "minecraft:warped_nylium",
						"speed": 2
					},
					{
						"block": "minecraft:rail",
						"speed": 2
					},
					{
						"block": "minecraft:brewing_stand",
						"speed": 2
					},
					{
						"block": "minecraft:magma",
						"speed": 2
					},
					{
						"block": "minecraft:stone_pressure_plate",
						"speed": 2
					},
					{
						"block": "minecraft:polished_blackstone_pressure_plate",
						"speed": 2
					},
					{
						"block": "minecraft:end_rod",
						"speed": 2
					},
					{
						"block": "minecraft:nether_wart_block",
						"speed": 2
					},
					{
						"block": "minecraft:warped_wart_block",
						"speed": 2
					},
					{
						"block": "minecraft:shroomlight",
						"speed": 2
					},
					{
						"block": "minecraft:hay_block",
						"speed": 2
					},
					{
						"block": "minecraft:target",
						"speed": 2
					},
					{
						"block": "minecraft:dried_kelp_block",
						"speed": 2
					},
					{
						"block": "minecraft:sponge",
						"speed": 2
					},
					{
						"block": "minecraft:leaves",
						"speed": 2
					},
					{
						"block": "minecraft:clay",
						"speed": 2
					},
					{
						"block": "minecraft:soul_sand",
						"speed": 2
					},
					{
						"block": "minecraft:soul_soil",
						"speed": 2
					},
					{
						"block": "minecraft:concretepowder",
						"speed": 2
					},
					{
						"block": "minecraft:snow",
						"speed": 2
					},
					{
						"block": "minecraft:snow_layer",
						"speed": 2
					},
					{
						"block": "minecraft:smithing_table",
						"speed": 2
					},
					{
						"block": "minecraft:red_mushroom_block",
						"speed": 2
					},
					{
						"block": "minecraft:brown_mushroom_block",
						"speed": 2
					},
					{
						"block": "minecraft:brown_mushroom_block",
						"speed": 2
					},
					{
						"block": "minecraft:brown_mushroom_block",
						"speed": 2
					},
					{
						"block": "minecraft:noteblock",
						"speed": 2
					},
					{
						"block": "minecraft:warped_stem",
						"speed": 2
					},
					{
						"block": "minecraft:crimson_stem",
						"speed": 2
					},
					{
						"block": "",
						"speed": 2
					},
					{
						"block": "minecraft:netherrack",
						"speed": 2
					},

					//end

					{
						"block": "minecraft:web",
						"speed": 15
					},
					{
						"block": "minecraft:bamboo",
						"speed": 10
					}
				]
			},
			"minecraft:icon": {
				"texture": "wooden_aiot"
			},
			"tag:minecraft:is_axe": {},
			"tag:minecraft:is_hoe": {},
			"tag:minecraft:is_pickaxe": {},
			"tag:minecraft:is_sword": {},
			"tag:minecraft:is_shovel": {}	
		}
	}
}