{
    "format_version": "1.16",
    "minecraft:recipe_shaped": {
        "description": {
            "identifier": "minecraft:wooden_shovel_from_warped_planks"
        },
        "tags": [
            "crafting_table"
        ],
        "pattern": [
            "A",
            "B",
            "B"
        ],
        "key": {
            "A": {
                "item": "warped_planks"
            },
            "B": {
                "item": "stick"
            }
        },
        "result": {
            "item": "toolvariants:warped_shovel",
            "count": 1
        },
        "priority": 2
    }
}